,Dates,High,Low,Last
0,2011-03-01,0.1797,0.1778,0.1793
1,2011-04-01,0.1802,0.1784,0.1786
2,2011-05-01,0.1788,0.1761,0.1765
3,2011-06-01,0.1767,0.1745,0.1745
4,2011-07-01,0.1748,0.1732,0.1733
5,2011-10-01,0.174,0.1728,0.1739
6,2011-11-01,0.1744,0.1732,0.1741
7,2011-12-01,0.1764,0.174,0.1763
8,2011-01-13,0.1796,0.1757,0.1794
9,2011-01-14,0.1806,0.1787,0.1797
10,2011-01-17,0.1796,0.1778,0.1784
11,2011-01-18,0.1807,0.1779,0.1797
12,2011-01-19,0.1817,0.1794,0.1808
13,2011-01-20,0.1815,0.1798,0.1808
14,2011-01-21,0.1828,0.1805,0.1827
15,2011-01-24,0.1836,0.1817,0.183
16,2011-01-25,0.1839,0.1821,0.1836
17,2011-01-26,0.1841,0.183,0.184
18,2011-01-27,0.1846,0.183,0.1842
19,2011-01-28,0.1844,0.1822,0.1826
20,2011-01-31,0.1843,0.1821,0.1837
21,2011-01-02,0.1857,0.1837,0.1855
22,2011-02-02,0.1859,0.1847,0.1853
23,2011-03-02,0.1855,0.1826,0.1829
24,2011-04-02,0.1833,0.1817,0.1822
25,2011-07-02,0.1828,0.1812,0.1822
26,2011-08-02,0.1836,0.1821,0.1828
27,2011-09-02,0.1843,0.1826,0.1842
28,2011-10-02,0.1842,0.1821,0.1824
29,2011-11-02,0.1827,0.18100000000000002,0.1818
30,2011-02-14,0.1818,0.1801,0.1809
31,2011-02-15,0.1817,0.1805,0.1809
32,2011-02-16,0.1822,0.1806,0.182
33,2011-02-17,0.1827,0.1816,0.1826
34,2011-02-18,0.184,0.1817,0.1837
35,2011-02-21,0.184,0.1831,0.1835
36,2011-02-22,0.1838,0.1814,0.1831
37,2011-02-23,0.1849,0.1831,0.1844
38,2011-02-24,0.1854,0.1838,0.1851
39,2011-02-25,0.1856,0.1841,0.1844
40,2011-02-28,0.1858,0.1839,0.1851
41,2011-01-03,0.1858,0.1846,0.1848
42,2011-02-03,0.1863,0.1843,0.18600000000000003
43,2011-03-03,0.1874,0.1855,0.1873
44,2011-04-03,0.1878,0.187,0.1876
45,2011-07-03,0.1882,0.1872,0.1873
46,2011-08-03,0.1876,0.1859,0.1864
47,2011-09-03,0.1869,0.1858,0.1865
48,2011-10-03,0.1867,0.1847,0.185
49,2011-11-03,0.1866,0.1844,0.1864
50,2011-03-14,0.1877,0.1864,0.1876
51,2011-03-15,0.1879,0.1858,0.1877
52,2011-03-16,0.1877,0.1859,0.1864
53,2011-03-17,0.1884,0.1859,0.188
54,2011-03-18,0.1902,0.1875,0.1902
55,2011-03-21,0.191,0.1896,0.1908
56,2011-03-22,0.1911,0.1901,0.1904
57,2011-03-23,0.1906,0.1889,0.1889
58,2011-03-24,0.1907,0.1885,0.1901
59,2011-03-25,0.1903,0.1885,0.1889
60,2011-03-28,0.1893,0.188,0.1889
61,2011-03-29,0.1897,0.1884,0.1893
62,2011-03-30,0.1897,0.1884,0.1894
63,2011-03-31,0.1909,0.1893,0.1899
64,2011-01-04,0.191,0.1886,0.1909
65,2011-04-04,0.1914,0.1903,0.1907
66,2011-05-04,0.191,0.1898,0.1907
67,2011-06-04,0.1924,0.1906,0.1922
68,2011-07-04,0.1922,0.191,0.1919
69,2011-08-04,0.1943,0.1916,0.1942
70,2011-11-04,0.1942,0.1934,0.1936
71,2011-12-04,0.1947,0.1928,0.1941
72,2011-04-13,0.1947,0.1933,0.1936
73,2011-04-14,0.1946,0.1926,0.1942
74,2011-04-15,0.1944,0.193,0.1935
75,2011-04-18,0.1934,0.1898,0.1909
76,2011-04-19,0.1924,0.1904,0.1922
77,2011-04-20,0.1951,0.1921,0.1947
78,2011-04-21,0.1964,0.1945,0.1951
79,2011-04-22,0.1956,0.1949,0.1953
80,2011-04-25,0.1961,0.1948,0.1955
81,2011-04-26,0.1966,0.1943,0.1964
82,2011-04-27,0.1984,0.1963,0.1983
83,2011-04-28,0.1996,0.1981,0.1988
84,2011-04-29,0.1995,0.1985,0.1985
85,2011-02-05,0.1998,0.198,0.1989
86,2011-03-05,0.1997,0.1979,0.1988
87,2011-04-05,0.2004,0.1981,0.1988
88,2011-05-05,0.1998,0.1946,0.195
89,2011-06-05,0.1956,0.192,0.192
90,2011-09-05,0.1937,0.1912,0.1926
91,2011-10-05,0.1933,0.1914,0.1932
92,2011-11-05,0.1934,0.1901,0.1903
93,2011-12-05,0.1915,0.1894,0.1911
94,2011-05-13,0.1923,0.1887,0.1894
95,2011-05-16,0.191,0.1884,0.1898
96,2011-05-17,0.1909,0.1894,0.1909
97,2011-05-18,0.1916,0.1903,0.1911
98,2011-05-19,0.1921,0.1905,0.1918
99,2011-05-20,0.1924,0.1895,0.1898
100,2011-05-23,0.1897,0.1873,0.1884
101,2011-05-24,0.1895,0.1878,0.1891
102,2011-05-25,0.1893,0.1879,0.1889
103,2011-05-26,0.1905,0.1887,0.1897
104,2011-05-27,0.1921,0.1894,0.192
105,2011-05-30,0.1922,0.1912,0.1916
106,2011-05-31,0.1934,0.1915,0.1931
107,2011-01-06,0.1939,0.1921,0.1922
108,2011-02-06,0.1947,0.1919,0.1944
109,2011-03-06,0.1964,0.1938,0.1963
110,2011-06-06,0.1966,0.1952,0.1955
111,2011-07-06,0.1971,0.1953,0.19699999999999998
112,2011-08-06,0.1971,0.1953,0.1955
113,2011-09-06,0.1964,0.1941,0.1946
114,2011-10-06,0.1951,0.192,0.1923
115,2011-06-13,0.1935,0.1917,0.1932
116,2011-06-14,0.1944,0.1928,0.1936
117,2011-06-15,0.1937,0.1898,0.1901
118,2011-06-16,0.1907,0.1887,0.1904
119,2011-06-17,0.1922,0.1894,0.1918
120,2011-06-20,0.1921,0.1902,0.1918
121,2011-06-21,0.1934,0.1918,0.1932
122,2011-06-22,0.1936,0.1923,0.1925
123,2011-06-23,0.1925,0.1894,0.1911
124,2011-06-24,0.1918,0.1896,0.1902
125,2011-06-27,0.1917,0.1891,0.1916
126,2011-06-28,0.193,0.1909,0.1927
127,2011-06-29,0.1937,0.1922,0.1935
128,2011-06-30,0.1949,0.1934,0.1944
129,2011-01-07,0.1951,0.1935,0.1947
130,2011-04-07,0.1954,0.1943,0.1949
131,2011-05-07,0.1951,0.193,0.1934
132,2011-06-07,0.1939,0.1915,0.192
133,2011-07-07,0.1927,0.1907,0.1926
134,2011-08-07,0.1927,0.1905,0.1912
135,2011-11-07,0.1917,0.1875,0.1881
136,2011-12-07,0.1885,0.1855,0.1874
137,2011-07-13,0.1903,0.1871,0.19
138,2011-07-14,0.1915,0.1893,0.1896
139,2011-07-15,0.1904,0.18899999999999997,0.1899
140,2011-07-18,0.1899,0.1879,0.1893
141,2011-07-19,0.1907,0.1887,0.1899
142,2011-07-20,0.191,0.1896,0.1907
143,2011-07-21,0.1936,0.1897,0.1935
144,2011-07-22,0.1937,0.1922,0.1926
145,2011-07-25,0.1934,0.1922,0.1929
146,2011-07-26,0.1949,0.1926,0.1947
147,2011-07-27,0.195,0.1924,0.1928
148,2011-07-28,0.1933,0.1913,0.1924
149,2011-07-29,0.1935,0.191,0.1933
150,2011-01-08,0.19399999999999998,0.1904,0.1913
151,2011-02-08,0.1918,0.19,0.1907
152,2011-03-08,0.1926,0.1899,0.1923
153,2011-04-08,0.193,0.1892,0.1892
154,2011-05-08,0.1919,0.1887,0.1917
155,2011-08-08,0.1937,0.1897,0.1903
156,2011-09-08,0.193,0.19,0.1929
157,2011-10-08,0.1933,0.1901,0.1903
158,2011-11-08,0.1919,0.1893,0.1912
159,2011-12-08,0.1919,0.19,0.1913
160,2011-08-15,0.1943,0.191,0.1939
161,2011-08-16,0.1943,0.1927,0.1934
162,2011-08-17,0.1949,0.1923,0.1936
163,2011-08-18,0.19399999999999998,0.1916,0.1924
164,2011-08-19,0.19399999999999998,0.1914,0.1933
165,2011-08-22,0.1938,0.1926,0.1928
166,2011-08-23,0.1946,0.1927,0.1938
167,2011-08-24,0.1944,0.193,0.1935
168,2011-08-25,0.1943,0.1923,0.193
169,2011-08-26,0.1946,0.1923,0.1946
170,2011-08-29,0.1953,0.1942,0.1948
171,2011-08-30,0.1951,0.1931,0.1938
172,2011-08-31,0.1942,0.1927,0.1929
173,2011-01-09,0.1931,0.191,0.1914
174,2011-02-09,0.1918,0.1904,0.1907
175,2011-05-09,0.1903,0.1888,0.1893
176,2011-06-09,0.1915,0.1876,0.1879
177,2011-07-09,0.19,0.1879,0.1893
178,2011-08-09,0.1893,0.1863,0.1864
179,2011-09-09,0.1871,0.183,0.1834
180,2011-12-09,0.1839,0.1812,0.1837
181,2011-09-13,0.1845,0.182,0.1836
182,2011-09-14,0.1851,0.1825,0.1847
183,2011-09-15,0.1871,0.184,0.1863
184,2011-09-16,0.1865,0.1847,0.1853
185,2011-09-19,0.1844,0.1824,0.1838
186,2011-09-20,0.1846,0.1825,0.184
187,2011-09-21,0.1853,0.1821,0.1823
188,2011-09-22,0.1826,0.1798,0.1809
189,2011-09-23,0.1822,0.1803,0.1814
190,2011-09-26,0.1825,0.1795,0.1819
191,2011-09-27,0.1837,0.1811,0.1825
192,2011-09-28,0.184,0.1818,0.182
193,2011-09-29,0.1838,0.1817,0.1827
194,2011-09-30,0.1828,0.1798,0.1799
195,2011-03-10,0.1798,0.1769,0.177
196,2011-04-10,0.1796,0.1766,0.1794
197,2011-05-10,0.1798,0.1782,0.1793
198,2011-06-10,0.1807,0.1779,0.1805
199,2011-07-10,0.1817,0.1795,0.1797
200,2011-10-10,0.184,0.1793,0.1833
201,2011-11-10,0.1838,0.1823,0.1832
202,2011-12-10,0.1858,0.1825,0.1852
203,2011-10-13,0.1857,0.1838,0.1851
204,2011-10-14,0.1866,0.1843,0.1864
205,2011-10-17,0.1869,0.1843,0.1845
206,2011-10-18,0.1856,0.1834,0.1847
207,2011-10-19,0.1863,0.1843,0.1848
208,2011-10-20,0.1859,0.1834,0.1851
209,2011-10-21,0.1867,0.1841,0.1866
210,2011-10-24,0.1874,0.1857,0.1871
211,2011-10-25,0.1875,0.18600000000000003,0.1868
212,2011-10-26,0.1877,0.1854,0.1868
213,2011-10-27,0.1914,0.1863,0.1906
214,2011-10-28,0.1908,0.1899,0.1901
215,2011-10-31,0.1904,0.1858,0.1862
216,2011-01-11,0.1864,0.1829,0.1842
217,2011-02-11,0.1858,0.1833,0.1848
218,2011-03-11,0.1862,0.1835,0.1857
219,2011-04-11,0.1863,0.1842,0.1853
220,2011-07-11,0.1859,0.1838,0.185
221,2011-08-11,0.18600000000000003,0.1844,0.1858
222,2011-09-11,0.1862,0.1817,0.1819
223,2011-10-11,0.1835,0.1811,0.1828
224,2011-11-11,0.1853,0.1825,0.1848
225,2011-11-14,0.1856,0.1826,0.1832
226,2011-11-15,0.1833,0.1813,0.1819
227,2011-11-16,0.1822,0.1804,0.1809
228,2011-11-17,0.1819,0.1803,0.1808
229,2011-11-18,0.1829,0.1807,0.1817
230,2011-11-21,0.1819,0.1805,0.1813
231,2011-11-22,0.1823,0.18100000000000002,0.1815
232,2011-11-23,0.1818,0.1791,0.1794
233,2011-11-24,0.1804,0.1791,0.1795
234,2011-11-25,0.1796,0.1777,0.17800000000000002
235,2011-11-28,0.1801,0.1785,0.1791
236,2011-11-29,0.1807,0.1786,0.1791
237,2011-11-30,0.182,0.1783,0.1808
238,2011-01-12,0.1819,0.1805,0.1811
239,2011-02-12,0.1823,0.1797,0.1801
240,2011-05-12,0.1814,0.1799,0.1802
241,2011-06-12,0.1806,0.1793,0.1803
242,2011-07-12,0.18100000000000002,0.1796,0.1804
243,2011-08-12,0.18100000000000002,0.1787,0.1794
244,2011-09-12,0.1807,0.1787,0.18
245,2011-12-12,0.18,0.177,0.1773
246,2011-12-13,0.17800000000000002,0.1749,0.1753
247,2011-12-14,0.1757,0.1742,0.1747
248,2011-12-15,0.1756,0.1744,0.1751
249,2011-12-16,0.17600000000000002,0.1748,0.1756
250,2011-12-19,0.1756,0.1747,0.1749
251,2011-12-20,0.1767,0.1748,0.17600000000000002
252,2011-12-21,0.1775,0.1752,0.1755
253,2011-12-22,0.1765,0.1751,0.1755
254,2011-12-23,0.1762,0.1752,0.1755
255,2011-12-26,0.17600000000000002,0.1754,0.1757
256,2011-12-27,0.17600000000000002,0.1755,0.1759
257,2011-12-28,0.1759,0.1737,0.1741
258,2011-12-29,0.1744,0.17300000000000001,0.1744
259,2011-12-30,0.1749,0.1736,0.1744
260,2012-02-01,0.1745,0.1738,0.174
261,2012-03-01,0.1758,0.174,0.1755
262,2012-04-01,0.1758,0.1734,0.174
263,2012-05-01,0.1741,0.1717,0.172
264,2012-06-01,0.1723,0.1708,0.1711
265,2012-09-01,0.172,0.1704,0.1717
266,2012-10-01,0.1724,0.1714,0.1718
267,2012-11-01,0.172,0.1703,0.1709
268,2012-12-01,0.1727,0.1708,0.1723
269,2012-01-13,0.1732,0.1698,0.1705
270,2012-01-16,0.1706,0.1698,0.1704
271,2012-01-17,0.1723,0.1701,0.1713
272,2012-01-18,0.17300000000000001,0.1713,0.17300000000000001
273,2012-01-19,0.1744,0.1727,0.1744
274,2012-01-20,0.1746,0.1733,0.1739
275,2012-01-23,0.1755,0.1732,0.175
276,2012-01-24,0.1757,0.1742,0.1753
277,2012-01-25,0.1765,0.1739,0.1763
278,2012-01-26,0.1773,0.1761,0.1763
279,2012-01-27,0.17800000000000002,0.1759,0.1778
280,2012-01-30,0.17800000000000002,0.1759,0.1768
281,2012-01-31,0.1778,0.1754,0.17600000000000002
282,2012-01-02,0.1778,0.1752,0.177
283,2012-02-02,0.1775,0.17600000000000002,0.1768
284,2012-03-02,0.1777,0.1758,0.177
285,2012-06-02,0.1768,0.1752,0.1766
286,2012-07-02,0.1785,0.1761,0.1784
287,2012-08-02,0.1788,0.1779,0.1784
288,2012-09-02,0.1792,0.1778,0.1788
289,2012-10-02,0.1788,0.177,0.1776
290,2012-02-13,0.1787,0.1774,0.1774
291,2012-02-14,0.1778,0.17600000000000002,0.1767
292,2012-02-15,0.1775,0.1755,0.1758
293,2012-02-16,0.177,0.1746,0.1767
294,2012-02-17,0.1775,0.1764,0.1768
295,2012-02-20,0.1786,0.1772,0.1781
296,2012-02-21,0.1788,0.1774,0.17800000000000002
297,2012-02-22,0.1784,0.1777,0.1782
298,2012-02-23,0.1799,0.1779,0.1798
299,2012-02-24,0.1814,0.1796,0.1809
300,2012-02-27,0.1813,0.1798,0.1802
301,2012-02-28,0.1812,0.1801,0.18100000000000002
302,2012-02-29,0.1814,0.1791,0.1792
303,2012-01-03,0.1797,0.1787,0.179
304,2012-02-03,0.1793,0.1774,0.1775
305,2012-05-03,0.1781,0.177,0.1778
306,2012-06-03,0.1779,0.1763,0.1764
307,2012-07-03,0.1771,0.1762,0.1769
308,2012-08-03,0.1788,0.1767,0.1786
309,2012-09-03,0.1786,0.1761,0.1765
310,2012-12-03,0.177,0.1759,0.1769
311,2012-03-13,0.1774,0.1756,0.17600000000000002
312,2012-03-14,0.1761,0.175,0.1753
313,2012-03-15,0.1765,0.1749,0.1759
314,2012-03-16,0.1773,0.1755,0.1772
315,2012-03-19,0.1784,0.1767,0.17800000000000002
316,2012-03-20,0.1782,0.1772,0.1779
317,2012-03-21,0.1787,0.1772,0.1777
318,2012-03-22,0.1783,0.1766,0.1775
319,2012-03-23,0.1788,0.1774,0.1785
320,2012-03-26,0.1798,0.1774,0.1797
321,2012-03-27,0.18,0.179,0.179
322,2012-03-28,0.1799,0.1785,0.1791
323,2012-03-29,0.1795,0.1782,0.1788
324,2012-03-30,0.1798,0.1787,0.1793
325,2012-02-04,0.1798,0.1785,0.179
326,2012-03-04,0.1797,0.1776,0.1779
327,2012-04-04,0.1779,0.1762,0.1766
328,2012-05-04,0.1769,0.1752,0.1756
329,2012-06-04,0.1762,0.1754,0.17600000000000002
330,2012-09-04,0.1765,0.1752,0.1761
331,2012-10-04,0.1767,0.1755,0.1759
332,2012-11-04,0.1769,0.1757,0.1763
333,2012-12-04,0.1776,0.1761,0.1773
334,2012-04-13,0.1775,0.1757,0.1758
335,2012-04-16,0.1767,0.1747,0.1767
336,2012-04-17,0.1771,0.17600000000000002,0.1765
337,2012-04-18,0.1767,0.1755,0.1764
338,2012-04-19,0.177,0.1757,0.1766
339,2012-04-20,0.1778,0.1765,0.1777
340,2012-04-23,0.1776,0.1761,0.1768
341,2012-04-24,0.1777,0.1767,0.1774
342,2012-04-25,0.1779,0.1771,0.1777
343,2012-04-26,0.1783,0.1774,0.1777
344,2012-04-27,0.1784,0.1769,0.1782
345,2012-04-30,0.1783,0.1776,0.17800000000000002
346,2012-01-05,0.1786,0.1775,0.17800000000000002
347,2012-02-05,0.17800000000000002,0.1764,0.1769
348,2012-03-05,0.1772,0.1761,0.1768
349,2012-04-05,0.1772,0.1759,0.1759
350,2012-07-05,0.1759,0.1742,0.1755
351,2012-08-05,0.1757,0.1746,0.1749
352,2012-09-05,0.175,0.1737,0.1739
353,2012-10-05,0.1746,0.1739,0.174
354,2012-11-05,0.1743,0.1736,0.1738
355,2012-05-14,0.1738,0.1725,0.1725
356,2012-05-15,0.1731,0.1712,0.1713
357,2012-05-16,0.1716,0.1706,0.1711
358,2012-05-17,0.1715,0.1704,0.1708
359,2012-05-18,0.1721,0.1701,0.1719
360,2012-05-21,0.1726,0.1712,0.1725
361,2012-05-22,0.1725,0.1703,0.1707
362,2012-05-23,0.1707,0.1688,0.1693
363,2012-05-24,0.1698,0.1684,0.1686
364,2012-05-25,0.1696,0.1682,0.1685
365,2012-05-28,0.1699,0.1686,0.1688
366,2012-05-29,0.1692,0.1677,0.1683
367,2012-05-30,0.1683,0.1664,0.1664
368,2012-05-31,0.1672,0.166,0.1664
369,2012-01-06,0.1676,0.1654,0.1673
370,2012-04-06,0.1684,0.1667,0.1682
371,2012-05-06,0.1688,0.16699999999999998,0.1676
372,2012-06-06,0.1693,0.1674,0.1693
373,2012-07-06,0.1698,0.1687,0.16899999999999998
374,2012-08-06,0.1692,0.1673,0.1684
375,2012-11-06,0.1704,0.1679,0.1679
376,2012-12-06,0.1686,0.1674,0.1682
377,2012-06-13,0.1697,0.1678,0.16899999999999998
378,2012-06-14,0.17,0.1688,0.17
379,2012-06-15,0.1704,0.1694,0.1701
380,2012-06-18,0.1715,0.16899999999999998,0.1692
381,2012-06-19,0.1713,0.1691,0.1706
382,2012-06-20,0.1714,0.17,0.1709
383,2012-06-21,0.1709,0.1686,0.1687
384,2012-06-22,0.1693,0.1684,0.1691
385,2012-06-25,0.16899999999999998,0.1678,0.1682
386,2012-06-26,0.1686,0.1674,0.1681
387,2012-06-27,0.1683,0.1674,0.1677
388,2012-06-28,0.1685,0.1669,0.1674
389,2012-06-29,0.1708,0.1673,0.1704
390,2012-02-07,0.1706,0.1691,0.1692
391,2012-03-07,0.1698,0.1689,0.1696
392,2012-04-07,0.1696,0.1682,0.1685
393,2012-05-07,0.1686,0.1662,0.1665
394,2012-06-07,0.1667,0.1648,0.1652
395,2012-09-07,0.1657,0.1644,0.1655
396,2012-10-07,0.1658,0.1645,0.1647
397,2012-11-07,0.1654,0.1642,0.1646
398,2012-12-07,0.1647,0.1636,0.1641
399,2012-07-13,0.1647,0.1635,0.1647
400,2012-07-16,0.1652,0.1637,0.1649
401,2012-07-17,0.1655,0.1638,0.1652
402,2012-07-18,0.1654,0.1642,0.1651
403,2012-07-19,0.1657,0.1644,0.1651
404,2012-07-20,0.1651,0.1632,0.1634
405,2012-07-23,0.1633,0.1622,0.1629
406,2012-07-24,0.1632,0.1619,0.1621
407,2012-07-25,0.1636,0.162,0.1635
408,2012-07-26,0.1657,0.1629,0.1651
409,2012-07-27,0.1666,0.1646,0.1656
410,2012-07-30,0.1659,0.1644,0.1648
411,2012-07-31,0.1657,0.1647,0.1653
412,2012-01-08,0.1658,0.1642,0.1642
413,2012-02-08,0.1667,0.1631,0.1637
414,2012-03-08,0.1665,0.1635,0.1664
415,2012-06-08,0.1672,0.1658,0.1666
416,2012-07-08,0.1671,0.1663,0.1666
417,2012-08-08,0.1666,0.1656,0.1661
418,2012-09-08,0.1664,0.1648,0.1653
419,2012-10-08,0.1655,0.1645,0.1651
420,2012-08-13,0.1662,0.1647,0.1657
421,2012-08-14,0.1664,0.1655,0.1656
422,2012-08-15,0.1658,0.1648,0.1651
423,2012-08-16,0.1662,0.1647,0.166
424,2012-08-17,0.1663,0.165,0.1656
425,2012-08-20,0.1661,0.1651,0.1658
426,2012-08-21,0.1677,0.1658,0.1675
427,2012-08-22,0.1683,0.1669,0.1682
428,2012-08-23,0.16899999999999998,0.1681,0.1687
429,2012-08-24,0.1687,0.1676,0.168
430,2012-08-27,0.1683,0.1677,0.1678
431,2012-08-28,0.1689,0.1674,0.1687
432,2012-08-29,0.1688,0.168,0.1682
433,2012-08-30,0.1686,0.1676,0.1679
434,2012-08-31,0.1696,0.1677,0.1688
435,2012-03-09,0.1693,0.1685,0.16899999999999998
436,2012-04-09,0.1695,0.1685,0.1686
437,2012-05-09,0.1694,0.1678,0.1691
438,2012-06-09,0.1698,0.1686,0.1695
439,2012-07-09,0.172,0.1695,0.172
440,2012-10-09,0.1719,0.1712,0.1712
441,2012-11-09,0.1727,0.1712,0.1725
442,2012-12-09,0.1736,0.172,0.17300000000000001
443,2012-09-13,0.1744,0.1725,0.1742
444,2012-09-14,0.1766,0.1741,0.1761
445,2012-09-17,0.1767,0.1755,0.1759
446,2012-09-18,0.17600000000000002,0.1748,0.175
447,2012-09-19,0.1755,0.1743,0.175
448,2012-09-20,0.1752,0.1733,0.174
449,2012-09-21,0.175,0.1738,0.1741
450,2012-09-24,0.1743,0.1729,0.1734
451,2012-09-25,0.1739,0.1728,0.17300000000000001
452,2012-09-26,0.1732,0.1721,0.1726
453,2012-09-27,0.1734,0.1721,0.1732
454,2012-09-28,0.1738,0.1722,0.1725
455,2012-01-10,0.1735,0.1717,0.1729
456,2012-02-10,0.1739,0.1728,0.1733
457,2012-03-10,0.1735,0.1727,0.1731
458,2012-04-10,0.1748,0.17300000000000001,0.1746
459,2012-05-10,0.1753,0.1743,0.175
460,2012-08-10,0.1747,0.1735,0.1739
461,2012-09-10,0.1742,0.1724,0.1728
462,2012-10-10,0.1731,0.1721,0.1726
463,2012-11-10,0.1736,0.1719,0.1733
464,2012-12-10,0.1742,0.1732,0.1736
465,2012-10-15,0.174,0.1728,0.1736
466,2012-10-16,0.1751,0.1735,0.175
467,2012-10-17,0.1761,0.175,0.1759
468,2012-10-18,0.17600000000000002,0.175,0.1752
469,2012-10-19,0.1753,0.1745,0.1746
470,2012-10-22,0.1754,0.1745,0.1751
471,2012-10-23,0.1753,0.1736,0.1741
472,2012-10-24,0.1742,0.1732,0.1739
473,2012-10-25,0.1746,0.1733,0.1734
474,2012-10-26,0.1737,0.1727,0.1734
475,2012-10-29,0.1738,0.1727,0.17300000000000001
476,2012-10-30,0.174,0.1728,0.1737
477,2012-10-31,0.1745,0.1736,0.1737
478,2012-01-11,0.174,0.1733,0.1735
479,2012-02-11,0.1736,0.1719,0.1721
480,2012-05-11,0.1722,0.1712,0.1715
481,2012-06-11,0.1719,0.1711,0.1718
482,2012-07-11,0.1726,0.1707,0.1712
483,2012-08-11,0.1713,0.1705,0.1709
484,2012-09-11,0.1715,0.1702,0.1704
485,2012-12-11,0.1708,0.1703,0.1704
486,2012-11-13,0.1707,0.1698,0.1703
487,2012-11-14,0.1713,0.1703,0.1708
488,2012-11-15,0.1716,0.1705,0.1714
489,2012-11-16,0.1714,0.1701,0.1708
490,2012-11-19,0.1719,0.1708,0.1718
491,2012-11-20,0.172,0.1711,0.1719
492,2012-11-21,0.1721,0.1708,0.172
493,2012-11-22,0.17300000000000001,0.172,0.1728
494,2012-11-23,0.1742,0.1726,0.174
495,2012-11-26,0.1741,0.1736,0.1739
496,2012-11-27,0.1744,0.1732,0.1735
497,2012-11-28,0.1737,0.1727,0.1736
498,2012-11-29,0.1744,0.1735,0.174
499,2012-11-30,0.1746,0.1738,0.1741
500,2012-03-12,0.1753,0.1739,0.175
501,2012-04-12,0.1757,0.1749,0.1755
502,2012-05-12,0.17600000000000002,0.1751,0.1752
503,2012-06-12,0.1754,0.1736,0.1739
504,2012-07-12,0.1739,0.1726,0.1734
505,2012-10-12,0.1736,0.1728,0.1735
506,2012-11-12,0.1745,0.1733,0.1743
507,2012-12-12,0.1756,0.1742,0.1752
508,2012-12-13,0.1756,0.1748,0.1753
509,2012-12-14,0.1766,0.1751,0.1764
510,2012-12-17,0.1767,0.1762,0.1764
511,2012-12-18,0.1775,0.1763,0.1773
512,2012-12-19,0.1784,0.1773,0.1773
513,2012-12-20,0.1782,0.1768,0.1775
514,2012-12-21,0.1776,0.1764,0.1767
515,2012-12-24,0.1774,0.1765,0.1767
516,2012-12-25,0.177,0.1765,0.1767
517,2012-12-26,0.1777,0.1765,0.1773
518,2012-12-27,0.1781,0.177,0.1775
519,2012-12-28,0.1777,0.1765,0.1772
520,2012-12-31,0.1774,0.1766,0.1768
521,2013-01-01,0.1772,0.1765,0.177
522,2013-02-01,0.1783,0.1764,0.1767
523,2013-03-01,0.1768,0.1749,0.1749
524,2013-04-01,0.1755,0.1743,0.1752
525,2013-07-01,0.1759,0.1745,0.1758
526,2013-08-01,0.1761,0.175,0.1753
527,2013-09-01,0.1755,0.1747,0.1751
528,2013-10-01,0.1779,0.1748,0.1779
529,2013-11-01,0.1791,0.1776,0.1788
530,2013-01-14,0.1796,0.1787,0.1793
531,2013-01-15,0.1795,0.1777,0.1783
532,2013-01-16,0.1786,0.1776,0.1781
533,2013-01-17,0.1794,0.1778,0.1792
534,2013-01-18,0.1795,0.1779,0.1785
535,2013-01-21,0.1786,0.1782,0.1784
536,2013-01-22,0.1792,0.1778,0.1785
537,2013-01-23,0.1789,0.1777,0.1785
538,2013-01-24,0.1795,0.17800000000000002,0.1793
539,2013-01-25,0.1806,0.1789,0.1804
540,2013-01-28,0.1806,0.1799,0.1804
541,2013-01-29,0.1809,0.1798,0.1809
542,2013-01-30,0.1821,0.1807,0.1818
543,2013-01-31,0.1822,0.1815,0.182
544,2013-01-02,0.1838,0.1819,0.1828
545,2013-04-02,0.1831,0.18100000000000002,0.1812
546,2013-05-02,0.1823,0.1804,0.1821
547,2013-06-02,0.1823,0.1809,0.1813
548,2013-07-02,0.182,0.1792,0.1796
549,2013-08-02,0.18,0.179,0.1791
550,2013-11-02,0.18,0.1787,0.1797
551,2013-12-02,0.1806,0.1791,0.1803
552,2013-02-13,0.1812,0.1799,0.1803
553,2013-02-14,0.1803,0.1785,0.1791
554,2013-02-15,0.1795,0.1784,0.1791
555,2013-02-18,0.1794,0.1786,0.179
556,2013-02-19,0.1796,0.1787,0.1795
557,2013-02-20,0.1801,0.1779,0.1781
558,2013-02-21,0.1782,0.1764,0.1768
559,2013-02-22,0.1776,0.1762,0.1769
560,2013-02-25,0.1785,0.1749,0.1751
561,2013-02-26,0.17600000000000002,0.1745,0.1752
562,2013-02-27,0.1763,0.1749,0.1762
563,2013-02-28,0.1765,0.175,0.1751
564,2013-01-03,0.1757,0.1739,0.1746
565,2013-04-03,0.1748,0.1741,0.1747
566,2013-05-03,0.1754,0.1745,0.175
567,2013-06-03,0.1753,0.1739,0.1739
568,2013-07-03,0.17600000000000002,0.1739,0.1758
569,2013-08-03,0.1761,0.1737,0.1744
570,2013-11-03,0.175,0.174,0.1749
571,2013-12-03,0.1753,0.1742,0.1748
572,2013-03-13,0.1752,0.1733,0.1738
573,2013-03-14,0.1748,0.1731,0.1744
574,2013-03-15,0.1757,0.1743,0.1753
575,2013-03-18,0.1743,0.1728,0.1738
576,2013-03-19,0.174,0.1723,0.1728
577,2013-03-20,0.1741,0.1725,0.1735
578,2013-03-21,0.1738,0.1728,0.1731
579,2013-03-22,0.1745,0.1729,0.1743
580,2013-03-25,0.1751,0.1722,0.1725
581,2013-03-26,0.17300000000000001,0.1721,0.1726
582,2013-03-27,0.1726,0.1711,0.1715
583,2013-03-28,0.1723,0.1711,0.1719
584,2013-03-29,0.1722,0.1716,0.1719
585,2013-01-04,0.1726,0.1713,0.1723
586,2013-02-04,0.1727,0.1718,0.172
587,2013-03-04,0.1726,0.1716,0.1724
588,2013-04-04,0.1737,0.171,0.1735
589,2013-05-04,0.1749,0.1731,0.1743
590,2013-08-04,0.1749,0.1739,0.1745
591,2013-09-04,0.1757,0.1745,0.1755
592,2013-10-04,0.17600000000000002,0.1751,0.1753
593,2013-11-04,0.1762,0.1749,0.1757
594,2013-12-04,0.17600000000000002,0.1749,0.1759
595,2013-04-15,0.1759,0.1746,0.1748
596,2013-04-16,0.1771,0.1748,0.1767
597,2013-04-17,0.177,0.1744,0.1748
598,2013-04-18,0.1757,0.1746,0.175
599,2013-04-19,0.1761,0.175,0.1751
600,2013-04-22,0.1756,0.1746,0.1753
601,2013-04-23,0.1755,0.174,0.1743
602,2013-04-24,0.1748,0.1738,0.1746
603,2013-04-25,0.1756,0.1742,0.1745
604,2013-04-26,0.175,0.1742,0.1748
605,2013-04-29,0.1759,0.1747,0.1757
606,2013-04-30,0.1769,0.1751,0.1766
607,2013-01-05,0.1776,0.1765,0.1768
608,2013-02-05,0.1773,0.1749,0.1753
609,2013-03-05,0.1766,0.1749,0.1759
610,2013-06-05,0.1763,0.1751,0.1755
611,2013-07-05,0.1762,0.1753,0.1755
612,2013-08-05,0.177,0.1754,0.1765
613,2013-09-05,0.1768,0.1746,0.175
614,2013-10-05,0.1751,0.1735,0.1742
615,2013-05-13,0.1744,0.1736,0.1741
616,2013-05-14,0.1748,0.1732,0.1733
617,2013-05-15,0.1736,0.1723,0.1729
618,2013-05-16,0.1735,0.1724,0.1728
619,2013-05-17,0.17300000000000001,0.1717,0.1723
620,2013-05-20,0.1731,0.172,0.1729
621,2013-05-21,0.1735,0.1723,0.1732
622,2013-05-22,0.1744,0.1722,0.1725
623,2013-05-23,0.1738,0.172,0.1735
624,2013-05-24,0.1743,0.1731,0.1735
625,2013-05-27,0.1737,0.1733,0.1735
626,2013-05-28,0.1737,0.1724,0.1725
627,2013-05-29,0.1741,0.1723,0.1736
628,2013-05-30,0.1752,0.1735,0.175
629,2013-05-31,0.1752,0.1736,0.1744
630,2013-03-06,0.1758,0.1738,0.1754
631,2013-04-06,0.1758,0.175,0.1755
632,2013-05-06,0.1759,0.1751,0.1756
633,2013-06-06,0.1785,0.1754,0.1777
634,2013-07-06,0.1782,0.1769,0.1773
635,2013-10-06,0.17800000000000002,0.1768,0.1778
636,2013-11-06,0.1786,0.1774,0.1785
637,2013-12-06,0.1791,0.1779,0.1788
638,2013-06-13,0.1795,0.17800000000000002,0.1793
639,2013-06-14,0.1793,0.1783,0.1789
640,2013-06-17,0.1794,0.1786,0.1792
641,2013-06-18,0.1798,0.1787,0.1795
642,2013-06-19,0.1799,0.1778,0.1782
643,2013-06-20,0.1783,0.1765,0.1772
644,2013-06-21,0.1777,0.1756,0.1759
645,2013-06-24,0.1762,0.1751,0.1759
646,2013-06-25,0.1763,0.1752,0.1753
647,2013-06-26,0.1755,0.1741,0.1744
648,2013-06-27,0.175,0.1743,0.1748
649,2013-06-28,0.1757,0.1742,0.1744
650,2013-01-07,0.1752,0.1744,0.1751
651,2013-02-07,0.1753,0.1738,0.174
652,2013-03-07,0.1747,0.1732,0.1744
653,2013-04-07,0.1746,0.1727,0.1731
654,2013-05-07,0.1732,0.1717,0.172
655,2013-08-07,0.1727,0.1717,0.1726
656,2013-09-07,0.1729,0.171,0.1714
657,2013-10-07,0.1741,0.1711,0.174
658,2013-11-07,0.1771,0.1738,0.1756
659,2013-12-07,0.1756,0.1743,0.1752
660,2013-07-15,0.1754,0.1742,0.1752
661,2013-07-16,0.1767,0.175,0.1765
662,2013-07-17,0.1767,0.1754,0.17600000000000002
663,2013-07-18,0.17600000000000002,0.1752,0.1758
664,2013-07-19,0.1764,0.1755,0.1762
665,2013-07-22,0.1772,0.1761,0.1768
666,2013-07-23,0.1775,0.1765,0.1773
667,2013-07-24,0.1777,0.1767,0.177
668,2013-07-25,0.1783,0.1765,0.1781
669,2013-07-26,0.1783,0.1777,0.1781
670,2013-07-29,0.1783,0.1776,0.1779
671,2013-07-30,0.1784,0.1775,0.1779
672,2013-07-31,0.179,0.1772,0.1784
673,2013-01-08,0.1785,0.177,0.1772
674,2013-02-08,0.1783,0.1769,0.1781
675,2013-05-08,0.1784,0.1775,0.1778
676,2013-06-08,0.1787,0.1777,0.1784
677,2013-07-08,0.179,0.1779,0.1788
678,2013-08-08,0.1797,0.1787,0.1794
679,2013-09-08,0.1796,0.1787,0.1789
680,2013-12-08,0.1789,0.17800000000000002,0.1783
681,2013-08-13,0.1785,0.1774,0.1778
682,2013-08-14,0.17800000000000002,0.1775,0.1777
683,2013-08-15,0.1792,0.1771,0.179
684,2013-08-16,0.1794,0.1785,0.1787
685,2013-08-19,0.1794,0.1785,0.1788
686,2013-08-20,0.1804,0.1787,0.1799
687,2013-08-21,0.18,0.1788,0.1791
688,2013-08-22,0.1793,0.1783,0.179
689,2013-08-23,0.1798,0.1788,0.1794
690,2013-08-26,0.1796,0.1791,0.1792
691,2013-08-27,0.1796,0.1786,0.1795
692,2013-08-28,0.1796,0.1784,0.1788
693,2013-08-29,0.1789,0.1772,0.1775
694,2013-08-30,0.1777,0.1766,0.1773
695,2013-02-09,0.1774,0.1767,0.1768
696,2013-03-09,0.1769,0.1761,0.1766
697,2013-04-09,0.1772,0.1764,0.1771
698,2013-05-09,0.1773,0.1758,0.1759
699,2013-06-09,0.1768,0.1757,0.1767
700,2013-09-09,0.17800000000000002,0.1764,0.1777
701,2013-10-09,0.17800000000000002,0.1774,0.1779
702,2013-11-09,0.1787,0.1776,0.1785
703,2013-12-09,0.1787,0.1778,0.1783
704,2013-09-13,0.1786,0.1777,0.1783
705,2013-09-16,0.1795,0.1783,0.1788
706,2013-09-17,0.1793,0.1787,0.1791
707,2013-09-18,0.1816,0.1789,0.1813
708,2013-09-19,0.1819,0.18100000000000002,0.1814
709,2013-09-20,0.1817,0.18100000000000002,0.1814
710,2013-09-23,0.1818,0.1807,0.1809
711,2013-09-24,0.1813,0.1806,0.1807
712,2013-09-25,0.1815,0.1805,0.1814
713,2013-09-26,0.1814,0.1806,0.1809
714,2013-09-27,0.1819,0.1807,0.1813
715,2013-09-30,0.1818,0.1806,0.1814
716,2013-01-10,0.1822,0.1812,0.1814
717,2013-02-10,0.1824,0.1811,0.182
718,2013-03-10,0.1829,0.182,0.1826
719,2013-04-10,0.1827,0.1815,0.1817
720,2013-07-10,0.1822,0.1815,0.1821
721,2013-08-10,0.1824,0.1817,0.182
722,2013-09-10,0.1824,0.1808,0.1813
723,2013-10-10,0.1816,0.1808,0.1813
724,2013-11-10,0.1821,0.1812,0.1816
725,2013-10-14,0.1823,0.1816,0.1818
726,2013-10-15,0.182,0.1807,0.1813
727,2013-10-16,0.1819,0.1806,0.1814
728,2013-10-17,0.1834,0.1812,0.1833
729,2013-10-18,0.1837,0.1831,0.1835
730,2013-10-21,0.1835,0.183,0.1834
731,2013-10-22,0.1849,0.1832,0.1847
732,2013-10-23,0.1849,0.1842,0.1847
733,2013-10-24,0.1853,0.1845,0.185
734,2013-10-25,0.1854,0.1847,0.185
735,2013-10-28,0.1852,0.1847,0.1848
736,2013-10-29,0.1852,0.1842,0.1843
737,2013-10-30,0.1848,0.1836,0.1842
738,2013-10-31,0.1842,0.182,0.1821
739,2013-01-11,0.1822,0.1807,0.1808
740,2013-04-11,0.1813,0.1802,0.1812
741,2013-05-11,0.1813,0.1803,0.1806
742,2013-06-11,0.1816,0.1806,0.1812
743,2013-07-11,0.1814,0.1783,0.1799
744,2013-08-11,0.1802,0.1786,0.1792
745,2013-11-11,0.1799,0.1789,0.1798
746,2013-12-11,0.1804,0.1791,0.1801
747,2013-11-13,0.1809,0.1795,0.1808
748,2013-11-14,0.18100000000000002,0.1799,0.1805
749,2013-11-15,0.1811,0.1801,0.1809
750,2013-11-18,0.1816,0.1807,0.1811
751,2013-11-19,0.1816,0.1808,0.1815
752,2013-11-20,0.182,0.1799,0.1802
753,2013-11-21,0.1808,0.1796,0.1807
754,2013-11-22,0.1818,0.1805,0.1818
755,2013-11-25,0.1818,0.1809,0.1812
756,2013-11-26,0.182,0.1812,0.182
757,2013-11-27,0.1825,0.1818,0.1821
758,2013-11-28,0.1826,0.1819,0.1824
759,2013-11-29,0.1826,0.1821,0.1822
760,2013-02-12,0.1825,0.1813,0.1815
761,2013-03-12,0.1825,0.1813,0.1822
762,2013-04-12,0.1824,0.1814,0.1822
763,2013-05-12,0.1833,0.1816,0.1832
764,2013-06-12,0.1837,0.1826,0.1837
765,2013-09-12,0.1843,0.1836,0.1842
766,2013-10-12,0.1849,0.1841,0.1845
767,2013-11-12,0.1851,0.1842,0.1848
768,2013-12-12,0.185,0.1841,0.1843
769,2013-12-13,0.1845,0.1837,0.1842
770,2013-12-16,0.185,0.184,0.1844
771,2013-12-17,0.1847,0.1839,0.1845
772,2013-12-18,0.1851,0.1833,0.1834
773,2013-12-19,0.1836,0.183,0.1831
774,2013-12-20,0.1837,0.1827,0.1833
775,2013-12-23,0.1838,0.1832,0.1836
776,2013-12-24,0.1837,0.183,0.1834
777,2013-12-25,0.1838,0.1831,0.1834
778,2013-12-26,0.1837,0.1831,0.1835
779,2013-12-27,0.1862,0.1835,0.1843
780,2013-12-30,0.1852,0.184,0.185
781,2013-12-31,0.1852,0.1842,0.1842
782,2014-01-01,0.1846,0.1842,0.1845
783,2014-02-01,0.1847,0.1827,0.1833
784,2014-03-01,0.1833,0.1821,0.1822
785,2014-06-01,0.183,0.182,0.1827
786,2014-07-01,0.1831,0.1823,0.1825
787,2014-08-01,0.1828,0.1817,0.182
788,2014-09-01,0.1827,0.1816,0.1824
789,2014-10-01,0.1834,0.1819,0.1832
790,2014-01-13,0.1834,0.1828,0.1832
791,2014-01-14,0.1836,0.1829,0.1833
792,2014-01-15,0.1833,0.182,0.1823
793,2014-01-16,0.1829,0.182,0.1825
794,2014-01-17,0.1825,0.1811,0.1815
795,2014-01-20,0.1818,0.18100000000000002,0.1816
796,2014-01-21,0.1818,0.1811,0.1817
797,2014-01-22,0.182,0.1814,0.1815
798,2014-01-23,0.1836,0.1813,0.1835
799,2014-01-24,0.1841,0.1831,0.1833
800,2014-01-27,0.1838,0.183,0.1832
801,2014-01-28,0.1834,0.1827,0.1832
802,2014-01-29,0.1834,0.1823,0.1831
803,2014-01-30,0.1831,0.1815,0.1816
804,2014-01-31,0.1819,0.1806,0.1808
805,2014-03-02,0.1814,0.1806,0.1812
806,2014-04-02,0.1814,0.1808,0.1811
807,2014-05-02,0.1816,0.1809,0.1814
808,2014-06-02,0.1825,0.1807,0.1821
809,2014-07-02,0.1828,0.1816,0.1827
810,2014-10-02,0.1829,0.1824,0.1829
811,2014-11-02,0.1834,0.1826,0.1828
812,2014-12-02,0.183,0.1817,0.1822
813,2014-02-13,0.1835,0.1821,0.1833
814,2014-02-14,0.1838,0.1833,0.1835
815,2014-02-17,0.1839,0.1835,0.1837
816,2014-02-18,0.1845,0.1835,0.1844
817,2014-02-19,0.1846,0.1839,0.184
818,2014-02-20,0.1844,0.1834,0.1838
819,2014-02-21,0.1844,0.1836,0.1841
820,2014-02-24,0.1845,0.1837,0.1841
821,2014-02-25,0.1845,0.1838,0.1842
822,2014-02-26,0.1844,0.1831,0.1834
823,2014-02-27,0.1839,0.1828,0.1837
824,2014-02-28,0.1853,0.1835,0.1849
825,2014-03-03,0.1848,0.1839,0.184
826,2014-04-03,0.1847,0.1839,0.1842
827,2014-05-03,0.1842,0.1837,0.184
828,2014-06-03,0.1859,0.1839,0.1857
829,2014-07-03,0.1865,0.1856,0.1859
830,2014-10-03,0.1862,0.1857,0.1859
831,2014-11-03,0.18600000000000003,0.1854,0.1857
832,2014-12-03,0.1864,0.1855,0.1863
833,2014-03-13,0.1871,0.1855,0.1858
834,2014-03-14,0.1867,0.1855,0.1864
835,2014-03-17,0.1869,0.18600000000000003,0.1865
836,2014-03-18,0.1868,0.18600000000000003,0.1867
837,2014-03-19,0.1867,0.185,0.1853
838,2014-03-20,0.1855,0.1842,0.1846
839,2014-03-21,0.185,0.1844,0.1848
840,2014-03-24,0.1859,0.1843,0.1854
841,2014-03-25,0.1855,0.1842,0.1852
842,2014-03-26,0.1852,0.1845,0.1846
843,2014-03-27,0.1848,0.1839,0.184
844,2014-03-28,0.1845,0.1836,0.1842
845,2014-03-31,0.185,0.1838,0.1844
846,2014-01-04,0.1851,0.1844,0.1848
847,2014-02-04,0.1851,0.1842,0.1844
848,2014-03-04,0.185,0.1835,0.1838
849,2014-04-04,0.1839,0.1831,0.1836
850,2014-07-04,0.1842,0.1834,0.1841
851,2014-08-04,0.185,0.1837,0.1848
852,2014-09-04,0.1857,0.1846,0.1856
853,2014-10-04,0.1862,0.1853,0.18600000000000003
854,2014-11-04,0.1862,0.1857,0.18600000000000003
855,2014-04-14,0.1857,0.1849,0.1851
856,2014-04-15,0.1853,0.1847,0.185
857,2014-04-16,0.1855,0.1849,0.185
858,2014-04-17,0.1857,0.185,0.185
859,2014-04-18,0.1851,0.1849,0.185
860,2014-04-21,0.1852,0.1847,0.1847
861,2014-04-22,0.1852,0.1846,0.1849
862,2014-04-23,0.1856,0.1848,0.1851
863,2014-04-24,0.1854,0.1847,0.1854
864,2014-04-25,0.1855,0.1853,0.1853
865,2014-04-28,0.1859,0.1851,0.1856
866,2014-04-29,0.1859,0.185,0.185
867,2014-04-30,0.1859,0.1845,0.1858
868,2014-01-05,0.1861,0.1857,0.1858
869,2014-02-05,0.18600000000000003,0.1851,0.1858
870,2014-05-05,0.1861,0.1857,0.1859
871,2014-06-05,0.1869,0.1859,0.1866
872,2014-07-05,0.1867,0.1864,0.1864
873,2014-08-05,0.1875,0.1853,0.1854
874,2014-09-05,0.1855,0.1842,0.1843
875,2014-12-05,0.1845,0.1842,0.1843
876,2014-05-13,0.1845,0.1834,0.1836
877,2014-05-14,0.184,0.1835,0.1837
878,2014-05-15,0.184,0.1828,0.1837
879,2014-05-16,0.1839,0.1833,0.1834
880,2014-05-19,0.184,0.1834,0.1836
881,2014-05-20,0.1837,0.1832,0.1835
882,2014-05-21,0.1838,0.1827,0.1833
883,2014-05-22,0.1834,0.1828,0.183
884,2014-05-23,0.183,0.1824,0.1826
885,2014-05-26,0.1829,0.1824,0.1828
886,2014-05-27,0.1831,0.1824,0.1827
887,2014-05-28,0.1827,0.1821,0.1821
888,2014-05-29,0.1826,0.182,0.1822
889,2014-05-30,0.1829,0.1822,0.1827
890,2014-02-06,0.1828,0.1821,0.1822
891,2014-03-06,0.1829,0.1821,0.1826
892,2014-04-06,0.1827,0.1822,0.1822
893,2014-05-06,0.1832,0.1809,0.1831
894,2014-06-06,0.1833,0.1825,0.1828
895,2014-09-06,0.1832,0.182,0.1822
896,2014-10-06,0.1823,0.1814,0.1816
897,2014-11-06,0.1817,0.1812,0.1813
898,2014-12-06,0.1819,0.1811,0.1817
899,2014-06-13,0.182,0.1813,0.1815
900,2014-06-16,0.1821,0.1812,0.182
901,2014-06-17,0.1822,0.1815,0.1817
902,2014-06-18,0.1824,0.1816,0.1823
903,2014-06-19,0.183,0.1822,0.1825
904,2014-06-20,0.1828,0.1819,0.1824
905,2014-06-23,0.1826,0.1821,0.1825
906,2014-06-24,0.1828,0.1822,0.1825
907,2014-06-25,0.1831,0.1824,0.1828
908,2014-06-26,0.183,0.1821,0.1825
909,2014-06-27,0.1831,0.1825,0.1831
910,2014-06-30,0.1837,0.183,0.1837
911,2014-01-07,0.1838,0.1834,0.1835
912,2014-02-07,0.1835,0.183,0.1832
913,2014-03-07,0.1832,0.1823,0.1825
914,2014-04-07,0.1825,0.1822,0.1823
915,2014-07-07,0.1825,0.1821,0.1825
916,2014-08-07,0.1826,0.1823,0.1826
917,2014-09-07,0.1831,0.1824,0.183
918,2014-10-07,0.1831,0.1823,0.1825
919,2014-11-07,0.1827,0.1823,0.1825
920,2014-07-14,0.1829,0.1824,0.1826
921,2014-07-15,0.1828,0.1819,0.182
922,2014-07-16,0.182,0.1813,0.1814
923,2014-07-17,0.1816,0.1813,0.1814
924,2014-07-18,0.1815,0.1809,0.1814
925,2014-07-21,0.1817,0.1812,0.1814
926,2014-07-22,0.1815,0.1805,0.1806
927,2014-07-23,0.1807,0.1804,0.1806
928,2014-07-24,0.1808,0.1802,0.1805
929,2014-07-25,0.1807,0.18,0.1801
930,2014-07-28,0.1803,0.1801,0.1802
931,2014-07-29,0.1803,0.1798,0.1798
932,2014-07-30,0.1799,0.1793,0.1797
933,2014-07-31,0.1797,0.1793,0.1796
934,2014-01-08,0.1803,0.1794,0.1801
935,2014-04-08,0.1802,0.1799,0.18
936,2014-05-08,0.1801,0.1792,0.1794
937,2014-06-08,0.1796,0.1788,0.1795
938,2014-07-08,0.1796,0.1789,0.1793
939,2014-08-08,0.1802,0.179,0.1799
940,2014-11-08,0.1799,0.1795,0.1795
941,2014-12-08,0.1795,0.1789,0.1793
942,2014-08-13,0.1799,0.179,0.1793
943,2014-08-14,0.1798,0.179,0.1793
944,2014-08-15,0.1799,0.1792,0.1797
945,2014-08-18,0.1797,0.1791,0.1792
946,2014-08-19,0.1793,0.1786,0.1787
947,2014-08-20,0.1787,0.1778,0.1778
948,2014-08-21,0.1782,0.1776,0.1781
949,2014-08-22,0.1784,0.1773,0.1776
950,2014-08-25,0.1773,0.1768,0.177
951,2014-08-26,0.1773,0.1766,0.1766
952,2014-08-27,0.1772,0.1764,0.177
953,2014-08-28,0.1774,0.1766,0.1769
954,2014-08-29,0.1771,0.1763,0.1763
955,2014-01-09,0.1764,0.1761,0.1762
956,2014-02-09,0.1764,0.17600000000000002,0.1764
957,2014-03-09,0.1767,0.1762,0.1766
958,2014-04-09,0.1766,0.1736,0.1739
959,2014-05-09,0.1744,0.1736,0.1739
960,2014-08-09,0.1741,0.17300000000000001,0.1732
961,2014-09-09,0.1741,0.1727,0.1738
962,2014-10-09,0.1741,0.1731,0.1735
963,2014-11-09,0.174,0.1733,0.1736
964,2014-12-09,0.1744,0.1734,0.1742
965,2014-09-15,0.1744,0.1734,0.1738
966,2014-09-16,0.1746,0.1736,0.174
967,2014-09-17,0.1743,0.1726,0.1728
968,2014-09-18,0.1737,0.1724,0.1736
969,2014-09-19,0.1737,0.1723,0.1723
970,2014-09-22,0.1729,0.1722,0.1726
971,2014-09-23,0.1733,0.1725,0.1726
972,2014-09-24,0.1728,0.1716,0.1717
973,2014-09-25,0.1717,0.1706,0.1713
974,2014-09-26,0.1714,0.1703,0.1704
975,2014-09-29,0.1708,0.1701,0.1704
976,2014-09-30,0.1707,0.1689,0.1697
977,2014-01-10,0.1698,0.1691,0.1696
978,2014-02-10,0.1706,0.1695,0.1702
979,2014-03-10,0.1703,0.1679,0.1681
980,2014-06-10,0.1703,0.168,0.17
981,2014-07-10,0.1704,0.1691,0.1702
982,2014-08-10,0.1713,0.1696,0.1711
983,2014-09-10,0.1719,0.1701,0.1705
984,2014-10-10,0.1708,0.1693,0.1697
985,2014-10-13,0.1714,0.1696,0.1713
986,2014-10-14,0.1715,0.1698,0.17
987,2014-10-15,0.1731,0.1696,0.1724
988,2014-10-16,0.1725,0.1707,0.172
989,2014-10-17,0.1724,0.1711,0.1713
990,2014-10-20,0.1721,0.171,0.1719
991,2014-10-21,0.1724,0.1708,0.1708
992,2014-10-22,0.1711,0.1697,0.1699
993,2014-10-23,0.1702,0.1694,0.1699
994,2014-10-24,0.1705,0.1697,0.1702
995,2014-10-27,0.1709,0.1701,0.1706
996,2014-10-28,0.1715,0.1704,0.171
997,2014-10-29,0.1715,0.1697,0.1697
998,2014-10-30,0.1698,0.1685,0.1694
999,2014-10-31,0.1695,0.1677,0.1683
1000,2014-03-11,0.1681,0.1671,0.1677
1001,2014-04-11,0.16899999999999998,0.1677,0.1686
1002,2014-05-11,0.1689,0.1674,0.1678
1003,2014-06-11,0.1684,0.1663,0.1664
1004,2014-07-11,0.1677,0.1661,0.1674
1005,2014-10-11,0.1682,0.1669,0.16699999999999998
1006,2014-11-11,0.168,0.1666,0.1677
1007,2014-12-11,0.168,0.1669,0.1671
1008,2014-11-13,0.1678,0.16699999999999998,0.1676
1009,2014-11-14,0.1686,0.1666,0.1683
1010,2014-11-17,0.16899999999999998,0.1672,0.1673
1011,2014-11-18,0.1685,0.1672,0.1684
1012,2014-11-19,0.1693,0.1681,0.1686
1013,2014-11-20,0.1689,0.168,0.1685
1014,2014-11-21,0.1689,0.1663,0.1666
1015,2014-11-24,0.1673,0.1661,0.1672
1016,2014-11-25,0.1678,0.1667,0.1677
1017,2014-11-26,0.1684,0.1673,0.1681
1018,2014-11-27,0.1683,0.1675,0.1676
1019,2014-11-28,0.1679,0.16699999999999998,0.1674
1020,2014-01-12,0.1681,0.1669,0.1676
1021,2014-02-12,0.1677,0.1663,0.1664
1022,2014-03-12,0.1665,0.1653,0.1655
1023,2014-04-12,0.1674,0.1651,0.1664
1024,2014-05-12,0.1665,0.1649,0.1651
1025,2014-08-12,0.1659,0.1646,0.1655
1026,2014-09-12,0.1673,0.1652,0.1663
1027,2014-10-12,0.1673,0.1662,0.1673
1028,2014-11-12,0.168,0.1663,0.1669
1029,2014-12-12,0.1679,0.1665,0.1675
1030,2014-12-15,0.1678,0.1669,0.1672
1031,2014-12-16,0.1689,0.1671,0.1681
1032,2014-12-17,0.1682,0.1656,0.1659
1033,2014-12-18,0.166,0.1649,0.1651
1034,2014-12-19,0.1654,0.1643,0.1644
1035,2014-12-22,0.165,0.1642,0.1643
1036,2014-12-23,0.1646,0.1635,0.1636
1037,2014-12-24,0.1643,0.1636,0.1639
1038,2014-12-25,0.1645,0.1638,0.1643
1039,2014-12-26,0.1644,0.1636,0.1638
1040,2014-12-29,0.1643,0.1631,0.1632
1041,2014-12-30,0.1637,0.1629,0.1632
1042,2014-12-31,0.1634,0.1624,0.1625
1043,2015-01-01,0.1627,0.1624,0.1625
1044,2015-02-01,0.1626,0.1612,0.1612
1045,2015-05-01,0.1613,0.1594,0.1603
1046,2015-06-01,0.1608,0.1597,0.1598
1047,2015-07-01,0.1599,0.1586,0.1591
1048,2015-08-01,0.1592,0.158,0.1585
1049,2015-09-01,0.1592,0.1581,0.1592
1050,2015-12-01,0.1596,0.1584,0.1591
1051,2015-01-13,0.1594,0.158,0.1583
1052,2015-01-14,0.1593,0.1577,0.1585
1053,2015-01-15,0.1585,0.1556,0.1565
1054,2015-01-16,0.1567,0.1542,0.1556
1055,2015-01-19,0.1566,0.1554,0.1561
1056,2015-01-20,0.1562,0.1552,0.1554
1057,2015-01-21,0.1571,0.1553,0.1562
1058,2015-01-22,0.1565,0.152,0.1527
1059,2015-01-23,0.1528,0.1493,0.1505
1060,2015-01-26,0.1516,0.1491,0.1509
1061,2015-01-27,0.1534,0.1507,0.1529
1062,2015-01-28,0.1529,0.1515,0.1516
1063,2015-01-29,0.1527,0.1513,0.1521
1064,2015-01-30,0.1527,0.1515,0.1517
1065,2015-02-02,0.1526,0.1517,0.1524
1066,2015-03-02,0.1549,0.152,0.1542
1067,2015-04-02,0.1543,0.152,0.1524
1068,2015-05-02,0.1545,0.1518,0.1542
1069,2015-06-02,0.1543,0.152,0.1521
1070,2015-09-02,0.1526,0.1514,0.1521
1071,2015-10-02,0.1524,0.1514,0.1521
1072,2015-11-02,0.1525,0.1515,0.1523
1073,2015-12-02,0.1534,0.1518,0.1532
1074,2015-02-13,0.1537,0.1529,0.153
1075,2015-02-16,0.1536,0.1521,0.1525
1076,2015-02-17,0.1538,0.1521,0.1533
1077,2015-02-18,0.1533,0.1522,0.1531
1078,2015-02-19,0.1538,0.1525,0.1527
1079,2015-02-20,0.1533,0.1511,0.1525
1080,2015-02-23,0.153,0.1514,0.1519
1081,2015-02-24,0.1522,0.1513,0.152
1082,2015-02-25,0.1526,0.1518,0.1521
1083,2015-02-26,0.1524,0.1498,0.1501
1084,2015-02-27,0.1507,0.1497,0.15
1085,2015-02-03,0.1506,0.1495,0.1501
1086,2015-03-03,0.1505,0.1497,0.1499
1087,2015-04-03,0.1501,0.1484,0.1486
1088,2015-05-03,0.1491,0.1474,0.14800000000000002
1089,2015-06-03,0.14800000000000002,0.1455,0.1456
1090,2015-09-03,0.1464,0.1453,0.1456
1091,2015-10-03,0.1457,0.1435,0.1436
1092,2015-11-03,0.1438,0.141,0.1415
1093,2015-12-03,0.1432,0.1408,0.1426
1094,2015-03-13,0.1426,0.1403,0.1407
1095,2015-03-16,0.1423,0.1402,0.1416
1096,2015-03-17,0.1428,0.1414,0.1421
1097,2015-03-18,0.1481,0.1418,0.1457
1098,2015-03-19,0.1465,0.1425,0.1431
1099,2015-03-20,0.1459,0.14300000000000002,0.1451
1100,2015-03-23,0.1471,0.1444,0.1468
1101,2015-03-24,0.1478,0.146,0.1464
1102,2015-03-25,0.1475,0.1461,0.1469
1103,2015-03-26,0.14800000000000002,0.1454,0.1457
1104,2015-03-27,0.1466,0.1446,0.1458
1105,2015-03-30,0.1459,0.1447,0.145
1106,2015-03-31,0.1452,0.1434,0.1436
1107,2015-01-04,0.1446,0.1435,0.1441
1108,2015-02-04,0.146,0.1439,0.1456
1109,2015-03-04,0.1475,0.1454,0.1468
1110,2015-06-04,0.1477,0.146,0.1461
1111,2015-07-04,0.1466,0.1446,0.1447
1112,2015-08-04,0.1457,0.14400000000000002,0.1442
1113,2015-09-04,0.1444,0.1424,0.1427
1114,2015-10-04,0.14300000000000002,0.1414,0.1419
1115,2015-04-13,0.1421,0.1408,0.1414
1116,2015-04-14,0.1434,0.141,0.1427
1117,2015-04-15,0.1433,0.1416,0.1431
1118,2015-04-16,0.1449,0.1423,0.1442
1119,2015-04-17,0.1454,0.1439,0.1448
1120,2015-04-20,0.1451,0.1436,0.1439
1121,2015-04-21,0.1445,0.1429,0.1439
1122,2015-04-22,0.1448,0.1435,0.1437
1123,2015-04-23,0.1454,0.14300000000000002,0.1451
1124,2015-04-24,0.1461,0.1445,0.1457
1125,2015-04-27,0.1465,0.145,0.146
1126,2015-04-28,0.1473,0.1456,0.1471
1127,2015-04-29,0.1499,0.1469,0.1491
1128,2015-04-30,0.1509,0.1484,0.1503
1129,2015-01-05,0.1513,0.1497,0.15
1130,2015-04-05,0.1504,0.149,0.1493
1131,2015-05-05,0.1504,0.1482,0.1499
1132,2015-06-05,0.1523,0.1497,0.152
1133,2015-07-05,0.1526,0.1506,0.151
1134,2015-08-05,0.1512,0.1498,0.1501
1135,2015-11-05,0.1502,0.1491,0.1495
1136,2015-12-05,0.1511,0.1492,0.1503
1137,2015-05-13,0.1525,0.1501,0.1521
1138,2015-05-14,0.1533,0.1519,0.1529
1139,2015-05-15,0.1536,0.1517,0.1534
1140,2015-05-18,0.1534,0.1514,0.1517
1141,2015-05-19,0.1518,0.1491,0.1495
1142,2015-05-20,0.1495,0.1483,0.1487
1143,2015-05-21,0.1499,0.1485,0.1491
1144,2015-05-22,0.1503,0.1476,0.1477
1145,2015-05-25,0.1477,0.147,0.1472
1146,2015-05-26,0.1473,0.1458,0.1459
1147,2015-05-27,0.1466,0.1451,0.1462
1148,2015-05-28,0.1469,0.1457,0.1468
1149,2015-05-29,0.1475,0.1465,0.1473
1150,2015-01-06,0.1473,0.146,0.1465
1151,2015-02-06,0.1501,0.1464,0.1495
1152,2015-03-06,0.1513,0.1485,0.1511
1153,2015-04-06,0.1526,0.1505,0.1506
1154,2015-05-06,0.1512,0.1481,0.149
1155,2015-08-06,0.1516,0.1485,0.1514
1156,2015-09-06,0.1521,0.1503,0.1512
1157,2015-10-06,0.1526,0.1509,0.1518
1158,2015-11-06,0.1518,0.1499,0.1509
1159,2015-12-06,0.1514,0.1495,0.151
1160,2015-06-15,0.1514,0.15,0.1513
1161,2015-06-16,0.1519,0.1503,0.1508
1162,2015-06-17,0.1523,0.1503,0.152
1163,2015-06-18,0.1533,0.1519,0.1522
1164,2015-06-19,0.1527,0.1514,0.1521
1165,2015-06-22,0.1529,0.1516,0.152
1166,2015-06-23,0.1521,0.1492,0.1497
1167,2015-06-24,0.1506,0.1495,0.1502
1168,2015-06-25,0.1505,0.1495,0.1502
1169,2015-06-26,0.1504,0.1492,0.1497
1170,2015-06-29,0.1512,0.1469,0.1506
1171,2015-06-30,0.1507,0.149,0.1494
1172,2015-01-07,0.1497,0.14800000000000002,0.1482
1173,2015-02-07,0.1491,0.1479,0.1487
1174,2015-03-07,0.1491,0.1483,0.149
1175,2015-06-07,0.1487,0.147,0.1481
1176,2015-07-07,0.1482,0.1463,0.1475
1177,2015-08-07,0.1487,0.147,0.1484
1178,2015-09-07,0.1491,0.1473,0.1479
1179,2015-10-07,0.1503,0.1478,0.1496
1180,2015-07-13,0.15,0.1473,0.1474
1181,2015-07-14,0.1485,0.1469,0.1475
1182,2015-07-15,0.1479,0.1465,0.1467
1183,2015-07-16,0.1469,0.1455,0.1458
1184,2015-07-17,0.1462,0.1451,0.1451
1185,2015-07-20,0.1457,0.1448,0.1451
1186,2015-07-21,0.147,0.1449,0.1465
1187,2015-07-22,0.147,0.1457,0.1465
1188,2015-07-23,0.1477,0.1464,0.1472
1189,2015-07-24,0.1474,0.1464,0.1472
1190,2015-07-27,0.1491,0.147,0.1486
1191,2015-07-28,0.1487,0.1477,0.1482
1192,2015-07-29,0.1485,0.147,0.1472
1193,2015-07-30,0.1473,0.146,0.1465
1194,2015-07-31,0.1489,0.1464,0.1472
1195,2015-03-08,0.1474,0.1466,0.1467
1196,2015-04-08,0.1473,0.1458,0.1458
1197,2015-05-08,0.1465,0.1454,0.1462
1198,2015-06-08,0.1467,0.1457,0.1464
1199,2015-07-08,0.1471,0.1455,0.147
1200,2015-10-08,0.14800000000000002,0.1464,0.1477
1201,2015-11-08,0.1486,0.1469,0.14800000000000002
1202,2015-12-08,0.1502,0.1477,0.1495
1203,2015-08-13,0.1499,0.1485,0.1494
1204,2015-08-14,0.1499,0.1487,0.1488
1205,2015-08-17,0.1491,0.1482,0.1484
1206,2015-08-18,0.1486,0.1476,0.1477
1207,2015-08-19,0.1492,0.1476,0.149
1208,2015-08-20,0.1507,0.1488,0.1506
1209,2015-08-21,0.1526,0.1505,0.1526
1210,2015-08-24,0.1569,0.1523,0.1557
1211,2015-08-25,0.1557,0.1527,0.1543
1212,2015-08-26,0.1549,0.1513,0.1516
1213,2015-08-27,0.1523,0.1501,0.1507
1214,2015-08-28,0.1515,0.1495,0.1499
1215,2015-08-31,0.1509,0.1496,0.1502
1216,2015-01-09,0.1518,0.1502,0.1516
1217,2015-02-09,0.1517,0.1503,0.1504
1218,2015-03-09,0.1507,0.1486,0.1491
1219,2015-04-09,0.15,0.1487,0.1494
1220,2015-07-09,0.1498,0.1491,0.1497
1221,2015-08-09,0.1505,0.1495,0.1501
1222,2015-09-09,0.1503,0.1492,0.1502
1223,2015-10-09,0.1514,0.1497,0.1512
1224,2015-11-09,0.1521,0.1508,0.152
1225,2015-09-14,0.1524,0.1512,0.1517
1226,2015-09-15,0.1518,0.1509,0.151
1227,2015-09-16,0.1517,0.1503,0.1513
1228,2015-09-17,0.1534,0.1512,0.1533
1229,2015-09-18,0.1536,0.151,0.1514
1230,2015-09-21,0.1519,0.1499,0.15
1231,2015-09-22,0.1502,0.149,0.1491
1232,2015-09-23,0.1503,0.1489,0.1499
1233,2015-09-24,0.1514,0.1496,0.1505
1234,2015-09-25,0.1505,0.149,0.15
1235,2015-09-28,0.1508,0.1494,0.1507
1236,2015-09-29,0.1512,0.15,0.1508
1237,2015-09-30,0.1509,0.1495,0.1498
1238,2015-01-10,0.1503,0.1493,0.1501
1239,2015-02-10,0.1517,0.1495,0.1503
1240,2015-05-10,0.1513,0.1497,0.1499
1241,2015-06-10,0.1512,0.1497,0.1511
1242,2015-07-10,0.1512,0.1503,0.1506
1243,2015-08-10,0.1518,0.1506,0.1511
1244,2015-09-10,0.1526,0.151,0.1522
1245,2015-12-10,0.1528,0.1522,0.1522
1246,2015-10-13,0.1529,0.152,0.1525
1247,2015-10-14,0.154,0.1525,0.1538
1248,2015-10-15,0.1541,0.1523,0.1526
1249,2015-10-16,0.1527,0.1519,0.1521
1250,2015-10-19,0.1525,0.1516,0.1518
1251,2015-10-20,0.1527,0.1518,0.1521
1252,2015-10-21,0.1525,0.1519,0.152
1253,2015-10-22,0.1522,0.1488,0.1489
1254,2015-10-23,0.1493,0.1474,0.1477
1255,2015-10-26,0.1484,0.1473,0.1482
1256,2015-10-27,0.1485,0.1479,0.1481
1257,2015-10-28,0.1487,0.1461,0.1464
1258,2015-10-29,0.1473,0.1462,0.1472
1259,2015-10-30,0.1485,0.147,0.1476
1260,2015-02-11,0.1482,0.1475,0.1477
1261,2015-03-11,0.1479,0.1466,0.147
1262,2015-04-11,0.147,0.1454,0.1457
1263,2015-05-11,0.1461,0.1452,0.1459
1264,2015-06-11,0.146,0.1435,0.14400000000000002
1265,2015-09-11,0.1446,0.1437,0.1441
1266,2015-10-11,0.1443,0.1431,0.1438
1267,2015-11-11,0.1444,0.1435,0.14400000000000002
1268,2015-12-11,0.1452,0.1433,0.1449
1269,2015-11-13,0.145,0.1436,0.1444
1270,2015-11-16,0.1445,0.1431,0.1432
1271,2015-11-17,0.1433,0.1425,0.1426
1272,2015-11-18,0.1433,0.1423,0.1429
1273,2015-11-19,0.1443,0.1428,0.1439
1274,2015-11-20,0.1439,0.1426,0.1427
1275,2015-11-23,0.1428,0.142,0.1426
1276,2015-11-24,0.1431,0.1423,0.1427
1277,2015-11-25,0.1433,0.1416,0.1424
1278,2015-11-26,0.1425,0.1421,0.1422
1279,2015-11-27,0.1426,0.1417,0.142
1280,2015-11-30,0.142,0.1415,0.1416
1281,2015-01-12,0.1426,0.1416,0.1425
1282,2015-02-12,0.1426,0.1414,0.1423
1283,2015-03-12,0.1472,0.1411,0.1466
1284,2015-04-12,0.1469,0.1453,0.1459
1285,2015-07-12,0.1459,0.1447,0.1453
1286,2015-08-12,0.1461,0.1452,0.146
1287,2015-09-12,0.14800000000000002,0.1458,0.1478
1288,2015-10-12,0.1478,0.1464,0.1466
1289,2015-11-12,0.1478,0.1465,0.1473
1290,2015-12-14,0.1481,0.1467,0.1473
1291,2015-12-15,0.1482,0.1461,0.1465
1292,2015-12-16,0.1476,0.1459,0.1462
1293,2015-12-17,0.1463,0.1448,0.1451
1294,2015-12-18,0.1457,0.1448,0.1456
1295,2015-12-21,0.1466,0.1454,0.1463
1296,2015-12-22,0.1472,0.1461,0.1468
1297,2015-12-23,0.1469,0.1457,0.1462
1298,2015-12-24,0.147,0.1461,0.1469
1299,2015-12-25,0.147,0.1466,0.147
1300,2015-12-28,0.1473,0.1465,0.147
1301,2015-12-29,0.1473,0.1461,0.1464
1302,2015-12-30,0.1467,0.1461,0.1465
1303,2015-12-31,0.1466,0.1454,0.1455
1304,2016-01-01,0.1456,0.1454,0.1455
1305,2016-04-01,0.1467,0.1445,0.1451
1306,2016-05-01,0.1452,0.1436,0.1441
1307,2016-06-01,0.1447,0.1437,0.1445
1308,2016-07-01,0.1466,0.1444,0.1465
1309,2016-08-01,0.1466,0.1448,0.1464
1310,2016-11-01,0.147,0.1454,0.1455
1311,2016-12-01,0.1461,0.145,0.1455
1312,2016-01-13,0.1459,0.1448,0.1458
1313,2016-01-14,0.1466,0.1452,0.1456
1314,2016-01-15,0.1472,0.1454,0.1463
1315,2016-01-18,0.1466,0.1456,0.1459
1316,2016-01-19,0.1466,0.1455,0.1461
1317,2016-01-20,0.1471,0.1457,0.1459
1318,2016-01-21,0.1463,0.1444,0.1457
1319,2016-01-22,0.1458,0.1446,0.1447
1320,2016-01-25,0.1455,0.1446,0.1454
1321,2016-01-26,0.1457,0.145,0.1457
1322,2016-01-27,0.1463,0.1454,0.146
1323,2016-01-28,0.147,0.1457,0.1466
1324,2016-01-29,0.1467,0.1449,0.1451
1325,2016-01-02,0.1462,0.1449,0.1459
1326,2016-02-02,0.1466,0.1459,0.1463
1327,2016-03-02,0.1493,0.1461,0.1488
1328,2016-04-02,0.1506,0.1483,0.1502
1329,2016-05-02,0.1507,0.1488,0.1495
1330,2016-08-02,0.1503,0.1486,0.15
1331,2016-09-02,0.1519,0.1496,0.1513
1332,2016-10-02,0.1516,0.1495,0.1513
1333,2016-11-02,0.1524,0.151,0.1517
1334,2016-12-02,0.1518,0.1502,0.1508
1335,2016-02-15,0.1508,0.1491,0.1494
1336,2016-02-16,0.15,0.149,0.1493
1337,2016-02-17,0.1498,0.1488,0.1491
1338,2016-02-18,0.1494,0.1483,0.1488
1339,2016-02-19,0.1493,0.1483,0.1491
1340,2016-02-22,0.1492,0.1475,0.1478
1341,2016-02-23,0.1481,0.1473,0.1476
1342,2016-02-24,0.14800000000000002,0.1468,0.1476
1343,2016-02-25,0.1481,0.1473,0.1477
1344,2016-02-26,0.1483,0.1463,0.1466
1345,2016-02-29,0.1469,0.1456,0.1458
1346,2016-01-03,0.146,0.1453,0.1457
1347,2016-02-03,0.1459,0.1451,0.1457
1348,2016-03-03,0.1471,0.1455,0.1469
1349,2016-04-03,0.14800000000000002,0.1461,0.1475
1350,2016-07-03,0.1478,0.1466,0.1476
1351,2016-08-03,0.1482,0.1473,0.1476
1352,2016-09-03,0.1479,0.1467,0.1474
1353,2016-10-03,0.1504,0.1451,0.1498
1354,2016-11-03,0.1503,0.1485,0.1495
1355,2016-03-14,0.1498,0.1486,0.1489
1356,2016-03-15,0.1492,0.1485,0.149
1357,2016-03-16,0.1508,0.1483,0.1505
1358,2016-03-17,0.1521,0.1503,0.1518
1359,2016-03-18,0.1521,0.151,0.1512
1360,2016-03-21,0.1514,0.1507,0.1508
1361,2016-03-22,0.1511,0.1501,0.1505
1362,2016-03-23,0.1506,0.1497,0.15
1363,2016-03-24,0.1501,0.1495,0.1499
1364,2016-03-25,0.15,0.1496,0.1498
1365,2016-03-28,0.1505,0.1496,0.1502
1366,2016-03-29,0.1516,0.1498,0.1515
1367,2016-03-30,0.1525,0.1514,0.1521
1368,2016-03-31,0.1532,0.1518,0.1527
1369,2016-01-04,0.1535,0.1522,0.1529
1370,2016-04-04,0.1533,0.1525,0.1531
1371,2016-05-04,0.1533,0.1523,0.1529
1372,2016-06-04,0.1536,0.1522,0.1531
1373,2016-07-04,0.1539,0.1524,0.1529
1374,2016-08-04,0.1535,0.1525,0.1532
1375,2016-11-04,0.1538,0.1528,0.1532
1376,2016-12-04,0.154,0.1524,0.153
1377,2016-04-13,0.153,0.1514,0.1515
1378,2016-04-14,0.1518,0.1509,0.1514
1379,2016-04-15,0.1521,0.1511,0.1516
1380,2016-04-18,0.1523,0.1515,0.1519
1381,2016-04-19,0.153,0.1519,0.1526
1382,2016-04-20,0.153,0.1517,0.1518
1383,2016-04-21,0.1532,0.1515,0.1517
1384,2016-04-22,0.152,0.1508,0.1508
1385,2016-04-25,0.1516,0.1507,0.1514
1386,2016-04-26,0.1524,0.1513,0.1518
1387,2016-04-27,0.1526,0.1514,0.1521
1388,2016-04-28,0.1527,0.1518,0.1525
1389,2016-04-29,0.1539,0.1525,0.1538
1390,2016-02-05,0.155,0.1536,0.155
1391,2016-03-05,0.1561,0.1545,0.1545
1392,2016-04-05,0.155,0.1541,0.1544
1393,2016-05-05,0.1545,0.153,0.1533
1394,2016-06-05,0.1543,0.1531,0.1533
1395,2016-09-05,0.1535,0.1529,0.153
1396,2016-10-05,0.1534,0.1527,0.1528
1397,2016-11-05,0.1538,0.1528,0.1536
1398,2016-12-05,0.1536,0.1528,0.1529
1399,2016-05-13,0.153,0.1517,0.1521
1400,2016-05-16,0.1525,0.1519,0.1522
1401,2016-05-17,0.1526,0.1519,0.1521
1402,2016-05-18,0.1522,0.1508,0.1508
1403,2016-05-19,0.151,0.1503,0.1506
1404,2016-05-20,0.1511,0.1506,0.1509
1405,2016-05-23,0.1512,0.1504,0.1509
1406,2016-05-24,0.151,0.1497,0.1498
1407,2016-05-25,0.1502,0.1497,0.15
1408,2016-05-26,0.1508,0.1499,0.1505
1409,2016-05-27,0.1506,0.1494,0.1495
1410,2016-05-30,0.1498,0.1492,0.1498
1411,2016-05-31,0.1502,0.1496,0.1497
1412,2016-01-06,0.1505,0.1494,0.1504
1413,2016-02-06,0.1508,0.1498,0.1499
1414,2016-03-06,0.1529,0.1497,0.1528
1415,2016-06-06,0.1532,0.1523,0.1527
1416,2016-07-06,0.153,0.1525,0.1527
1417,2016-08-06,0.1535,0.1527,0.1532
1418,2016-09-06,0.1535,0.152,0.1522
1419,2016-10-06,0.1523,0.1512,0.1513
1420,2016-06-13,0.152,0.151,0.1519
1421,2016-06-14,0.152,0.1505,0.1507
1422,2016-06-15,0.152,0.1505,0.1514
1423,2016-06-16,0.1519,0.1497,0.151
1424,2016-06-17,0.1519,0.1509,0.1517
1425,2016-06-20,0.1531,0.1517,0.1521
1426,2016-06-21,0.1526,0.1512,0.1512
1427,2016-06-22,0.1524,0.1511,0.1519
1428,2016-06-23,0.1535,0.1517,0.1529
1429,2016-06-24,0.1535,0.1468,0.1494
1430,2016-06-27,0.1494,0.1475,0.1482
1431,2016-06-28,0.1494,0.1478,0.1486
1432,2016-06-29,0.1496,0.1486,0.1496
1433,2016-06-30,0.1499,0.1482,0.1493
1434,2016-01-07,0.1501,0.1489,0.1497
1435,2016-04-07,0.15,0.1491,0.1499
1436,2016-05-07,0.1503,0.1487,0.1489
1437,2016-06-07,0.1493,0.1482,0.1492
1438,2016-07-07,0.1493,0.1485,0.1487
1439,2016-08-07,0.1494,0.1479,0.1485
1440,2016-11-07,0.1489,0.1481,0.1487
1441,2016-12-07,0.1496,0.1486,0.1487
1442,2016-07-13,0.1495,0.1484,0.1491
1443,2016-07-14,0.1501,0.1491,0.1495
1444,2016-07-15,0.1499,0.1478,0.1483
1445,2016-07-18,0.149,0.1483,0.1489
1446,2016-07-19,0.149,0.1479,0.1481
1447,2016-07-20,0.1483,0.1476,0.1481
1448,2016-07-21,0.1487,0.1476,0.1482
1449,2016-07-22,0.1484,0.1473,0.1476
1450,2016-07-25,0.1478,0.1472,0.1478
1451,2016-07-26,0.1483,0.1476,0.1477
1452,2016-07-27,0.1487,0.1473,0.1486
1453,2016-07-28,0.1495,0.1486,0.1489
1454,2016-07-29,0.1505,0.1489,0.1502
1455,2016-01-08,0.1503,0.15,0.1501
1456,2016-02-08,0.151,0.15,0.1509
1457,2016-03-08,0.1509,0.1498,0.1499
1458,2016-04-08,0.15,0.1494,0.1496
1459,2016-05-08,0.1501,0.1485,0.1491
1460,2016-08-08,0.1493,0.1489,0.1491
1461,2016-09-08,0.1495,0.1489,0.1495
1462,2016-10-08,0.1504,0.1494,0.1502
1463,2016-11-08,0.1505,0.1497,0.1497
1464,2016-12-08,0.1508,0.1496,0.15
1465,2016-08-15,0.1506,0.1499,0.1503
1466,2016-08-16,0.1522,0.1502,0.1515
1467,2016-08-17,0.1521,0.1511,0.1517
1468,2016-08-18,0.1527,0.1517,0.1526
1469,2016-08-19,0.1526,0.1519,0.1522
1470,2016-08-22,0.1522,0.1514,0.1521
1471,2016-08-23,0.1526,0.1519,0.1519
1472,2016-08-24,0.152,0.1511,0.1513
1473,2016-08-25,0.1518,0.1513,0.1516
1474,2016-08-26,0.1523,0.1502,0.1504
1475,2016-08-29,0.1505,0.1499,0.1503
1476,2016-08-30,0.1504,0.1495,0.1497
1477,2016-08-31,0.15,0.1494,0.1499
1478,2016-01-09,0.1506,0.1495,0.1505
1479,2016-02-09,0.1512,0.1499,0.1499
1480,2016-05-09,0.1503,0.1496,0.1498
1481,2016-06-09,0.1514,0.1497,0.1512
1482,2016-07-09,0.1514,0.1509,0.151
1483,2016-08-09,0.1522,0.1509,0.1513
1484,2016-09-09,0.1516,0.1505,0.1509
1485,2016-12-09,0.1514,0.1505,0.1509
1486,2016-09-13,0.1513,0.1505,0.1507
1487,2016-09-14,0.1515,0.1506,0.1511
1488,2016-09-15,0.1515,0.1507,0.151
1489,2016-09-16,0.1511,0.1497,0.1498
1490,2016-09-19,0.1503,0.1497,0.15
1491,2016-09-20,0.1505,0.1496,0.1496
1492,2016-09-21,0.1502,0.1492,0.1501
1493,2016-09-22,0.151,0.15,0.1503
1494,2016-09-23,0.1508,0.1502,0.1506
1495,2016-09-26,0.1514,0.1505,0.151
1496,2016-09-27,0.1511,0.1502,0.1505
1497,2016-09-28,0.1508,0.1501,0.1505
1498,2016-09-29,0.1509,0.1502,0.1506
1499,2016-09-30,0.1511,0.1497,0.1509
1500,2016-03-10,0.151,0.1505,0.1506
1501,2016-04-10,0.151,0.1497,0.1506
1502,2016-05-10,0.151,0.1504,0.1506
1503,2016-06-10,0.1507,0.1497,0.1499
1504,2016-07-10,0.1506,0.1492,0.1505
1505,2016-10-10,0.1506,0.1496,0.1497
1506,2016-11-10,0.1497,0.1485,0.1486
1507,2016-12-10,0.1488,0.1479,0.14800000000000002
1508,2016-10-13,0.1486,0.1477,0.1486
1509,2016-10-14,0.1487,0.1474,0.1474
1510,2016-10-17,0.14800000000000002,0.1474,0.1479
1511,2016-10-18,0.1482,0.1474,0.1476
1512,2016-10-19,0.1479,0.1472,0.1475
1513,2016-10-20,0.1484,0.1467,0.1469
1514,2016-10-21,0.1469,0.146,0.1463
1515,2016-10-24,0.1465,0.146,0.1463
1516,2016-10-25,0.1466,0.1459,0.1464
1517,2016-10-26,0.1472,0.1462,0.1466
1518,2016-10-27,0.1471,0.1463,0.1465
1519,2016-10-28,0.1478,0.1464,0.1477
1520,2016-10-31,0.1478,0.147,0.1476
1521,2016-01-11,0.1488,0.1474,0.1486
1522,2016-02-11,0.1495,0.1485,0.1491
1523,2016-03-11,0.1495,0.1486,0.1493
1524,2016-04-11,0.1497,0.1489,0.1497
1525,2016-07-11,0.1497,0.1482,0.1484
1526,2016-08-11,0.1487,0.1479,0.1482
1527,2016-09-11,0.1518,0.1465,0.1466
1528,2016-10-11,0.1472,0.146,0.1464
1529,2016-11-11,0.1468,0.1455,0.1459
1530,2016-11-14,0.1457,0.1439,0.1442
1531,2016-11-15,0.1453,0.1439,0.1441
1532,2016-11-16,0.1446,0.1433,0.1436
1533,2016-11-17,0.1444,0.1427,0.1428
1534,2016-11-18,0.14300000000000002,0.1421,0.1423
1535,2016-11-21,0.1431,0.1422,0.1429
1536,2016-11-22,0.1433,0.1423,0.1428
1537,2016-11-23,0.1431,0.1415,0.1419
1538,2016-11-24,0.1423,0.1414,0.1419
1539,2016-11-25,0.1429,0.1417,0.1423
1540,2016-11-28,0.1436,0.142,0.1427
1541,2016-11-29,0.1432,0.142,0.1431
1542,2016-11-30,0.1434,0.1418,0.1423
1543,2016-01-12,0.1434,0.1423,0.1433
1544,2016-02-12,0.1437,0.1428,0.1433
1545,2016-05-12,0.1451,0.1412,0.1447
1546,2016-06-12,0.145,0.1438,0.1441
1547,2016-07-12,0.1448,0.14400000000000002,0.1446
1548,2016-08-12,0.1462,0.1425,0.1427
1549,2016-09-12,0.1429,0.1416,0.142
1550,2016-12-12,0.1432,0.1415,0.14300000000000002
1551,2016-12-13,0.1434,0.1426,0.1429
1552,2016-12-14,0.1435,0.1412,0.1417
1553,2016-12-15,0.1417,0.1394,0.1401
1554,2016-12-16,0.1409,0.1399,0.1406
1555,2016-12-19,0.141,0.1398,0.1399
1556,2016-12-20,0.1401,0.1393,0.1397
1557,2016-12-21,0.1406,0.1397,0.1402
1558,2016-12-22,0.1412,0.1402,0.1404
1559,2016-12-23,0.1408,0.1403,0.1407
1560,2016-12-26,0.1408,0.1404,0.1406
1561,2016-12-27,0.1407,0.1403,0.1407
1562,2016-12-28,0.141,0.1395,0.1401
1563,2016-12-29,0.1412,0.14,0.1411
1564,2016-12-30,0.1433,0.1411,0.1415
1565,2017-02-01,0.1417,0.1406,0.1406
1566,2017-03-01,0.1411,0.1391,0.14
1567,2017-04-01,0.1412,0.1398,0.1411
1568,2017-05-01,0.1428,0.141,0.1427
1569,2017-06-01,0.1428,0.1416,0.1417
1570,2017-09-01,0.1424,0.1414,0.1422
1571,2017-10-01,0.14300000000000002,0.1419,0.142
1572,2017-11-01,0.1429,0.1406,0.1424
1573,2017-12-01,0.1437,0.1422,0.1427
1574,2017-01-13,0.1435,0.1425,0.1431
1575,2017-01-16,0.1431,0.1423,0.1425
1576,2017-01-17,0.1441,0.1425,0.1441
1577,2017-01-18,0.1441,0.1429,0.1429
1578,2017-01-19,0.1436,0.1424,0.1434
1579,2017-01-20,0.14400000000000002,0.1429,0.1439
1580,2017-01-23,0.1448,0.1437,0.1448
1581,2017-01-24,0.1449,0.1442,0.1443
1582,2017-01-25,0.1448,0.14400000000000002,0.1445
1583,2017-01-26,0.1448,0.1433,0.1436
1584,2017-01-27,0.1442,0.1433,0.1438
1585,2017-01-30,0.1444,0.1428,0.1438
1586,2017-01-31,0.1454,0.1437,0.1452
1587,2017-01-02,0.1453,0.1443,0.1448
1588,2017-02-02,0.1456,0.1446,0.1446
1589,2017-03-02,0.1452,0.1441,0.145
1590,2017-06-02,0.1452,0.14400000000000002,0.1446
1591,2017-07-02,0.1446,0.1433,0.1437
1592,2017-08-02,0.1441,0.1431,0.1439
1593,2017-09-02,0.1441,0.1433,0.1433
1594,2017-10-02,0.1435,0.1427,0.1431
1595,2017-02-13,0.1434,0.1424,0.1425
1596,2017-02-14,0.14300000000000002,0.142,0.1422
1597,2017-02-15,0.1427,0.1415,0.1426
1598,2017-02-16,0.1437,0.1425,0.1436
1599,2017-02-17,0.1436,0.1427,0.1428
1600,2017-02-20,0.14300000000000002,0.1426,0.1428
1601,2017-02-21,0.1428,0.1416,0.1418
1602,2017-02-22,0.1423,0.1412,0.142
1603,2017-02-23,0.1425,0.1418,0.1424
1604,2017-02-24,0.1428,0.142,0.1421
1605,2017-02-27,0.14300000000000002,0.1419,0.1424
1606,2017-02-28,0.14300000000000002,0.1422,0.1423
1607,2017-01-03,0.1425,0.1415,0.1419
1608,2017-02-03,0.1419,0.1412,0.1413
1609,2017-03-03,0.1429,0.1413,0.1429
1610,2017-06-03,0.1431,0.1423,0.1424
1611,2017-07-03,0.1426,0.142,0.1422
1612,2017-08-03,0.1423,0.1417,0.1418
1613,2017-09-03,0.1428,0.1416,0.1423
1614,2017-10-03,0.1439,0.1422,0.1436
1615,2017-03-13,0.1441,0.1433,0.1433
1616,2017-03-14,0.1434,0.1426,0.1426
1617,2017-03-15,0.1445,0.1426,0.1444
1618,2017-03-16,0.1449,0.14400000000000002,0.1448
1619,2017-03-17,0.145,0.1443,0.1444
1620,2017-03-20,0.145,0.1443,0.1444
1621,2017-03-21,0.1455,0.1442,0.1454
1622,2017-03-22,0.1455,0.1449,0.1452
1623,2017-03-23,0.1453,0.1448,0.145
1624,2017-03-24,0.1454,0.1447,0.1452
1625,2017-03-27,0.1466,0.1452,0.146
1626,2017-03-28,0.1461,0.1452,0.1453
1627,2017-03-29,0.1455,0.1443,0.1447
1628,2017-03-30,0.1447,0.1435,0.1435
1629,2017-03-31,0.1439,0.1432,0.1432
1630,2017-03-04,0.1436,0.1431,0.1434
1631,2017-04-04,0.1436,0.14300000000000002,0.1435
1632,2017-05-04,0.1437,0.14300000000000002,0.1434
1633,2017-06-04,0.1437,0.14300000000000002,0.1431
1634,2017-07-04,0.1434,0.1423,0.1424
1635,2017-10-04,0.1426,0.1421,0.1425
1636,2017-11-04,0.14300000000000002,0.1423,0.1426
1637,2017-12-04,0.1435,0.1424,0.1434
1638,2017-04-13,0.1436,0.1426,0.1427
1639,2017-04-14,0.1429,0.1426,0.1427
1640,2017-04-17,0.1434,0.1425,0.1431
1641,2017-04-18,0.1443,0.14300000000000002,0.1442
1642,2017-04-19,0.1443,0.1438,0.14400000000000002
1643,2017-04-20,0.1449,0.14400000000000002,0.1441
1644,2017-04-21,0.1444,0.1436,0.1442
1645,2017-04-24,0.147,0.1455,0.1461
1646,2017-04-25,0.1472,0.1459,0.1468
1647,2017-04-26,0.1472,0.1459,0.1465
1648,2017-04-27,0.147,0.1459,0.1462
1649,2017-04-28,0.1472,0.146,0.1465
1650,2017-01-05,0.1469,0.1463,0.1466
1651,2017-02-05,0.147,0.1464,0.147
1652,2017-03-05,0.1471,0.1463,0.1464
1653,2017-04-05,0.1477,0.1462,0.1477
1654,2017-05-05,0.1479,0.1473,0.1479
1655,2017-08-05,0.1482,0.1467,0.1468
1656,2017-09-05,0.1469,0.146,0.1461
1657,2017-10-05,0.1465,0.1459,0.1461
1658,2017-11-05,0.1464,0.1457,0.146
1659,2017-12-05,0.147,0.1459,0.1469
1660,2017-05-15,0.1477,0.1468,0.1475
1661,2017-05-16,0.1492,0.1475,0.149
1662,2017-05-17,0.1501,0.1489,0.15
1663,2017-05-18,0.1502,0.1488,0.1492
1664,2017-05-19,0.1506,0.1491,0.1506
1665,2017-05-22,0.1513,0.1499,0.1509
1666,2017-05-23,0.1514,0.1501,0.1503
1667,2017-05-24,0.1508,0.1501,0.1508
1668,2017-05-25,0.1512,0.1504,0.1507
1669,2017-05-26,0.151,0.15,0.1502
1670,2017-05-29,0.1504,0.15,0.1501
1671,2017-05-30,0.1506,0.1493,0.1504
1672,2017-05-31,0.1512,0.1501,0.1512
1673,2017-01-06,0.1513,0.1506,0.1507
1674,2017-02-06,0.1517,0.1506,0.1516
1675,2017-05-06,0.1517,0.151,0.1513
1676,2017-06-06,0.1517,0.1511,0.1516
1677,2017-07-06,0.1517,0.1506,0.1514
1678,2017-08-06,0.1515,0.1505,0.1508
1679,2017-09-06,0.1511,0.1501,0.1505
1680,2017-12-06,0.151,0.1505,0.1507
1681,2017-06-13,0.1509,0.1504,0.1508
1682,2017-06-14,0.1519,0.1505,0.1509
1683,2017-06-15,0.151,0.1497,0.1499
1684,2017-06-16,0.1506,0.1498,0.1506
1685,2017-06-19,0.1508,0.1498,0.1499
1686,2017-06-20,0.1501,0.1495,0.1497
1687,2017-06-21,0.1501,0.1496,0.1501
1688,2017-06-22,0.1503,0.1498,0.1499
1689,2017-06-23,0.1507,0.1499,0.1505
1690,2017-06-26,0.1509,0.1502,0.1504
1691,2017-06-27,0.1526,0.1503,0.1525
1692,2017-06-28,0.1532,0.1518,0.153
1693,2017-06-29,0.1539,0.1529,0.1539
1694,2017-06-30,0.1539,0.1532,0.1537
1695,2017-03-07,0.1537,0.1527,0.1528
1696,2017-04-07,0.153,0.1524,0.1526
1697,2017-05-07,0.1529,0.1521,0.1526
1698,2017-06-07,0.1536,0.1523,0.1536
1699,2017-07-07,0.1538,0.153,0.1533
1700,2017-10-07,0.1535,0.1531,0.1533
1701,2017-11-07,0.1544,0.1531,0.1542
1702,2017-12-07,0.1545,0.1532,0.1534
1703,2017-07-13,0.154,0.1529,0.1533
1704,2017-07-14,0.1543,0.1532,0.1542
1705,2017-07-17,0.1545,0.1538,0.1543
1706,2017-07-18,0.1558,0.1543,0.1554
1707,2017-07-19,0.1554,0.1548,0.1549
1708,2017-07-20,0.1568,0.1544,0.1564
1709,2017-07-21,0.1571,0.1563,0.1568
1710,2017-07-24,0.1571,0.1564,0.1566
1711,2017-07-25,0.1575,0.1564,0.1566
1712,2017-07-26,0.1579,0.1562,0.1578
1713,2017-07-27,0.1584,0.1567,0.157
1714,2017-07-28,0.1582,0.157,0.158
1715,2017-07-31,0.1593,0.1576,0.1592
1716,2017-01-08,0.1593,0.1585,0.1587
1717,2017-02-08,0.1601,0.1586,0.1594
1718,2017-03-08,0.1599,0.1591,0.1596
1719,2017-04-08,0.1598,0.1577,0.1582
1720,2017-07-08,0.1588,0.1582,0.1586
1721,2017-08-08,0.1589,0.1575,0.158
1722,2017-09-08,0.1581,0.1571,0.1581
1723,2017-10-08,0.1584,0.1573,0.1583
1724,2017-11-08,0.1593,0.158,0.159
1725,2017-08-14,0.1593,0.1583,0.1584
1726,2017-08-15,0.1586,0.1572,0.1578
1727,2017-08-16,0.1584,0.1571,0.1582
1728,2017-08-17,0.1585,0.1568,0.1576
1729,2017-08-18,0.1583,0.1575,0.1581
1730,2017-08-21,0.159,0.1578,0.1589
1731,2017-08-22,0.159,0.1579,0.1581
1732,2017-08-23,0.159,0.1579,0.1587
1733,2017-08-24,0.1589,0.1584,0.1586
1734,2017-08-25,0.1605,0.1583,0.1603
1735,2017-08-28,0.1611,0.1602,0.161
1736,2017-08-29,0.1622,0.1606,0.1609
1737,2017-08-30,0.1611,0.1597,0.1598
1738,2017-08-31,0.1602,0.1589,0.1601
1739,2017-01-09,0.1611,0.1594,0.1595
1740,2017-04-09,0.1603,0.1594,0.16
1741,2017-05-09,0.1605,0.1596,0.1602
1742,2017-06-09,0.1606,0.16,0.1602
1743,2017-07-09,0.1621,0.1602,0.1616
1744,2017-08-09,0.1625,0.1615,0.1617
1745,2017-11-09,0.1618,0.1606,0.1607
1746,2017-12-09,0.161,0.1603,0.1608
1747,2017-09-13,0.1612,0.1596,0.1597
1748,2017-09-14,0.1602,0.1591,0.1602
1749,2017-09-15,0.1611,0.16,0.1605
1750,2017-09-18,0.1608,0.1601,0.1606
1751,2017-09-19,0.1614,0.1606,0.1612
1752,2017-09-20,0.1617,0.1594,0.1598
1753,2017-09-21,0.1607,0.1595,0.1605
1754,2017-09-22,0.1613,0.1604,0.1606
1755,2017-09-25,0.1604,0.159,0.1593
1756,2017-09-26,0.1594,0.158,0.1585
1757,2017-09-27,0.1585,0.1575,0.1578
1758,2017-09-28,0.1586,0.1575,0.1584
1759,2017-09-29,0.159,0.1582,0.1588
1760,2017-02-10,0.1588,0.1576,0.1576
1761,2017-03-10,0.1582,0.1572,0.1578
1762,2017-04-10,0.1584,0.1577,0.158
1763,2017-05-10,0.1583,0.1572,0.1573
1764,2017-06-10,0.1577,0.1568,0.1576
1765,2017-09-10,0.1579,0.1574,0.1577
1766,2017-10-10,0.1589,0.1577,0.1587
1767,2017-11-10,0.1594,0.1585,0.1593
1768,2017-12-10,0.1596,0.1589,0.1589
1769,2017-10-13,0.1595,0.1586,0.1588
1770,2017-10-16,0.1589,0.1583,0.1585
1771,2017-10-17,0.1585,0.1577,0.1581
1772,2017-10-18,0.1586,0.1576,0.1583
1773,2017-10-19,0.1593,0.1581,0.1592
1774,2017-10-20,0.1593,0.158,0.1583
1775,2017-10-23,0.1582,0.1575,0.1578
1776,2017-10-24,0.1584,0.1578,0.158
1777,2017-10-25,0.1588,0.1579,0.1587
1778,2017-10-26,0.159,0.1564,0.1565
1779,2017-10-27,0.1566,0.1556,0.156
1780,2017-10-30,0.1567,0.1558,0.1566
1781,2017-10-31,0.1567,0.1562,0.1565
1782,2017-01-11,0.1567,0.156,0.1561
1783,2017-02-11,0.1571,0.1561,0.1567
1784,2017-03-11,0.1571,0.1558,0.1559
1785,2017-06-11,0.1562,0.1556,0.156
1786,2017-07-11,0.1561,0.1553,0.1557
1787,2017-08-11,0.156,0.1556,0.1558
1788,2017-09-11,0.1566,0.1556,0.1564
1789,2017-10-11,0.1569,0.1562,0.1567
1790,2017-11-13,0.1569,0.1564,0.1568
1791,2017-11-14,0.1587,0.1567,0.1586
1792,2017-11-15,0.1594,0.1584,0.1584
1793,2017-11-16,0.1585,0.158,0.1582
1794,2017-11-17,0.1589,0.1581,0.1585
1795,2017-11-20,0.1587,0.1575,0.1577
1796,2017-11-21,0.158,0.1574,0.1577
1797,2017-11-22,0.1589,0.1577,0.1589
1798,2017-11-23,0.1593,0.1587,0.1592
1799,2017-11-24,0.1605,0.159,0.1603
1800,2017-11-27,0.1607,0.1599,0.1599
1801,2017-11-28,0.1602,0.1589,0.1591
1802,2017-11-29,0.1597,0.1588,0.1592
1803,2017-11-30,0.1603,0.1587,0.16
1804,2017-01-12,0.1604,0.1593,0.1598
1805,2017-04-12,0.1598,0.159,0.1594
1806,2017-05-12,0.1596,0.1586,0.1589
1807,2017-06-12,0.1592,0.1583,0.1585
1808,2017-07-12,0.1588,0.1582,0.1582
1809,2017-08-12,0.1582,0.1576,0.1582
1810,2017-11-12,0.1587,0.1581,0.1581
1811,2017-12-12,0.1584,0.1574,0.1578
1812,2017-12-13,0.1589,0.1576,0.1589
1813,2017-12-14,0.1594,0.1581,0.1582
1814,2017-12-15,0.1587,0.1578,0.1578
1815,2017-12-18,0.159,0.1576,0.1583
1816,2017-12-19,0.1592,0.1582,0.1591
1817,2017-12-20,0.1599,0.1589,0.1595
1818,2017-12-21,0.1597,0.1592,0.1595
1819,2017-12-22,0.1595,0.1587,0.1594
1820,2017-12-25,0.1597,0.1591,0.1594
1821,2017-12-26,0.1596,0.1591,0.1593
1822,2017-12-27,0.16,0.159,0.1597
1823,2017-12-28,0.1606,0.1597,0.1604
1824,2017-12-29,0.1615,0.1603,0.1611
1825,2018-01-01,0.1613,0.1611,0.1613
1826,2018-02-01,0.1623,0.1612,0.162
1827,2018-03-01,0.1621,0.1612,0.1614
1828,2018-04-01,0.1624,0.1612,0.1621
1829,2018-05-01,0.1623,0.1614,0.1615
1830,2018-08-01,0.1619,0.1606,0.1607
1831,2018-09-01,0.1608,0.16,0.1603
1832,2018-10-01,0.1614,0.1601,0.1604
1833,2018-11-01,0.1619,0.1602,0.1616
1834,2018-12-01,0.16399999999999998,0.1615,0.1638
1835,2018-01-15,0.1651,0.1636,0.1646
1836,2018-01-16,0.1649,0.1637,0.1646
1837,2018-01-17,0.1655,0.1636,0.1637
1838,2018-01-18,0.1647,0.1634,0.1644
1839,2018-01-19,0.1651,0.1641,0.1642
1840,2018-01-22,0.1649,0.1641,0.1647
1841,2018-01-23,0.1653,0.1642,0.1652
1842,2018-01-24,0.1667,0.1651,0.1667
1843,2018-01-25,0.1684,0.1661,0.1665
1844,2018-01-26,0.1678,0.1662,0.1669
1845,2018-01-29,0.1671,0.1658,0.1664
1846,2018-01-30,0.1674,0.1657,0.1666
1847,2018-01-31,0.1676,0.1664,0.1668
1848,2018-01-02,0.1682,0.1664,0.1681
1849,2018-02-02,0.1682,0.1667,0.1674
1850,2018-05-02,0.1676,0.1661,0.1661
1851,2018-06-02,0.16699999999999998,0.1655,0.1663
1852,2018-07-02,0.1667,0.1645,0.1648
1853,2018-08-02,0.1652,0.1641,0.1645
1854,2018-09-02,0.1651,0.16399999999999998,0.1646
1855,2018-12-02,0.1652,0.1643,0.165
1856,2018-02-13,0.1661,0.1649,0.1658
1857,2018-02-14,0.1673,0.1648,0.1671
1858,2018-02-15,0.1679,0.1671,0.1679
1859,2018-02-16,0.1685,0.1664,0.1665
1860,2018-02-19,0.1669,0.1661,0.1666
1861,2018-02-20,0.1667,0.1654,0.1657
1862,2018-02-21,0.166,0.1649,0.1649
1863,2018-02-22,0.1659,0.1646,0.1656
1864,2018-02-23,0.1657,0.1649,0.1651
1865,2018-02-26,0.1659,0.1649,0.1654
1866,2018-02-27,0.1658,0.1641,0.1643
1867,2018-02-28,0.1644,0.1637,0.1638
1868,2018-01-03,0.1648,0.1632,0.1647
1869,2018-02-03,0.1656,0.1645,0.1654
1870,2018-05-03,0.166,0.1648,0.1656
1871,2018-06-03,0.1667,0.1655,0.1665
1872,2018-07-03,0.16699999999999998,0.1662,0.1666
1873,2018-08-03,0.1671,0.1651,0.1653
1874,2018-09-03,0.1656,0.1648,0.1652
1875,2018-12-03,0.1658,0.165,0.1656
1876,2018-03-13,0.1666,0.1653,0.1663
1877,2018-03-14,0.1667,0.1658,0.166
1878,2018-03-15,0.1662,0.1651,0.1652
1879,2018-03-16,0.1656,0.1646,0.165
1880,2018-03-19,0.1659,0.1646,0.1656
1881,2018-03-20,0.1659,0.1643,0.1644
1882,2018-03-21,0.1658,0.1643,0.1656
1883,2018-03-22,0.1663,0.1649,0.1652
1884,2018-03-23,0.1661,0.1652,0.1658
1885,2018-03-26,0.1673,0.1657,0.1671
1886,2018-03-27,0.1676,0.1662,0.1665
1887,2018-03-28,0.1667,0.1651,0.1652
1888,2018-03-29,0.1655,0.1648,0.165
1889,2018-03-30,0.1654,0.1649,0.1653
1890,2018-02-04,0.1657,0.1648,0.1651
1891,2018-03-04,0.1656,0.1644,0.1647
1892,2018-04-04,0.1653,0.1645,0.1648
1893,2018-05-04,0.165,0.1641,0.1644
1894,2018-06-04,0.165,0.16399999999999998,0.1649
1895,2018-09-04,0.1656,0.1646,0.1654
1896,2018-10-04,0.1662,0.1652,0.1659
1897,2018-11-04,0.1665,0.1658,0.1661
1898,2018-12-04,0.1663,0.1652,0.1655
1899,2018-04-13,0.1658,0.1653,0.1656
1900,2018-04-16,0.1664,0.1655,0.1662
1901,2018-04-17,0.1667,0.1657,0.1661
1902,2018-04-18,0.1665,0.1657,0.1661
1903,2018-04-19,0.1665,0.1656,0.1658
1904,2018-04-20,0.1659,0.1645,0.165
1905,2018-04-23,0.165,0.1638,0.1639
1906,2018-04-24,0.1644,0.1636,0.1642
1907,2018-04-25,0.1643,0.1632,0.1632
1908,2018-04-26,0.1639,0.1624,0.1625
1909,2018-04-27,0.1628,0.1618,0.1628
1910,2018-04-30,0.1629,0.1619,0.1621
1911,2018-01-05,0.1622,0.1608,0.161
1912,2018-02-05,0.1615,0.1603,0.1604
1913,2018-03-05,0.1612,0.1604,0.1609
1914,2018-04-05,0.161,0.1599,0.1606
1915,2018-07-05,0.1608,0.1597,0.16
1916,2018-08-05,0.1603,0.1589,0.1593
1917,2018-09-05,0.1597,0.1587,0.1591
1918,2018-10-05,0.1604,0.159,0.1599
1919,2018-11-05,0.1606,0.1596,0.1603
1920,2018-05-14,0.161,0.1601,0.1601
1921,2018-05-15,0.1603,0.1587,0.1589
1922,2018-05-16,0.1591,0.1579,0.1585
1923,2018-05-17,0.1589,0.1581,0.1584
1924,2018-05-18,0.1587,0.1578,0.1581
1925,2018-05-21,0.1584,0.1573,0.1583
1926,2018-05-22,0.1588,0.1579,0.1581
1927,2018-05-23,0.1583,0.1567,0.157
1928,2018-05-24,0.1577,0.1569,0.1573
1929,2018-05-25,0.1575,0.1564,0.1564
1930,2018-05-28,0.1575,0.1559,0.1561
1931,2018-05-29,0.1563,0.1546,0.1551
1932,2018-05-30,0.1568,0.1548,0.1567
1933,2018-05-31,0.1575,0.1564,0.1571
1934,2018-01-06,0.1574,0.1561,0.1566
1935,2018-04-06,0.1578,0.1565,0.1572
1936,2018-05-06,0.1576,0.1566,0.1574
1937,2018-06-06,0.1585,0.1574,0.1581
1938,2018-07-06,0.159,0.1581,0.1584
1939,2018-08-06,0.1586,0.1575,0.158
1940,2018-11-06,0.1587,0.1578,0.1582
1941,2018-12-06,0.1585,0.1575,0.1576
1942,2018-06-13,0.1584,0.1574,0.1583
1943,2018-06-14,0.1591,0.1552,0.1553
1944,2018-06-15,0.1561,0.155,0.1558
1945,2018-06-18,0.156,0.1552,0.156
1946,2018-06-19,0.1563,0.1547,0.1555
1947,2018-06-20,0.1557,0.1548,0.1553
1948,2018-06-21,0.1561,0.1545,0.1557
1949,2018-06-22,0.1567,0.1556,0.1564
1950,2018-06-25,0.1572,0.156,0.1571
1951,2018-06-26,0.1573,0.1562,0.1563
1952,2018-06-27,0.1566,0.1549,0.1551
1953,2018-06-28,0.1557,0.1547,0.1552
1954,2018-06-29,0.1569,0.1551,0.1568
1955,2018-02-07,0.1569,0.1556,0.1562
1956,2018-03-07,0.1567,0.156,0.1565
1957,2018-04-07,0.1568,0.1561,0.1565
1958,2018-05-07,0.1573,0.1563,0.1569
1959,2018-06-07,0.1579,0.1567,0.1576
1960,2018-09-07,0.1582,0.1574,0.1576
1961,2018-10-07,0.1578,0.1568,0.1576
1962,2018-11-07,0.1577,0.1565,0.1566
1963,2018-12-07,0.157,0.1563,0.1565
1964,2018-07-13,0.1569,0.1558,0.1568
1965,2018-07-16,0.1573,0.1566,0.1571
1966,2018-07-17,0.1575,0.1563,0.1564
1967,2018-07-18,0.1565,0.1556,0.1562
1968,2018-07-19,0.1567,0.1553,0.1562
1969,2018-07-20,0.1575,0.156,0.1573
1970,2018-07-23,0.1577,0.1568,0.1569
1971,2018-07-24,0.1573,0.1564,0.1569
1972,2018-07-25,0.1575,0.1565,0.1574
1973,2018-07-26,0.1576,0.1562,0.1563
1974,2018-07-27,0.1566,0.156,0.1565
1975,2018-07-30,0.1573,0.1564,0.1572
1976,2018-07-31,0.1577,0.1568,0.1569
1977,2018-01-08,0.157,0.1564,0.1565
1978,2018-02-08,0.1566,0.1554,0.1555
1979,2018-03-08,0.1558,0.1551,0.1552
1980,2018-06-08,0.1553,0.1547,0.155
1981,2018-07-08,0.1558,0.155,0.1556
1982,2018-08-08,0.156,0.1553,0.1557
1983,2018-09-08,0.1559,0.1546,0.1546
1984,2018-10-08,0.1547,0.1528,0.1531
1985,2018-08-13,0.1534,0.1525,0.1531
1986,2018-08-14,0.1533,0.152,0.1522
1987,2018-08-15,0.1523,0.1515,0.1522
1988,2018-08-16,0.153,0.1521,0.1526
1989,2018-08-17,0.1534,0.1524,0.1534
1990,2018-08-20,0.154,0.1528,0.154
1991,2018-08-21,0.1555,0.1539,0.1551
1992,2018-08-22,0.1558,0.1549,0.1555
1993,2018-08-23,0.1555,0.1546,0.1547
1994,2018-08-24,0.156,0.1546,0.1558
1995,2018-08-27,0.1568,0.1554,0.1566
1996,2018-08-28,0.1573,0.1564,0.1568
1997,2018-08-29,0.157,0.1563,0.157
1998,2018-08-30,0.1571,0.1561,0.1565
1999,2018-08-31,0.1568,0.1554,0.1556
2000,2018-03-09,0.156,0.1554,0.1559
2001,2018-04-09,0.1559,0.1547,0.1554
2002,2018-05-09,0.1561,0.1548,0.156
2003,2018-06-09,0.1564,0.1556,0.1559
2004,2018-07-09,0.1562,0.1549,0.1549
2005,2018-10-09,0.1557,0.1546,0.1555
2006,2018-11-09,0.1561,0.155,0.1556
2007,2018-12-09,0.1562,0.1551,0.1559
2008,2018-09-13,0.1569,0.1556,0.1567
2009,2018-09-14,0.1571,0.1558,0.1558
2010,2018-09-17,0.1568,0.1557,0.1566
2011,2018-09-18,0.1572,0.1562,0.1564
2012,2018-09-19,0.157,0.1562,0.1565
2013,2018-09-20,0.158,0.1564,0.1579
2014,2018-09-21,0.1582,0.1573,0.1575
2015,2018-09-24,0.1584,0.1572,0.1575
2016,2018-09-25,0.1581,0.1573,0.1578
2017,2018-09-26,0.1582,0.1572,0.1574
2018,2018-09-27,0.1576,0.1561,0.1561
2019,2018-09-28,0.1562,0.1552,0.1556
2020,2018-01-10,0.1559,0.1551,0.1553
2021,2018-02-10,0.1553,0.1543,0.1549
2022,2018-03-10,0.1555,0.1538,0.1539
2023,2018-04-10,0.1548,0.1538,0.1544
2024,2018-05-10,0.1548,0.154,0.1545
2025,2018-08-10,0.1546,0.1536,0.154
2026,2018-09-10,0.1542,0.1533,0.154
2027,2018-10-10,0.1548,0.1539,0.1544
2028,2018-11-10,0.1555,0.1544,0.1554
2029,2018-12-10,0.1556,0.1546,0.1549
2030,2018-10-15,0.1556,0.1546,0.1552
2031,2018-10-16,0.1558,0.155,0.1551
2032,2018-10-17,0.1552,0.1541,0.1542
2033,2018-10-18,0.1545,0.1535,0.1535
2034,2018-10-19,0.1546,0.1533,0.1543
2035,2018-10-22,0.1548,0.1535,0.1537
2036,2018-10-23,0.1541,0.1533,0.1538
2037,2018-10-24,0.1538,0.1525,0.1527
2038,2018-10-25,0.1532,0.1522,0.1525
2039,2018-10-26,0.1531,0.1519,0.1528
2040,2018-10-29,0.1532,0.1523,0.1524
2041,2018-10-30,0.1526,0.152,0.152
2042,2018-10-31,0.1522,0.1515,0.1516
2043,2018-01-11,0.1531,0.1516,0.1529
2044,2018-02-11,0.1536,0.1524,0.1526
2045,2018-05-11,0.1531,0.1522,0.1529
2046,2018-06-11,0.1533,0.1527,0.1532
2047,2018-07-11,0.1542,0.1528,0.1532
2048,2018-08-11,0.1534,0.1522,0.1524
2049,2018-09-11,0.1524,0.1517,0.152
2050,2018-12-11,0.1519,0.1503,0.1504
2051,2018-11-13,0.1514,0.1504,0.1513
2052,2018-11-14,0.1521,0.151,0.1516
2053,2018-11-15,0.1523,0.151,0.1518
2054,2018-11-16,0.153,0.1517,0.153
2055,2018-11-19,0.1536,0.1527,0.1535
2056,2018-11-20,0.1537,0.1522,0.1524
2057,2018-11-21,0.1531,0.1523,0.1526
2058,2018-11-22,0.1532,0.1525,0.1528
2059,2018-11-23,0.1531,0.1518,0.1519
2060,2018-11-26,0.1526,0.1518,0.1518
2061,2018-11-27,0.152,0.1512,0.1513
2062,2018-11-28,0.1526,0.151,0.1523
2063,2018-11-29,0.1528,0.1521,0.1527
2064,2018-11-30,0.1528,0.1515,0.1516
2065,2018-03-12,0.1525,0.1517,0.1521
2066,2018-04-12,0.153,0.1517,0.152
2067,2018-05-12,0.1522,0.1516,0.152
2068,2018-06-12,0.1529,0.1517,0.1524
2069,2018-07-12,0.153,0.1522,0.1524
2070,2018-10-12,0.1533,0.1521,0.1521
2071,2018-11-12,0.1527,0.1515,0.1516
2072,2018-12-12,0.1526,0.1516,0.1523
2073,2018-12-13,0.1526,0.1518,0.1522
2074,2018-12-14,0.1523,0.151,0.1514
2075,2018-12-17,0.1521,0.1513,0.152
2076,2018-12-18,0.1527,0.1518,0.1521
2077,2018-12-19,0.1532,0.1521,0.1523
2078,2018-12-20,0.1538,0.1523,0.1533
2079,2018-12-21,0.1537,0.1521,0.1523
2080,2018-12-24,0.1532,0.1522,0.1528
2081,2018-12-25,0.153,0.1522,0.1525
2082,2018-12-26,0.1529,0.1519,0.152
2083,2018-12-27,0.1534,0.152,0.1531
2084,2018-12-28,0.1536,0.1531,0.1533
2085,2018-12-31,0.1536,0.153,0.1536
2086,2019-01-01,0.1536,0.1531,0.1535
2087,2019-02-01,0.154,0.1517,0.1519
2088,2019-03-01,0.1528,0.1515,0.1526
2089,2019-04-01,0.1529,0.1519,0.1526
2090,2019-07-01,0.1538,0.1526,0.1536
2091,2019-08-01,0.1538,0.153,0.1532
2092,2019-09-01,0.1548,0.1532,0.1546
2093,2019-10-01,0.155,0.1539,0.1541
2094,2019-11-01,0.1546,0.1535,0.1536
2095,2019-01-14,0.1538,0.1533,0.1537
2096,2019-01-15,0.1539,0.1525,0.1529
2097,2019-01-16,0.1531,0.1524,0.1526
2098,2019-01-17,0.1528,0.1523,0.1526
2099,2019-01-18,0.1529,0.1521,0.1522
2100,2019-01-21,0.1528,0.1521,0.1522
2101,2019-01-22,0.1523,0.1518,0.1521
2102,2019-01-23,0.1526,0.152,0.1524
2103,2019-01-24,0.1526,0.1512,0.1514
2104,2019-01-25,0.1529,0.1514,0.1528
2105,2019-01-28,0.1533,0.1526,0.1531
2106,2019-01-29,0.1534,0.1529,0.1531
2107,2019-01-30,0.1541,0.1528,0.1538
2108,2019-01-31,0.1542,0.1532,0.1533
2109,2019-01-02,0.1539,0.1532,0.1535
2110,2019-04-02,0.1536,0.153,0.1532
2111,2019-05-02,0.1533,0.1527,0.1528
2112,2019-06-02,0.1528,0.1522,0.1522
2113,2019-07-02,0.1523,0.1517,0.152
2114,2019-08-02,0.1521,0.1517,0.1517
2115,2019-11-02,0.1518,0.151,0.1511
2116,2019-12-02,0.152,0.1509,0.1518
2117,2019-02-13,0.152,0.1509,0.1509
2118,2019-02-14,0.1516,0.1508,0.1514
2119,2019-02-15,0.1515,0.1506,0.1514
2120,2019-02-18,0.1519,0.1512,0.1516
2121,2019-02-19,0.1522,0.1511,0.152
2122,2019-02-20,0.1524,0.1518,0.152
2123,2019-02-21,0.1523,0.1517,0.1519
2124,2019-02-22,0.1522,0.1517,0.1519
2125,2019-02-25,0.1524,0.1518,0.1522
2126,2019-02-26,0.1528,0.1521,0.1526
2127,2019-02-27,0.1528,0.1523,0.1524
2128,2019-02-28,0.1531,0.1523,0.1524
2129,2019-01-03,0.1529,0.1522,0.1523
2130,2019-04-03,0.1527,0.1516,0.152
2131,2019-05-03,0.152,0.1513,0.1516
2132,2019-06-03,0.1518,0.1513,0.1515
2133,2019-07-03,0.1517,0.1498,0.1501
2134,2019-08-03,0.1507,0.1499,0.1506
2135,2019-11-03,0.1509,0.1504,0.1507
2136,2019-12-03,0.1515,0.1507,0.1513
2137,2019-03-13,0.152,0.1512,0.1518
2138,2019-03-14,0.152,0.1514,0.1515
2139,2019-03-15,0.152,0.1514,0.1518
2140,2019-03-18,0.1522,0.1516,0.1519
2141,2019-03-19,0.1523,0.1519,0.1521
2142,2019-03-20,0.1534,0.1519,0.1529
2143,2019-03-21,0.1533,0.152,0.1524
2144,2019-03-22,0.1526,0.1511,0.1514
2145,2019-03-25,0.1518,0.1512,0.1516
2146,2019-03-26,0.1517,0.1509,0.1509
2147,2019-03-27,0.1511,0.1506,0.1506
2148,2019-03-28,0.1508,0.1502,0.1503
2149,2019-03-29,0.1507,0.1502,0.1503
2150,2019-01-04,0.1507,0.1501,0.1502
2151,2019-02-04,0.1503,0.1498,0.1501
2152,2019-03-04,0.1508,0.15,0.1505
2153,2019-04-04,0.1507,0.1501,0.1503
2154,2019-05-04,0.1506,0.1502,0.1502
2155,2019-08-04,0.151,0.1502,0.1509
2156,2019-09-04,0.1512,0.1508,0.1509
2157,2019-10-04,0.1512,0.1504,0.151
2158,2019-11-04,0.1512,0.1507,0.1507
2159,2019-12-04,0.1517,0.1507,0.1514
2160,2019-04-15,0.1517,0.1513,0.1514
2161,2019-04-16,0.1516,0.1512,0.1512
2162,2019-04-17,0.1517,0.1511,0.1513
2163,2019-04-18,0.1514,0.1504,0.1504
2164,2019-04-19,0.1507,0.1504,0.1506
2165,2019-04-22,0.1508,0.1505,0.1508
2166,2019-04-23,0.1508,0.1499,0.1504
2167,2019-04-24,0.1504,0.1492,0.1494
2168,2019-04-25,0.1495,0.1489,0.1491
2169,2019-04-26,0.1497,0.1488,0.1494
2170,2019-04-29,0.1498,0.1492,0.1498
2171,2019-04-30,0.1504,0.1497,0.1502
2172,2019-01-05,0.1509,0.1498,0.15
2173,2019-02-05,0.1503,0.1496,0.1496
2174,2019-03-05,0.1501,0.1492,0.15
2175,2019-06-05,0.1501,0.1494,0.15
2176,2019-07-05,0.1502,0.1496,0.1499
2177,2019-08-05,0.1502,0.1498,0.1499
2178,2019-09-05,0.1507,0.1497,0.1502
2179,2019-10-05,0.1507,0.1502,0.1505
2180,2019-05-13,0.1508,0.1503,0.1503
2181,2019-05-14,0.1506,0.15,0.15
2182,2019-05-15,0.1503,0.1497,0.15
2183,2019-05-16,0.1503,0.1495,0.1496
2184,2019-05-17,0.1498,0.1494,0.1494
2185,2019-05-20,0.1496,0.1493,0.1495
2186,2019-05-21,0.1498,0.1492,0.1494
2187,2019-05-22,0.1497,0.1493,0.1493
2188,2019-05-23,0.1498,0.1487,0.1497
2189,2019-05-24,0.1501,0.1496,0.15
2190,2019-05-27,0.1502,0.1498,0.1499
2191,2019-05-28,0.15,0.1495,0.1495
2192,2019-05-29,0.1496,0.149,0.1491
2193,2019-05-30,0.1492,0.1488,0.149
2194,2019-05-31,0.1497,0.149,0.1496
2195,2019-03-06,0.1508,0.1494,0.1505
2196,2019-04-06,0.151,0.1503,0.1507
2197,2019-05-06,0.1514,0.1502,0.1502
2198,2019-06-06,0.1514,0.15,0.151
2199,2019-07-06,0.152,0.1507,0.1518
2200,2019-10-06,0.1517,0.1512,0.1515
2201,2019-11-06,0.1518,0.1513,0.1517
2202,2019-12-06,0.1519,0.1511,0.1512
2203,2019-06-13,0.1514,0.1509,0.151
2204,2019-06-14,0.1512,0.15,0.1501
2205,2019-06-17,0.1506,0.15,0.1502
2206,2019-06-18,0.1506,0.1497,0.1499
2207,2019-06-19,0.1507,0.1498,0.1503
2208,2019-06-20,0.1516,0.1503,0.1512
2209,2019-06-21,0.1524,0.1511,0.1523
2210,2019-06-24,0.1527,0.1521,0.1527
2211,2019-06-25,0.1528,0.152,0.1523
2212,2019-06-26,0.1526,0.152,0.1523
2213,2019-06-27,0.1525,0.152,0.1523
2214,2019-06-28,0.1526,0.1521,0.1524
2215,2019-01-07,0.1524,0.1511,0.1512
2216,2019-02-07,0.1517,0.1511,0.1512
2217,2019-03-07,0.1515,0.151,0.1511
2218,2019-04-07,0.1514,0.151,0.1512
2219,2019-05-07,0.1512,0.1502,0.1504
2220,2019-08-07,0.1505,0.1502,0.1503
2221,2019-09-07,0.1504,0.15,0.1502
2222,2019-10-07,0.1509,0.1501,0.1507
2223,2019-11-07,0.1511,0.1506,0.1507
2224,2019-12-07,0.151,0.1505,0.1509
2225,2019-07-15,0.1511,0.1507,0.1508
2226,2019-07-16,0.1508,0.15,0.1501
2227,2019-07-17,0.1504,0.15,0.1503
2228,2019-07-18,0.1511,0.1501,0.151
2229,2019-07-19,0.1511,0.1501,0.1503
2230,2019-07-22,0.1503,0.1501,0.1501
2231,2019-07-23,0.1502,0.1493,0.1494
2232,2019-07-24,0.1494,0.149,0.1492
2233,2019-07-25,0.1498,0.1487,0.1493
2234,2019-07-26,0.1493,0.1488,0.149
2235,2019-07-29,0.1493,0.1488,0.1493
2236,2019-07-30,0.1495,0.1491,0.1494
2237,2019-07-31,0.1495,0.1481,0.1483
2238,2019-01-08,0.1486,0.1477,0.1485
2239,2019-02-08,0.1489,0.1483,0.1488
2240,2019-05-08,0.1502,0.1487,0.1501
2241,2019-06-08,0.1507,0.1496,0.15
2242,2019-07-08,0.1506,0.1498,0.1501
2243,2019-08-08,0.1505,0.1498,0.1498
2244,2019-09-08,0.1504,0.1498,0.1501
2245,2019-12-08,0.1505,0.1496,0.1502
2246,2019-08-13,0.1504,0.1497,0.1497
2247,2019-08-14,0.15,0.1492,0.1493
2248,2019-08-15,0.1496,0.1487,0.1489
2249,2019-08-16,0.149,0.1484,0.1487
2250,2019-08-19,0.149,0.1485,0.1486
2251,2019-08-20,0.149,0.1484,0.1489
2252,2019-08-21,0.149,0.1486,0.1487
2253,2019-08-22,0.149,0.1484,0.1486
2254,2019-08-23,0.1496,0.1482,0.1494
2255,2019-08-26,0.1497,0.1488,0.1489
2256,2019-08-27,0.1491,0.1487,0.1487
2257,2019-08-28,0.1488,0.1485,0.1486
2258,2019-08-29,0.1488,0.1481,0.1483
2259,2019-08-30,0.1483,0.147,0.1473
2260,2019-02-09,0.1475,0.147,0.1471
2261,2019-03-09,0.1472,0.1465,0.1472
2262,2019-04-09,0.14800000000000002,0.1471,0.1479
2263,2019-05-09,0.1486,0.1477,0.1479
2264,2019-06-09,0.1482,0.1477,0.1478
2265,2019-09-09,0.1484,0.1476,0.1481
2266,2019-10-09,0.1483,0.1478,0.14800000000000002
2267,2019-11-09,0.1482,0.1472,0.1476
2268,2019-12-09,0.1486,0.1464,0.1483
2269,2019-09-13,0.1488,0.1481,0.1483
2270,2019-09-16,0.1486,0.1472,0.1473
2271,2019-09-17,0.1483,0.1472,0.1483
2272,2019-09-18,0.1483,0.1475,0.1477
2273,2019-09-19,0.1483,0.1476,0.1479
2274,2019-09-20,0.1482,0.1473,0.1475
2275,2019-09-23,0.1476,0.1469,0.1472
2276,2019-09-24,0.1477,0.1471,0.1476
2277,2019-09-25,0.1477,0.1465,0.1466
2278,2019-09-26,0.1469,0.1461,0.1463
2279,2019-09-27,0.1468,0.146,0.1465
2280,2019-09-30,0.1466,0.1458,0.146
2281,2019-01-10,0.1466,0.1457,0.1464
2282,2019-02-10,0.1468,0.1461,0.1468
2283,2019-03-10,0.1473,0.1466,0.1468
2284,2019-04-10,0.1473,0.1467,0.147
2285,2019-07-10,0.1473,0.1468,0.1469
2286,2019-08-10,0.1472,0.1465,0.1467
2287,2019-09-10,0.1471,0.1466,0.1469
2288,2019-10-10,0.1477,0.1469,0.1474
2289,2019-11-10,0.1481,0.1473,0.1478
2290,2019-10-14,0.1479,0.1475,0.1476
2291,2019-10-15,0.1479,0.1471,0.1477
2292,2019-10-16,0.1484,0.1475,0.1482
2293,2019-10-17,0.1491,0.1481,0.1489
2294,2019-10-18,0.1495,0.1488,0.1495
2295,2019-10-21,0.1496,0.1491,0.1492
2296,2019-10-22,0.1493,0.1488,0.1489
2297,2019-10-23,0.1491,0.1487,0.149
2298,2019-10-24,0.1494,0.1485,0.1486
2299,2019-10-25,0.1489,0.1482,0.1483
2300,2019-10-28,0.1487,0.1483,0.1486
2301,2019-10-29,0.1488,0.1482,0.1487
2302,2019-10-30,0.1493,0.1483,0.1492
2303,2019-10-31,0.1496,0.149,0.1493
2304,2019-01-11,0.1495,0.1489,0.1494
2305,2019-04-11,0.1496,0.1489,0.1489
2306,2019-05-11,0.1491,0.1481,0.1482
2307,2019-06-11,0.1485,0.1481,0.1481
2308,2019-07-11,0.1484,0.1477,0.1479
2309,2019-08-11,0.14800000000000002,0.1474,0.1475
2310,2019-11-11,0.1478,0.1474,0.1477
2311,2019-12-11,0.1477,0.1472,0.1473
2312,2019-11-13,0.1475,0.1471,0.1473
2313,2019-11-14,0.1476,0.1471,0.1475
2314,2019-11-15,0.14800000000000002,0.1474,0.1479
2315,2019-11-18,0.1484,0.1478,0.1482
2316,2019-11-19,0.1483,0.14800000000000002,0.1483
2317,2019-11-20,0.1483,0.1479,0.1482
2318,2019-11-21,0.1485,0.1479,0.14800000000000002
2319,2019-11-22,0.1484,0.1474,0.1475
2320,2019-11-25,0.1477,0.1473,0.1474
2321,2019-11-26,0.1476,0.1473,0.1475
2322,2019-11-27,0.1475,0.1471,0.1472
2323,2019-11-28,0.1475,0.1472,0.1474
2324,2019-11-29,0.1476,0.147,0.1475
2325,2019-02-12,0.1484,0.1473,0.1483
2326,2019-03-12,0.1485,0.1481,0.1483
2327,2019-04-12,0.1488,0.1481,0.1483
2328,2019-05-12,0.1487,0.1483,0.1486
2329,2019-06-12,0.1487,0.1477,0.14800000000000002
2330,2019-09-12,0.1483,0.1479,0.1481
2331,2019-10-12,0.1485,0.14800000000000002,0.1484
2332,2019-11-12,0.1491,0.1481,0.1489
2333,2019-12-12,0.1493,0.1486,0.1489
2334,2019-12-13,0.1499,0.1487,0.1488
2335,2019-12-16,0.1493,0.1488,0.1491
2336,2019-12-17,0.1495,0.1489,0.1492
2337,2019-12-18,0.1493,0.1487,0.1487
2338,2019-12-19,0.1491,0.1486,0.1488
2339,2019-12-20,0.1489,0.1481,0.1483
2340,2019-12-23,0.1485,0.1482,0.1485
2341,2019-12-24,0.1485,0.1482,0.1484
2342,2019-12-25,0.1486,0.1482,0.1484
2343,2019-12-26,0.1487,0.1483,0.1485
2344,2019-12-27,0.1498,0.1485,0.1496
2345,2019-12-30,0.1502,0.1496,0.1499
2346,2019-12-31,0.1504,0.1499,0.1501
2347,2020-01-01,0.1502,0.15,0.1501
2348,2020-02-01,0.1502,0.1494,0.1495
2349,2020-03-01,0.1496,0.1489,0.1493
2350,2020-06-01,0.1499,0.1493,0.1498
2351,2020-07-01,0.1498,0.149,0.1492
2352,2020-08-01,0.1495,0.1486,0.1486
2353,2020-09-01,0.1488,0.1484,0.1486
2354,2020-10-01,0.1489,0.1483,0.1488
2355,2020-01-13,0.1492,0.1487,0.149
2356,2020-01-14,0.1491,0.1486,0.1489
2357,2020-01-15,0.1494,0.1488,0.1492
2358,2020-01-16,0.1495,0.1489,0.149
2359,2020-01-17,0.1491,0.1484,0.1484
2360,2020-01-20,0.1486,0.1482,0.1485
2361,2020-01-21,0.1488,0.1483,0.1483
2362,2020-01-22,0.1485,0.1481,0.1484
2363,2020-01-23,0.1486,0.1477,0.1479
2364,2020-01-24,0.14800000000000002,0.1475,0.1475
2365,2020-01-27,0.1477,0.1473,0.1475
2366,2020-01-28,0.1475,0.1472,0.1475
2367,2020-01-29,0.1476,0.1471,0.1473
2368,2020-01-30,0.1477,0.1473,0.1476
2369,2020-01-31,0.1485,0.1474,0.1484
2370,2020-03-02,0.1485,0.1477,0.14800000000000002
2371,2020-04-02,0.1481,0.1476,0.1478
2372,2020-05-02,0.1478,0.1471,0.1472
2373,2020-06-02,0.1474,0.1467,0.147
2374,2020-07-02,0.147,0.1464,0.1465
2375,2020-10-02,0.1466,0.146,0.146
2376,2020-11-02,0.1462,0.1458,0.1461
2377,2020-12-02,0.1462,0.1454,0.1455
2378,2020-02-13,0.1457,0.145,0.1451
2379,2020-02-14,0.1454,0.1449,0.145
2380,2020-02-17,0.1452,0.1449,0.145
2381,2020-02-18,0.1451,0.1444,0.1445
2382,2020-02-19,0.1448,0.1444,0.1447
2383,2020-02-20,0.1449,0.1443,0.1444
2384,2020-02-21,0.1454,0.1444,0.1452
2385,2020-02-24,0.1455,0.1447,0.1453
2386,2020-02-25,0.1458,0.145,0.1457
2387,2020-02-26,0.146,0.1453,0.1456
2388,2020-02-27,0.1473,0.1456,0.1472
2389,2020-02-28,0.1479,0.1465,0.1476
2390,2020-02-03,0.1497,0.1473,0.149
2391,2020-03-03,0.15,0.1485,0.1495
2392,2020-04-03,0.1497,0.1485,0.149
2393,2020-05-03,0.1505,0.1488,0.1505
2394,2020-06-03,0.152,0.1501,0.1511
2395,2020-09-03,0.1538,0.151,0.1534
2396,2020-10-03,0.1535,0.1509,0.151
2397,2020-11-03,0.1521,0.1507,0.1508
2398,2020-12-03,0.1517,0.1479,0.1497
2399,2020-03-13,0.1502,0.1479,0.1486
2400,2020-03-16,0.1504,0.1478,0.1497
2401,2020-03-17,0.1498,0.1466,0.1472
2402,2020-03-18,0.1478,0.1445,0.146
2403,2020-03-19,0.1469,0.1426,0.1431
2404,2020-03-20,0.1449,0.1425,0.1431
2405,2020-03-23,0.1449,0.1424,0.1436
2406,2020-03-24,0.1458,0.1435,0.1445
2407,2020-03-25,0.1459,0.1441,0.1457
2408,2020-03-26,0.1482,0.1455,0.1478
2409,2020-03-27,0.1494,0.1468,0.1492
2410,2020-03-30,0.1493,0.1474,0.1479
2411,2020-03-31,0.1481,0.1463,0.1478
2412,2020-01-04,0.1479,0.1461,0.1469
2413,2020-02-04,0.1469,0.1449,0.1454
2414,2020-03-04,0.1455,0.1442,0.1447
2415,2020-06-04,0.1451,0.1442,0.1446
2416,2020-07-04,0.1463,0.1445,0.1459
2417,2020-08-04,0.146,0.1451,0.1455
2418,2020-09-04,0.1467,0.1452,0.1464
2419,2020-10-04,0.1467,0.1463,0.1465
2420,2020-04-13,0.1469,0.1459,0.1462
2421,2020-04-14,0.1472,0.1461,0.1471
2422,2020-04-15,0.1473,0.1455,0.1462
2423,2020-04-16,0.1462,0.145,0.1453
2424,2020-04-17,0.146,0.1449,0.1457
2425,2020-04-20,0.1461,0.1453,0.1457
2426,2020-04-21,0.1459,0.145,0.1456
2427,2020-04-22,0.1459,0.1449,0.1451
2428,2020-04-23,0.1454,0.1442,0.1445
2429,2020-04-24,0.1452,0.1438,0.1451
2430,2020-04-27,0.1456,0.1448,0.1452
2431,2020-04-28,0.146,0.145,0.1451
2432,2020-04-29,0.1459,0.1451,0.1458
2433,2020-04-30,0.1471,0.1452,0.1468
2434,2020-01-05,0.1477,0.1465,0.1472
2435,2020-04-05,0.1473,0.146,0.1462
2436,2020-05-05,0.1464,0.1451,0.1453
2437,2020-06-05,0.1453,0.1445,0.1447
2438,2020-07-05,0.1452,0.1443,0.1452
2439,2020-08-05,0.1458,0.145,0.1453
2440,2020-11-05,0.1456,0.1448,0.1449
2441,2020-12-05,0.146,0.1446,0.1455
2442,2020-05-13,0.1461,0.145,0.1451
2443,2020-05-14,0.1452,0.1445,0.1449
2444,2020-05-15,0.1455,0.1447,0.1451
2445,2020-05-18,0.1465,0.1448,0.1464
2446,2020-05-19,0.1472,0.1462,0.1465
2447,2020-05-20,0.1475,0.1465,0.1473
2448,2020-05-21,0.1476,0.1467,0.1468
2449,2020-05-22,0.1469,0.146,0.1462
2450,2020-05-25,0.1464,0.1458,0.1462
2451,2020-05-26,0.1474,0.1461,0.1473
2452,2020-05-27,0.1479,0.1466,0.1476
2453,2020-05-28,0.1488,0.1474,0.1486
2454,2020-05-29,0.1495,0.1485,0.1489
2455,2020-01-06,0.1496,0.1486,0.1494
2456,2020-02-06,0.1502,0.1491,0.1499
2457,2020-03-06,0.151,0.1498,0.1507
2458,2020-04-06,0.1524,0.1502,0.1521
2459,2020-05-06,0.1527,0.1513,0.1514
2460,2020-08-06,0.1518,0.1511,0.1515
2461,2020-09-06,0.1524,0.1508,0.1521
2462,2020-10-06,0.1532,0.1519,0.1526
2463,2020-11-06,0.153,0.1514,0.1516
2464,2020-12-06,0.1521,0.1504,0.151
2465,2020-06-15,0.152,0.1506,0.1519
2466,2020-06-16,0.1523,0.1506,0.1511
2467,2020-06-17,0.1515,0.1503,0.1508
2468,2020-06-18,0.1511,0.15,0.1503
2469,2020-06-19,0.151,0.1498,0.1499
2470,2020-06-22,0.1512,0.1498,0.151
2471,2020-06-23,0.1523,0.1507,0.1517
2472,2020-06-24,0.152,0.1509,0.1509
2473,2020-06-25,0.1511,0.1501,0.1505
2474,2020-06-26,0.1508,0.1502,0.1506
2475,2020-06-29,0.1515,0.1505,0.1509
2476,2020-06-30,0.1511,0.1502,0.1507
2477,2020-01-07,0.1513,0.1501,0.151
2478,2020-02-07,0.1517,0.1506,0.1508
2479,2020-03-07,0.151,0.1506,0.1509
2480,2020-06-07,0.1523,0.1509,0.1518
2481,2020-07-07,0.1521,0.1511,0.1513
2482,2020-08-07,0.1524,0.1512,0.1521
2483,2020-09-07,0.1526,0.1515,0.1515
2484,2020-10-07,0.1521,0.1511,0.1517
2485,2020-07-13,0.1528,0.1517,0.1524
2486,2020-07-14,0.1533,0.1521,0.1531
2487,2020-07-15,0.1538,0.153,0.1533
2488,2020-07-16,0.1537,0.1527,0.1529
2489,2020-07-17,0.1537,0.1528,0.1535
2490,2020-07-20,0.154,0.1531,0.1537
2491,2020-07-21,0.1551,0.1534,0.1549
2492,2020-07-22,0.1558,0.1546,0.1555
2493,2020-07-23,0.1562,0.1551,0.1558
2494,2020-07-24,0.1566,0.1556,0.1566
2495,2020-07-27,0.1583,0.1564,0.1579
2496,2020-07-28,0.1582,0.1572,0.1574
2497,2020-07-29,0.1586,0.1574,0.1584
2498,2020-07-30,0.1592,0.1576,0.1592
2499,2020-07-31,0.16,0.1579,0.1582
2500,2020-03-08,0.1584,0.1571,0.1579
2501,2020-04-08,0.1586,0.1574,0.1584
2502,2020-05-08,0.1598,0.1583,0.1592
2503,2020-06-08,0.1599,0.1586,0.1594
2504,2020-07-08,0.1595,0.1578,0.1583
2505,2020-10-08,0.1584,0.1576,0.1576
2506,2020-11-08,0.1586,0.1574,0.1576
2507,2020-12-08,0.1587,0.1572,0.1583
2508,2020-08-13,0.1593,0.1582,0.1586
2509,2020-08-14,0.1591,0.1582,0.159
2510,2020-08-17,0.1596,0.1588,0.1594
2511,2020-08-18,0.1607,0.1593,0.1602
2512,2020-08-19,0.1605,0.1589,0.159
2513,2020-08-20,0.1594,0.1585,0.1593
2514,2020-08-21,0.1596,0.1579,0.1584
2515,2020-08-24,0.1592,0.1582,0.1584
2516,2020-08-25,0.1591,0.1583,0.159
2517,2020-08-26,0.1591,0.1581,0.1589
2518,2020-08-27,0.1599,0.1581,0.1588
2519,2020-08-28,0.1601,0.1587,0.1599
2520,2020-08-31,0.1608,0.1597,0.1604
2521,2020-01-09,0.1614,0.1599,0.16
2522,2020-02-09,0.1603,0.1589,0.1593
2523,2020-03-09,0.1594,0.1584,0.1593
2524,2020-04-09,0.1595,0.1583,0.1591
2525,2020-07-09,0.1593,0.1587,0.1588
2526,2020-08-09,0.159,0.1581,0.1583
2527,2020-09-09,0.159,0.158,0.1586
2528,2020-10-09,0.1602,0.1586,0.1588
2529,2020-11-09,0.1596,0.1588,0.1592
2530,2020-09-14,0.1598,0.159,0.1595
2531,2020-09-15,0.16,0.1591,0.1592
2532,2020-09-16,0.1597,0.1585,0.1588
2533,2020-09-17,0.1593,0.1578,0.1593
2534,2020-09-18,0.1595,0.159,0.1591
2535,2020-09-21,0.1596,0.1577,0.1582
2536,2020-09-22,0.1582,0.1571,0.1573
2537,2020-09-23,0.1575,0.1566,0.1567
2538,2020-09-24,0.157,0.1562,0.1568
2539,2020-09-25,0.157,0.1559,0.1562
2540,2020-09-28,0.1569,0.156,0.1567
2541,2020-09-29,0.1578,0.1566,0.1577
2542,2020-09-30,0.1579,0.1569,0.1574
2543,2020-01-10,0.1582,0.1574,0.1579
2544,2020-02-10,0.1579,0.1571,0.1574
2545,2020-05-10,0.1586,0.1573,0.1584
2546,2020-06-10,0.1587,0.1577,0.1577
2547,2020-07-10,0.1583,0.1576,0.1581
2548,2020-08-10,0.1583,0.1576,0.158
2549,2020-09-10,0.159,0.1579,0.1589
2550,2020-12-10,0.1589,0.1584,0.1587
2551,2020-10-13,0.1588,0.1576,0.1578
2552,2020-10-14,0.1581,0.1575,0.1578
2553,2020-10-15,0.158,0.157,0.1573
2554,2020-10-16,0.1578,0.1571,0.1574
2555,2020-10-19,0.1585,0.1573,0.1582
2556,2020-10-20,0.1591,0.158,0.1588
2557,2020-10-21,0.1596,0.1588,0.1594
2558,2020-10-22,0.1595,0.1587,0.1588
2559,2020-10-23,0.1594,0.1584,0.1594
2560,2020-10-26,0.1594,0.1586,0.1587
2561,2020-10-27,0.1591,0.1585,0.1585
2562,2020-10-28,0.1586,0.1574,0.1578
2563,2020-10-29,0.1579,0.1565,0.1568
2564,2020-10-30,0.1572,0.1563,0.1564
2565,2020-02-11,0.1566,0.1561,0.1563
2566,2020-03-11,0.1576,0.1562,0.1573
2567,2020-04-11,0.1581,0.1558,0.1575
2568,2020-05-11,0.1593,0.1573,0.1588
2569,2020-06-11,0.1596,0.1584,0.1594
2570,2020-09-11,0.1601,0.1584,0.1586
2571,2020-10-11,0.159,0.1582,0.1587
2572,2020-11-11,0.1589,0.1578,0.1582
2573,2020-12-11,0.1588,0.158,0.1585
2574,2020-11-13,0.1589,0.1585,0.1588
2575,2020-11-16,0.1594,0.1586,0.1592
2576,2020-11-17,0.1597,0.159,0.1593
2577,2020-11-18,0.1596,0.159,0.1591
2578,2020-11-19,0.1595,0.1586,0.1594
2579,2020-11-20,0.1596,0.1591,0.1592
2580,2020-11-23,0.1599,0.1585,0.159
2581,2020-11-24,0.1598,0.159,0.1598
2582,2020-11-25,0.1603,0.1597,0.1601
2583,2020-11-26,0.1605,0.1597,0.1601
2584,2020-11-27,0.1608,0.16,0.1607
2585,2020-11-30,0.1613,0.1602,0.1602
2586,2020-01-12,0.1623,0.1602,0.1622
2587,2020-02-12,0.1628,0.1617,0.1627
2588,2020-03-12,0.1636,0.1626,0.1631
2589,2020-04-12,0.1636,0.1627,0.1629
2590,2020-07-12,0.1635,0.1623,0.1627
2591,2020-08-12,0.163,0.1625,0.1626
2592,2020-09-12,0.1632,0.162,0.1623
2593,2020-10-12,0.1634,0.1622,0.1631
2594,2020-11-12,0.1634,0.1627,0.1627
2595,2020-12-14,0.1636,0.1627,0.1632
2596,2020-12-15,0.1635,0.1629,0.1633
2597,2020-12-16,0.1641,0.163,0.16399999999999998
2598,2020-12-17,0.165,0.1638,0.1649
2599,2020-12-18,0.1649,0.1643,0.1648
2600,2020-12-21,0.1647,0.163,0.1646
2601,2020-12-22,0.1648,0.1633,0.1635
2602,2020-12-23,0.1643,0.1634,0.1638
2603,2020-12-24,0.1642,0.1637,0.1638
2604,2020-12-25,0.1641,0.1636,0.1639
2605,2020-12-28,0.1647,0.1638,0.1642
2606,2020-12-29,0.1651,0.1642,0.1647
2607,2020-12-30,0.1655,0.1646,0.1653
2608,2020-12-31,0.1654,0.16399999999999998,0.1642
