{
  "events": "tlc_events.csv",
  "points": "tlc_points.csv",
  "snapshot_date": "",
  "snapshot_out": "",
  "snapshot_only": "",
  "base_window": 40,
  "max_window": 150,
  "step_window": 10,
  "huber_delta": 0.8,
  "pivot_span": 30,
  "topk_per_side": 2,
  "hough_slope_bins": 121,
  "hough_intercept_bins": 241,
  "method": "huber",
  "min_touches": 3,
  "touch_spacing": 3,
  "max_violations": 8,
  "tol_pct": 0.02,
  "reseed_mode": "single",
  "cooldown": 2,
  "max_active_len": 180,
  "expiry_mode": "soft_hold",
  "stale_alpha": 0.35,
  "stale_replace_min_touches": 2,
  "relevance_decay": true,
  "decay_k_atr": 2.5,
  "decay_lambda": 0.12,
  "decay_threshold": 0.25,
  "decay_max_overdist": 5,
  "atr_len": 14,
  "persist_n": 3,
  "retest_window": 6,
  "w_pen": 0.5,
  "w_pers": 0.3,
  "w_retest": 0.2,
  "min_confidence": 0.0,
  "decay_hold": 0,
  "plot": "SBIN_tlc.png",
  "x_start": "",
  "x_end": "",
  "annotate_conf": true,
  "env_base": 14,
  "env_k": 2.0,
  "env_basis": "close",
  "env_mode": "atr",
  "angle_between_min_deg": 20.0,
  "parallel_gap_max_atr": null,
  "parallel_gap_max_pct": null,
  "out_prefix": "SBIN_",
  "methods": {
    "ols": {
      "base_window": 50,
      "max_window": 150,
      "max_active_len": 280,
      "min_touches": 2,
      "touch_spacing": 5,
      "tol_pct": 0.01,
      "max_violations": 20,
      "angle_between_min_deg": 40.0,
      "parallel_gap_max_atr": null,
      "parallel_gap_max_pct": null,
      "max_angle_deg": 60
    },
    "huber": {
      "base_window": 60,
      "max_window": 150,
      "huber_delta": 1.35,
      "min_touches": 2,
      "touch_spacing": 2,
      "tol_pct": 0.02,
      "max_violations": 15,
      "angle_between_min_deg": 30.0,
      "parallel_gap_max_atr": 0.5,
      "parallel_gap_max_pct": null,
      "max_angle_deg": 60
    },
    "hough": {
      "base_window": 80,
      "max_window": 150,
      "pivot_span": 10,
      "topk_per_side": 2,
      "hough_slope_bins": 121,
      "hough_intercept_bins": 241,
      "min_touches": 2,
      "tol_pct": 0.01,
      "angle_between_min_deg": 20.0,
      "parallel_gap_max_atr": 0.5,
      "parallel_gap_max_pct": null,
      "max_angle_deg": 70
    },
    "ols_shift_min": {
      "base_window": 60,
      "max_window": 100,
      "max_active_len": 280,
      "min_touches": 2,
      "tol_pct": 0.0,
      "max_violations": 3,
      "angle_between_min_deg": 4.0,
      "parallel_gap_max_atr": 0.5,
      "parallel_gap_max_pct": null,
      "max_angle_deg": 60
    },
    "ols_envelop": {
      "base_window": 60,
      "max_window": 100,
      "env_mode": "atr",
      "env_k": 2.0,
      "min_touches": 3,
      "touch_spacing": 2,
      "tol_pct": 0.02,
      "max_violations": 2,
      "angle_between_min_deg": 4.0,
      "parallel_gap_max_atr": 0.5,
      "parallel_gap_max_pct": null,
      "max_angle_deg": 60
    }
  },
  "methods_to_run": ["ols", "ols_shift_min", "ols_envelop", "huber", "hough"]
}
