Date,Open,High,Low,Close,Adj Close,Volume,Daily_Log_Return,mvAverageStrategy_T1,mvAverageStrategy_T2,trading_signal,liquidatePosition,deltacal,Stock_BUY_Sell
2020-12-31,1243.0,1258.4000244140625,1239.0,1255.800048828125,1231.4796142578125,7430470,1255.800048828125,,,,,,
2021-01-01,1257.9000244140625,1265.5,1255.800048828125,1260.449951171875,1236.0394287109375,4253550,1260.449951171875,,,,,,
2021-01-04,1269.0,1290.0,1261.1500244140625,1288.25,1263.3011474609375,7208454,1288.25,,,,,,
2021-01-05,1282.0,1299.0,1275.050048828125,1293.800048828125,1268.7435302734375,8145280,1293.800048828125,,,,,,
2021-01-06,1300.0,1302.0,1268.050048828125,1282.0999755859375,1257.2701416015625,7161715,1282.0999755859375,,,,,,
2021-01-07,1296.0,1297.6500244140625,1255.5,1262.1500244140625,1237.70654296875,10954918,1262.1500244140625,,,,,,
2021-01-08,1278.25,1316.800048828125,1278.25,1312.0999755859375,1286.689208984375,13186251,1312.0999755859375,,,,,,
2021-01-11,1342.0999755859375,1383.3499755859375,1340.0,1376.199951171875,1349.5477294921875,20528626,1376.199951171875,,,,,,
2021-01-12,1378.0,1378.0,1360.0,1371.75,1345.1839599609375,8309868,1371.75,,,,,,
2021-01-13,1373.8499755859375,1392.800048828125,1360.0,1387.1500244140625,1360.28564453125,14442997,1387.1500244140625,,,,,,
2021-01-14,1360.0,1384.0,1318.449951171875,1370.5,1343.9581298828125,27521697,1370.5,,,,,,
2021-01-15,1360.0,1364.449951171875,1340.0,1344.949951171875,1318.9029541015625,15018441,1344.949951171875,,,,,,
2021-01-18,1338.0,1340.0,1306.0,1312.050048828125,1286.64013671875,8861765,1312.050048828125,,,,,,
2021-01-19,1320.0,1331.0,1312.0,1316.6500244140625,1291.151123046875,5585744,1316.6500244140625,,,,,,
2021-01-20,1320.550048828125,1348.4000244140625,1320.550048828125,1339.449951171875,1313.5093994140625,8225838,1339.449951171875,,,,,,
2021-01-21,1350.0,1361.050048828125,1335.0,1339.699951171875,1313.754638671875,6142421,1339.699951171875,,,,,,
2021-01-22,1327.0,1356.0,1326.550048828125,1340.8499755859375,1314.8824462890625,9646591,1340.8499755859375,,,,,,
2021-01-25,1345.0,1347.9000244140625,1313.0,1325.0999755859375,1299.4373779296875,6542611,1325.0999755859375,,,,,,
2021-01-27,1319.5999755859375,1327.550048828125,1285.0999755859375,1301.0,1275.80419921875,8133665,1301.0,,,,,,
2021-01-28,1291.800048828125,1296.449951171875,1272.550048828125,1276.199951171875,1251.484375,4660690,1276.199951171875,,,,,,
2021-01-29,1286.25,1291.1500244140625,1231.0,1239.050048828125,1215.053955078125,12183519,1239.050048828125,,,,,,
2021-02-01,1250.550048828125,1277.949951171875,1241.0,1260.9000244140625,1236.4808349609375,8880279,1260.9000244140625,,,,,,
2021-02-02,1280.0,1294.4000244140625,1263.5999755859375,1271.25,1246.6302490234375,6892490,1271.25,,,,,,
2021-02-03,1277.6500244140625,1304.0,1273.0,1284.6500244140625,1259.7708740234375,8182968,1284.6500244140625,,,,,,
2021-02-04,1285.0,1293.4000244140625,1272.050048828125,1279.3499755859375,1254.5733642578125,5032240,1279.3499755859375,,,,,,
2021-02-05,1286.4000244140625,1288.75,1262.0,1272.0999755859375,1247.4637451171875,5477481,1272.0999755859375,,,,,,
2021-02-08,1285.5,1310.0,1275.5,1303.550048828125,1278.3048095703125,6921922,1303.550048828125,,,,,,
2021-02-09,1306.9000244140625,1332.0,1297.8499755859375,1305.550048828125,1280.26611328125,7965949,1305.550048828125,,,,,,
2021-02-10,1295.800048828125,1304.3499755859375,1283.5999755859375,1296.5,1271.3912353515625,5951207,1296.5,,,,,,
2021-02-11,1289.0,1296.0,1283.050048828125,1292.6500244140625,1267.6158447265625,4673317,1292.6500244140625,,,,,,
2021-02-12,1305.0,1323.75,1301.550048828125,1309.800048828125,1284.4337158203125,5797875,1309.800048828125,,,,,,
2021-02-15,1320.0,1328.4000244140625,1307.0999755859375,1309.6500244140625,1284.28662109375,4363513,1309.6500244140625,1280.5550170898437,1305.3916666666667,-1.0,1.0,1322.8980493164063,-300.0
2021-02-16,1314.0,1319.75,1286.0,1290.4000244140625,1265.409423828125,6896421,1290.4000244140625,1287.6300170898437,1307.1916666666666,-1.0,1.0,1322.746524658203,0.0
2021-02-17,1290.4000244140625,1294.5,1275.0,1281.300048828125,1256.4857177734375,4575741,1281.300048828125,1292.5050170898437,1308.831669108073,-1.0,1.0,1303.3040246582032,0.0
2021-02-18,1276.0,1306.0,1275.0,1292.449951171875,1267.419677734375,6437551,1292.449951171875,1294.42001953125,1308.9033365885416,-1.0,1.0,1294.1130493164062,0.0
2021-02-19,1296.0999755859375,1299.5,1276.800048828125,1291.300048828125,1266.2919921875,5389696,1291.300048828125,1294.0850219726562,1308.486669921875,-1.0,1.0,1305.3744506835938,0.0
2021-02-22,1295.0,1308.550048828125,1260.0,1265.199951171875,1240.697509765625,7371303,1265.199951171875,1295.39501953125,1308.831669108073,-1.0,1.0,1304.2130493164063,0.0
2021-02-23,1271.1500244140625,1291.0,1257.550048828125,1266.3499755859375,1241.8251953125,6612942,1266.3499755859375,1297.3150268554687,1309.8033365885417,-1.0,1.0,1277.8519506835937,0.0
2021-02-24,1260.050048828125,1276.5999755859375,1252.0,1274.300048828125,1249.621337890625,4537258,1274.300048828125,1293.4800170898438,1308.2400024414062,-1.0,1.0,1279.013475341797,0.0
2021-02-25,1288.449951171875,1299.75,1272.0,1274.550048828125,1249.866455078125,8788221,1274.550048828125,1289.560009765625,1304.5783365885416,-1.0,-1.0,1287.0430493164063,300.0
2021-02-26,1269.0,1274.300048828125,1244.75,1253.300048828125,1229.0279541015625,15132388,1253.300048828125,1287.3400146484375,1301.3300048828125,-1.0,1.0,1287.2955493164063,-300.0
2021-03-01,1263.300048828125,1284.5,1259.0,1267.0,1242.4625244140625,5756286,1267.0,1285.5300170898438,1297.5766723632812,-1.0,1.0,1265.8330493164062,300.0
2021-03-02,1282.25,1310.0,1279.199951171875,1304.5,1279.2364501953125,10461434,1304.5,1279.8800170898437,1293.6700073242187,-1.0,-1.0,1279.67,-0.0
2021-03-03,1319.199951171875,1347.0,1308.0,1343.550048828125,1317.530029296875,9056399,1343.550048828125,1275.6150146484374,1291.0716756184895,-1.0,-1.0,1317.545,0.0
2021-03-04,1335.0,1363.8499755859375,1325.9000244140625,1330.3499755859375,1304.585693359375,12041941,1330.3499755859375,1277.0250122070313,1290.8200073242188,-1.0,1.0,1356.9855493164061,-300.0
2021-03-05,1328.5,1340.0,1305.050048828125,1316.699951171875,1291.2000732421875,6486176,1316.699951171875,1283.2500122070312,1291.7166748046875,-1.0,1.0,1343.6534753417968,0.0
2021-03-08,1324.800048828125,1346.0999755859375,1317.199951171875,1335.75,1309.8812255859375,5119392,1335.75,1287.0400146484376,1291.4133422851562,-1.0,1.0,1329.8669506835938,0.0
2021-03-09,1329.5,1350.449951171875,1318.75,1345.550048828125,1319.491455078125,6518173,1345.550048828125,1289.5800048828125,1290.6466756184896,-1.0,1.0,1349.1075,300.0
2021-03-10,1356.9000244140625,1374.0,1355.0,1368.1500244140625,1341.6536865234375,7925984,1368.1500244140625,1296.635009765625,1290.4766764322917,1.0,1.0,1332.0945483398436,300.0
2021-03-12,1373.0,1391.699951171875,1370.050048828125,1374.8499755859375,1348.223876953125,9462061,1374.8499755859375,1304.5550170898437,1291.1583455403645,1.0,1.0,1354.468524169922,0.0
2021-03-15,1370.0,1379.9000244140625,1358.5,1373.5999755859375,1346.998046875,6658635,1373.5999755859375,1313.9400146484375,1293.3966796875,1.0,1.0,1361.101475830078,0.0
2021-03-16,1386.050048828125,1406.0,1380.5,1384.0,1357.19677734375,9352771,1384.0,1323.9700073242188,1296.6850138346354,1.0,1.0,1359.863975830078,0.0
2021-03-17,1392.25,1400.0,1382.0,1387.0,1360.1385498046875,7626744,1387.0,1336.0,1301.170011393229,1.0,1.0,1370.16,0.0
2021-03-18,1393.75,1393.75,1313.5,1337.0999755859375,1311.205078125,10961755,1337.0999755859375,1347.7,1305.2733439127603,1.0,1.0,1373.1299999999999,-300.0
2021-03-19,1330.0,1355.199951171875,1318.0,1344.449951171875,1318.41259765625,12767112,1344.449951171875,1355.95,1309.1316772460937,1.0,1.0,1323.728975830078,300.0
2021-03-22,1350.0999755859375,1376.0,1336.0999755859375,1370.800048828125,1344.2523193359375,4862758,1370.800048828125,1355.3049926757812,1310.880008951823,1.0,1.0,1331.0054516601563,0.0
2021-03-23,1372.449951171875,1383.25,1359.5999755859375,1371.550048828125,1344.9879150390625,7165335,1371.550048828125,1356.714990234375,1313.0500081380208,1.0,1.0,1357.0920483398438,0.0
2021-03-24,1357.8499755859375,1370.449951171875,1346.25,1353.75,1327.532470703125,6134303,1353.75,1362.125,1316.3400105794271,1.0,1.0,1357.8345483398436,0.0
2021-03-25,1346.75,1352.5,1327.5999755859375,1333.800048828125,1307.968994140625,8749994,1333.800048828125,1365.7050048828125,1318.6066772460938,1.0,1.0,1340.2125,0.0
2021-03-26,1344.699951171875,1356.699951171875,1332.0,1336.199951171875,1310.3223876953125,4922071,1336.199951171875,1366.525,1320.2133422851562,1.0,1.0,1320.4620483398437,0.0
2021-03-30,1346.9000244140625,1400.0,1336.1500244140625,1385.300048828125,1358.4715576171875,10546381,1385.300048828125,1363.0900024414063,1321.4566772460937,1.0,1.0,1322.8379516601562,0.0
2021-03-31,1382.0,1388.0,1363.300048828125,1368.050048828125,1341.5556640625,8220987,1368.050048828125,1359.225,1322.908341471354,1.0,1.0,1371.4470483398438,0.0
2021-04-01,1380.0,1391.5999755859375,1371.0,1385.199951171875,1358.3734130859375,5675155,1385.199951171875,1360.3950073242188,1325.4250081380208,1.0,1.0,1354.3695483398437,0.0
2021-04-05,1391.0,1425.0,1387.0,1409.9000244140625,1382.59521484375,9479572,1409.9000244140625,1358.8000122070312,1327.3716756184897,1.0,1.0,1371.3479516601562,0.0
2021-04-06,1423.0,1426.0,1406.449951171875,1411.050048828125,1383.722900390625,5793571,1411.050048828125,1358.6200073242187,1330.5316731770833,1.0,1.0,1395.801024169922,0.0
2021-04-07,1410.25,1434.949951171875,1406.5999755859375,1430.199951171875,1402.5018310546875,5879234,1430.199951171875,1365.9000122070313,1334.818339029948,1.0,1.0,1396.9395483398437,-300.0
2021-04-08,1430.0,1451.699951171875,1421.0,1439.8499755859375,1411.9649658203125,5654434,1439.8499755859375,1372.5600219726562,1338.7716756184896,1.0,1.0,1415.8979516601562,300.0
2021-04-09,1455.0,1455.0,1430.050048828125,1441.050048828125,1413.141845703125,6052712,1441.050048828125,1378.5000122070312,1343.4016723632812,1.0,1.0,1425.4514758300782,0.0
2021-04-12,1474.0,1477.550048828125,1415.0,1425.75,1398.13818359375,20384532,1425.75,1385.3300048828125,1349.22333984375,1.0,1.0,1426.6395483398437,0.0
2021-04-13,1433.0,1435.25,1375.0,1397.1500244140625,1370.092041015625,14855206,1397.1500244140625,1394.060009765625,1355.0466756184896,1.0,1.0,1411.4925,-300.0
2021-04-15,1332.300048828125,1366.4000244140625,1320.0,1360.75,1334.39697265625,25342491,1360.75,1403.2550048828125,1360.0950073242188,1.0,-1.0,1383.178524169922,-0.0
2021-04-16,1365.0,1370.8499755859375,1346.5999755859375,1353.75,1327.532470703125,10879878,1353.75,1409.3500122070313,1364.1816731770834,1.0,1.0,1347.1425,300.0
2021-04-19,1340.0,1379.699951171875,1332.3499755859375,1362.550048828125,1336.1622314453125,12508028,1362.550048828125,1406.8950073242188,1367.763338216146,1.0,-1.0,1340.2125,0.0
2021-04-20,1379.0,1379.0,1342.4000244140625,1351.3499755859375,1325.178955078125,8560766,1351.3499755859375,1405.4650024414063,1370.6550048828126,1.0,1.0,1348.9245483398438,0.0
2021-04-22,1355.550048828125,1364.800048828125,1345.1500244140625,1351.0999755859375,1324.933837890625,6622446,1351.0999755859375,1403.2000122070312,1372.5900065104167,1.0,1.0,1337.8364758300781,0.0
2021-04-23,1343.0,1348.4000244140625,1331.0,1333.800048828125,1307.968994140625,7316262,1333.800048828125,1397.3450073242188,1372.8500040690103,1.0,1.0,1337.5889758300782,-300.0
2021-04-26,1332.25,1351.300048828125,1321.0,1343.550048828125,1317.530029296875,7088606,1343.550048828125,1391.35,1373.5416707356771,1.0,1.0,1320.4620483398437,300.0
2021-04-27,1346.0,1353.0,1340.1500244140625,1348.5,1322.38427734375,3636115,1348.5,1381.710009765625,1374.1116739908855,1.0,1.0,1330.1145483398439,0.0
2021-04-28,1358.0,1359.5,1344.5999755859375,1356.0,1329.739013671875,4879234,1356.0,1372.0800170898438,1374.3716756184897,-1.0,1.0,1361.985,-600.0
2021-04-29,1368.0,1369.0,1351.4000244140625,1356.3499755859375,1330.0821533203125,5412357,1356.3499755859375,1362.8250122070312,1374.4700073242188,-1.0,1.0,1369.56,0.0
2021-04-30,1346.300048828125,1373.9000244140625,1345.9000244140625,1354.3499755859375,1328.1209716796875,8354677,1354.3499755859375,1355.8500122070313,1374.0650065104167,-1.0,1.0,1369.9134753417968,0.0
2021-05-03,1340.800048828125,1361.0,1338.0,1352.050048828125,1325.865478515625,4560337,1352.050048828125,1351.7700073242188,1373.44833984375,-1.0,1.0,1367.8934753417968,0.0
2021-05-04,1354.0,1354.949951171875,1324.0999755859375,1329.4000244140625,1303.6541748046875,4887060,1329.4000244140625,1351.1300048828125,1372.8066731770834,-1.0,1.0,1365.5705493164062,0.0
2021-05-05,1341.0999755859375,1343.9000244140625,1327.800048828125,1341.5,1315.519775390625,3939788,1341.5,1350.960009765625,1371.7416748046876,-1.0,1.0,1342.694024658203,0.0
2021-05-06,1345.0,1364.699951171875,1337.4000244140625,1361.5999755859375,1335.23046875,4810090,1361.5999755859375,1347.6450073242188,1369.8216756184895,-1.0,1.0,1354.915,0.0
2021-05-07,1365.300048828125,1373.050048828125,1348.5,1352.550048828125,1326.3558349609375,4991435,1352.550048828125,1346.660009765625,1369.9683430989583,-1.0,1.0,1375.2159753417968,0.0
2021-05-10,1349.8499755859375,1352.9000244140625,1335.050048828125,1339.550048828125,1313.6075439453125,7195348,1339.550048828125,1347.710009765625,1370.5400105794272,-1.0,1.0,1366.0755493164063,0.0
2021-05-11,1336.9000244140625,1341.0,1325.0999755859375,1330.6500244140625,1304.8800048828125,6420988,1330.6500244140625,1349.585009765625,1369.9316772460938,-1.0,1.0,1352.9455493164062,0.0
2021-05-12,1330.0,1330.0,1314.5,1327.0,1301.3006591796875,5241898,1327.0,1349.185009765625,1368.865010579427,-1.0,1.0,1343.956524658203,0.0
2021-05-14,1326.8499755859375,1326.8499755859375,1311.300048828125,1316.4000244140625,1290.9058837890625,4824609,1316.4000244140625,1347.4000122070313,1368.0950113932292,-1.0,1.0,1340.27,0.0
2021-05-17,1320.300048828125,1334.949951171875,1320.300048828125,1329.4000244140625,1303.6541748046875,5017129,1329.4000244140625,1344.5000122070312,1367.8683430989583,-1.0,1.0,1329.5640246582032,0.0
2021-05-18,1338.0,1344.5999755859375,1329.5,1340.0,1314.048828125,5620150,1340.0,1340.5050170898437,1367.2083455403647,-1.0,1.0,1342.694024658203,0.0
2021-05-19,1342.0,1357.449951171875,1333.25,1337.0,1311.10693359375,4435878,1337.0,1338.0100219726562,1365.3450113932292,-1.0,1.0,1353.4,0.0
2021-05-20,1348.4000244140625,1349.0999755859375,1335.0,1339.300048828125,1313.3624267578125,4490092,1339.300048828125,1336.8050170898437,1364.410009765625,-1.0,1.0,1350.3700000000001,0.0
2021-05-21,1347.5,1357.5,1346.3499755859375,1354.5,1328.26806640625,4969733,1354.5,1337.5650146484375,1362.8033447265625,-1.0,1.0,1352.6930493164064,0.0
2021-05-24,1356.6500244140625,1363.0,1345.0999755859375,1348.050048828125,1321.9429931640625,4225371,1348.050048828125,1337.34501953125,1360.4500122070312,-1.0,1.0,1368.045,0.0
2021-05-25,1358.0,1368.0,1354.449951171875,1361.5999755859375,1335.23046875,4099340,1361.5999755859375,1336.6350219726562,1358.565010579427,-1.0,1.0,1361.5305493164062,0.0
2021-05-26,1367.9000244140625,1400.0,1362.050048828125,1397.25,1370.1900634765625,6850024,1397.25,1336.1850219726562,1355.826680501302,-1.0,1.0,1375.2159753417968,300.0
2021-05-27,1404.199951171875,1416.25,1391.699951171875,1402.25,1375.09326171875,15365391,1402.25,1338.3900146484375,1353.2183471679687,-1.0,1.0,1411.2225,-300.0
2021-05-28,1409.75,1414.0,1396.0999755859375,1405.050048828125,1377.839111328125,4261312,1405.050048828125,1345.0500122070312,1351.7583455403646,-1.0,1.0,1416.2725,0.0
2021-05-31,1401.5,1401.5,1383.0,1393.75,1381.506591796875,4429904,1393.75,1352.5750122070312,1350.9750122070313,1.0,1.0,1390.9995483398438,600.0
2021-06-01,1400.0,1401.0,1378.6500244140625,1387.199951171875,1375.0140380859375,4791325,1387.199951171875,1361.4400146484375,1351.2383463541667,1.0,1.0,1379.8125,0.0
2021-06-02,1380.75,1391.949951171875,1365.0,1378.6500244140625,1366.5391845703125,9272276,1378.6500244140625,1367.8750122070312,1352.3383463541666,1.0,1.0,1373.3279516601563,-300.0
2021-06-03,1388.0999755859375,1399.0,1377.050048828125,1389.6500244140625,1377.442626953125,5115645,1389.6500244140625,1372.5950073242188,1353.4533447265626,1.0,1.0,1364.863524169922,300.0
2021-06-04,1393.949951171875,1396.9000244140625,1377.6500244140625,1385.6500244140625,1373.477783203125,4194328,1385.6500244140625,1376.760009765625,1353.990010579427,1.0,1.0,1375.7535241699218,0.0
2021-06-07,1391.0,1392.0,1377.300048828125,1389.6500244140625,1377.442626953125,5154576,1389.6500244140625,1381.7950073242187,1355.2666788736979,1.0,1.0,1371.793524169922,0.0
2021-06-08,1396.0,1421.75,1395.550048828125,1412.949951171875,1400.537841796875,7360630,1412.949951171875,1384.910009765625,1356.4183471679687,1.0,1.0,1375.7535241699218,0.0
2021-06-09,1413.4000244140625,1425.0,1404.5999755859375,1415.300048828125,1402.8673095703125,5394317,1415.300048828125,1389.0700073242188,1358.2800130208334,1.0,1.0,1398.8204516601563,0.0
2021-06-10,1424.0,1429.0,1419.0,1424.300048828125,1411.7882080078125,3496575,1424.300048828125,1394.2050048828125,1360.5933430989583,1.0,1.0,1401.1470483398436,0.0
2021-06-11,1430.0999755859375,1451.5999755859375,1429.449951171875,1446.9000244140625,1434.189697265625,6140828,1446.9000244140625,1396.010009765625,1362.8200113932292,1.0,1.0,1410.0570483398437,0.0
2021-06-14,1471.0,1477.0,1453.449951171875,1461.800048828125,1448.9588623046875,7132294,1461.800048828125,1398.2150146484375,1365.0966796875,1.0,1.0,1432.4310241699218,0.0
2021-06-15,1464.0,1476.0,1463.0,1473.9000244140625,1460.9525146484375,5403104,1473.9000244140625,1402.4000122070313,1368.1150146484374,1.0,1.0,1447.1820483398437,-300.0
2021-06-16,1472.699951171875,1489.449951171875,1467.5,1480.5999755859375,1467.5936279296875,7661710,1480.5999755859375,1409.2050170898438,1371.6966837565103,1.0,1.0,1459.1610241699218,300.0
2021-06-17,1475.0999755859375,1502.6500244140625,1475.0999755859375,1495.300048828125,1482.16455078125,7677951,1495.300048828125,1417.8750244140624,1375.758349609375,1.0,1.0,1465.7939758300781,0.0
2021-06-18,1509.0,1515.800048828125,1487.4000244140625,1503.300048828125,1490.09423828125,13533974,1503.300048828125,1428.07001953125,1380.7983479817708,1.0,1.0,1480.3470483398437,0.0
2021-06-21,1493.0,1505.800048828125,1484.199951171875,1500.300048828125,1487.12060546875,5454052,1500.300048828125,1438.6350219726562,1385.9250162760416,1.0,1.0,1488.2670483398438,0.0
2021-06-22,1509.699951171875,1521.449951171875,1502.0999755859375,1511.8499755859375,1498.569091796875,6427862,1511.8499755859375,1450.4000244140625,1390.6483520507813,1.0,1.0,1485.2970483398437,0.0
2021-06-23,1525.0,1525.0,1498.6500244140625,1503.1500244140625,1489.945556640625,5529809,1503.1500244140625,1461.4650268554688,1395.5733520507813,1.0,1.0,1496.7314758300781,0.0
2021-06-24,1517.0,1568.75,1511.199951171875,1559.199951171875,1545.5030517578125,10785137,1559.199951171875,1471.355029296875,1401.3166829427084,1.0,1.0,1488.1185241699218,0.0
2021-06-25,1572.0,1578.0,1543.0,1574.199951171875,1560.371337890625,9780240,1574.199951171875,1480.1400268554687,1407.0666829427084,1.0,1.0,1543.6079516601562,-300.0
2021-06-28,1572.9000244140625,1580.1500244140625,1560.5999755859375,1571.800048828125,1557.9925537109375,5019178,1571.800048828125,1493.6300170898437,1414.8066813151042,1.0,1.0,1558.4579516601561,300.0
2021-06-29,1561.0,1573.6500244140625,1559.199951171875,1563.050048828125,1549.3193359375,5913567,1563.050048828125,1506.360009765625,1423.4000122070313,1.0,1.0,1556.0820483398438,0.0
2021-06-30,1572.050048828125,1591.0,1572.050048828125,1580.800048828125,1566.9134521484375,6058722,1580.800048828125,1517.360009765625,1431.4800130208334,1.0,1.0,1547.4195483398437,0.0
2021-07-01,1576.8499755859375,1576.8499755859375,1559.050048828125,1560.4000244140625,1546.692626953125,4814317,1560.4000244140625,1526.2750122070313,1438.9150146484376,1.0,1.0,1564.9920483398437,0.0
2021-07-02,1558.949951171875,1569.449951171875,1542.5999755859375,1567.800048828125,1554.0277099609375,5166064,1567.800048828125,1536.29501953125,1447.0416829427083,1.0,1.0,1544.7960241699218,0.0
2021-07-05,1569.1500244140625,1585.0,1561.050048828125,1578.949951171875,1565.07958984375,4058338,1578.949951171875,1542.8050170898437,1454.4116821289062,1.0,1.0,1552.1220483398438,0.0
2021-07-06,1573.699951171875,1586.75,1557.0999755859375,1562.199951171875,1548.476806640625,4089574,1562.199951171875,1549.2550170898437,1461.5216837565104,1.0,1.0,1563.1604516601562,0.0
2021-07-07,1566.050048828125,1570.550048828125,1544.6500244140625,1564.5999755859375,1550.855712890625,4797120,1564.5999755859375,1557.1200073242187,1469.2183471679687,1.0,1.0,1546.5779516601563,0.0
2021-07-08,1568.0,1576.0,1549.0,1560.75,1547.03955078125,3326813,1560.75,1562.1550048828126,1475.9050130208334,1.0,1.0,1548.9539758300782,0.0
2021-07-09,1556.0,1569.9000244140625,1551.0,1562.9000244140625,1549.170654296875,3436594,1562.9000244140625,1568.3,1481.4833455403646,1.0,1.0,1545.1425,0.0
2021-07-12,1570.550048828125,1578.0,1533.75,1547.8499755859375,1534.2528076171875,4588982,1547.8499755859375,1568.4550048828125,1486.7666788736979,1.0,1.0,1547.271024169922,-300.0
2021-07-13,1556.4000244140625,1556.4000244140625,1536.300048828125,1544.949951171875,1531.3782958984375,4456160,1544.949951171875,1567.3250122070312,1492.0283447265624,1.0,1.0,1532.371475830078,300.0
2021-07-14,1554.0,1582.800048828125,1538.0999755859375,1576.9000244140625,1563.0477294921875,5657716,1576.9000244140625,1564.9300048828125,1497.1650105794272,1.0,1.0,1529.5004516601562,0.0
2021-07-15,1557.9000244140625,1596.8499755859375,1556.0,1580.800048828125,1566.9134521484375,10021355,1580.800048828125,1563.1199951171875,1502.4233439127604,1.0,-1.0,1561.1310241699218,-300.0
2021-07-16,1573.75,1574.6500244140625,1549.5999755859375,1555.449951171875,1541.7860107421875,6265593,1555.449951171875,1562.7299926757812,1509.0316772460938,1.0,1.0,1564.9920483398437,300.0
2021-07-19,1544.699951171875,1552.9000244140625,1537.550048828125,1541.699951171875,1528.1568603515625,5669162,1541.699951171875,1564.7699951171876,1515.4033447265624,1.0,1.0,1539.8954516601561,0.0
2021-07-20,1538.300048828125,1557.699951171875,1538.0,1550.050048828125,1536.43359375,5069939,1550.050048828125,1563.5349853515625,1521.0633422851563,1.0,1.0,1526.2829516601562,0.0
2021-07-22,1561.4000244140625,1592.8499755859375,1561.4000244140625,1590.199951171875,1576.2308349609375,7854575,1590.199951171875,1559.8099853515625,1526.1316731770833,1.0,1.0,1534.5495483398438,0.0
2021-07-23,1588.550048828125,1598.5,1585.050048828125,1590.449951171875,1576.4786376953125,4179719,1590.449951171875,1558.5949951171874,1530.7016764322916,1.0,1.0,1574.2979516601563,0.0
2021-07-26,1594.0999755859375,1611.6500244140625,1594.0999755859375,1603.9000244140625,1589.810546875,4586710,1603.9000244140625,1561.1549926757812,1536.5316731770833,1.0,1.0,1574.5454516601562,0.0
2021-07-27,1605.0,1609.300048828125,1597.9000244140625,1602.550048828125,1588.472412109375,5892859,1602.550048828125,1564.1249877929688,1542.0700032552083,1.0,1.0,1587.8610241699218,0.0
2021-07-28,1605.0999755859375,1607.5999755859375,1585.5,1605.5999755859375,1591.4954833984375,4686788,1605.5999755859375,1568.2249877929687,1547.3033365885417,1.0,1.0,1586.5245483398437,0.0
2021-07-29,1600.0999755859375,1620.0,1600.0999755859375,1617.0,1602.79541015625,4660873,1617.0,1573.6949951171875,1551.9950032552083,1.0,1.0,1589.5439758300781,0.0
2021-07-30,1610.0,1623.4000244140625,1606.1500244140625,1610.5,1596.3525390625,6234257,1610.5,1579.7599975585938,1556.3850016276042,1.0,1.0,1600.83,0.0
2021-08-02,1627.449951171875,1634.75,1619.199951171875,1631.550048828125,1617.2176513671875,5553389,1631.550048828125,1583.7699951171876,1560.9316691080728,1.0,1.0,1594.395,0.0
2021-08-03,1647.0,1658.6500244140625,1635.5999755859375,1655.199951171875,1640.6597900390625,5513668,1655.199951171875,1586.739990234375,1564.7716674804688,1.0,1.0,1615.2345483398437,-300.0
2021-08-04,1669.0999755859375,1679.9000244140625,1639.050048828125,1649.25,1634.7620849609375,6740391,1649.25,1594.35,1569.0466674804688,1.0,1.0,1638.6479516601562,300.0
2021-08-05,1649.5,1666.0,1647.050048828125,1653.550048828125,1639.0244140625,5420536,1653.550048828125,1605.7,1574.2099975585938,1.0,1.0,1632.7575,0.0
2021-08-06,1657.0,1660.6500244140625,1644.0,1650.199951171875,1635.7037353515625,3754855,1650.199951171875,1615.6199951171875,1578.7899983723958,1.0,1.0,1637.0145483398437,0.0
2021-08-09,1661.0,1667.449951171875,1646.4000244140625,1663.300048828125,1648.688720703125,5018477,1663.300048828125,1621.9550048828125,1583.8033325195313,1.0,1.0,1633.6979516601561,0.0
2021-08-10,1668.0,1680.0,1661.050048828125,1677.25,1662.51611328125,6846517,1677.25,1627.9300048828125,1586.8366658528646,1.0,1.0,1646.6670483398436,0.0
2021-08-11,1674.800048828125,1684.0,1668.0,1677.550048828125,1662.8135986328125,4899639,1677.550048828125,1633.8700073242187,1589.8066691080728,1.0,1.0,1660.4775,0.0
2021-08-12,1679.1500244140625,1696.5,1674.0,1689.5999755859375,1674.7576904296875,5659579,1689.5999755859375,1641.3400024414063,1593.3216674804687,1.0,1.0,1660.7745483398437,0.0
2021-08-13,1697.0,1722.5,1691.300048828125,1712.199951171875,1697.1590576171875,5612790,1712.199951171875,1648.535009765625,1597.1383341471353,1.0,1.0,1672.7039758300782,0.0
2021-08-16,1707.699951171875,1719.949951171875,1690.0999755859375,1704.4000244140625,1689.4276123046875,4564109,1704.4000244140625,1655.7950073242187,1600.764998372396,1.0,1.0,1695.0779516601563,0.0
2021-08-17,1703.9000244140625,1748.9000244140625,1686.550048828125,1741.6500244140625,1726.3504638671875,9510390,1741.6500244140625,1665.9650024414063,1605.8249959309896,1.0,1.0,1687.356024169922,0.0
2021-08-18,1729.0,1755.5,1727.0,1733.449951171875,1718.222412109375,6686090,1733.449951171875,1673.25,1610.378328450521,1.0,1.0,1724.2335241699218,0.0
2021-08-20,1716.0999755859375,1745.0,1716.0999755859375,1732.949951171875,1717.726806640625,6206972,1732.949951171875,1681.8950073242188,1615.8016642252603,1.0,-1.0,1716.1154516601562,-300.0
2021-08-23,1735.75,1753.1500244140625,1732.0,1738.75,1723.4759521484375,6189051,1738.75,1690.3150024414062,1621.5099975585938,1.0,1.0,1715.6204516601563,300.0
2021-08-24,1750.0,1757.0,1712.699951171875,1720.8499755859375,1705.733154296875,7602939,1720.8499755859375,1698.2549926757813,1627.1216634114583,1.0,1.0,1721.3625,-300.0
2021-08-25,1718.0,1746.9000244140625,1718.0,1735.550048828125,1720.3040771484375,6153253,1735.550048828125,1707.1099975585937,1633.0549967447917,1.0,1.0,1703.6414758300782,300.0
2021-08-26,1734.0,1746.0,1720.0,1727.699951171875,1712.52294921875,5302248,1727.699951171875,1712.864990234375,1638.3199951171875,1.0,1.0,1718.1945483398438,0.0
2021-08-27,1725.0,1727.699951171875,1705.199951171875,1708.800048828125,1693.7890625,6698514,1708.800048828125,1718.6949951171875,1644.5766642252604,1.0,1.0,1710.4229516601563,-300.0
2021-08-30,1703.050048828125,1718.6500244140625,1690.4000244140625,1698.050048828125,1683.1334228515625,6559667,1698.050048828125,1723.7099853515624,1650.668330891927,1.0,1.0,1691.7120483398437,300.0
2021-08-31,1700.1500244140625,1715.0,1685.8499755859375,1706.449951171875,1691.4595947265625,12255438,1706.449951171875,1725.6299926757813,1655.0649983723958,1.0,1.0,1681.0695483398438,0.0
2021-09-01,1709.5,1709.5,1673.1500244140625,1677.75,1663.01171875,7801974,1677.75,1724.2150024414063,1658.9733317057292,1.0,1.0,1689.3854516601561,-300.0
2021-09-02,1677.3499755859375,1694.300048828125,1662.6500244140625,1689.0999755859375,1674.261962890625,6830050,1689.0999755859375,1724.4199951171875,1664.0066650390625,1.0,1.0,1660.9725,300.0
2021-09-03,1696.050048828125,1705.949951171875,1684.4000244140625,1700.6500244140625,1685.7105712890625,5339139,1700.6500244140625,1718.0299926757812,1668.5416666666667,1.0,1.0,1672.208975830078,0.0
2021-09-06,1705.1500244140625,1732.0,1699.3499755859375,1730.4000244140625,1715.19921875,4876026,1730.4000244140625,1713.5949951171874,1673.1766642252603,1.0,1.0,1683.6435241699219,0.0
2021-09-07,1730.0,1734.9000244140625,1704.0,1706.6500244140625,1691.657958984375,3520341,1706.6500244140625,1710.3650024414062,1676.8583333333333,1.0,1.0,1713.0960241699217,0.0
2021-09-08,1700.8499755859375,1700.8499755859375,1682.949951171875,1693.25,1678.3756103515625,4584896,1693.25,1709.5300048828126,1681.5233357747395,1.0,1.0,1689.583524169922,0.0
2021-09-09,1685.9000244140625,1694.9000244140625,1682.1500244140625,1691.5999755859375,1676.7401123046875,3331674,1691.5999755859375,1708.110009765625,1684.9483357747397,1.0,1.0,1676.3174999999999,0.0
2021-09-13,1683.0,1701.5,1675.199951171875,1691.9000244140625,1677.0374755859375,4662374,1691.9000244140625,1703.8800048828125,1687.9716674804688,1.0,1.0,1674.683975830078,0.0
2021-09-14,1695.949951171875,1695.949951171875,1678.5999755859375,1686.1500244140625,1671.3380126953125,4945167,1686.1500244140625,1700.2700073242188,1690.8383341471354,1.0,1.0,1674.981024169922,0.0
2021-09-15,1693.25,1715.0999755859375,1690.199951171875,1711.449951171875,1696.4156494140625,4062344,1711.449951171875,1698.5800048828125,1693.3350016276042,1.0,1.0,1669.2885241699219,0.0
2021-09-16,1715.199951171875,1719.25,1691.449951171875,1702.25,1687.2965087890625,3246568,1702.25,1697.3900024414063,1695.856669108073,1.0,1.0,1694.3354516601562,0.0
2021-09-17,1697.0,1718.0,1684.449951171875,1691.300048828125,1676.4427490234375,7454864,1691.300048828125,1697.8900024414063,1698.519999186198,-1.0,1.0,1719.2725,-600.0
2021-09-20,1685.0,1707.699951171875,1677.949951171875,1687.8499755859375,1673.02294921875,5660743,1687.8499755859375,1700.3400024414063,1700.0883341471354,1.0,1.0,1674.3870483398437,600.0
2021-09-21,1700.0,1726.75,1684.6500244140625,1718.449951171875,1703.3541259765625,4672222,1718.449951171875,1700.560009765625,1701.4900024414062,-1.0,1.0,1704.7284753417969,-600.0
2021-09-22,1717.0,1738.9000244140625,1713.050048828125,1716.9000244140625,1701.81787109375,4553892,1716.9000244140625,1699.2800048828126,1702.6333333333334,-1.0,1.0,1735.6344506835937,0.0
2021-09-23,1732.0,1745.0,1721.0999755859375,1742.550048828125,1727.2425537109375,3826090,1742.550048828125,1698.0849975585938,1704.9083333333333,-1.0,1.0,1734.069024658203,300.0
2021-09-24,1758.0,1788.0,1752.449951171875,1763.8499755859375,1748.3553466796875,8280446,1763.8499755859375,1699.1099975585937,1706.694999186198,-1.0,1.0,1759.9755493164062,-300.0
2021-09-27,1768.75,1769.0,1718.0999755859375,1721.1500244140625,1706.030517578125,5045337,1721.1500244140625,1704.0400024414062,1708.8716674804687,-1.0,1.0,1781.4884753417969,0.0
2021-09-28,1710.0,1710.0,1675.0,1687.0999755859375,1672.279541015625,6557197,1687.0999755859375,1711.2650024414063,1711.7483317057292,-1.0,1.0,1738.361524658203,0.0
2021-09-29,1659.25,1701.4000244140625,1655.0,1692.25,1677.3843994140625,7792548,1692.25,1714.1900024414062,1712.8,1.0,-1.0,1670.228975830078,300.0
2021-09-30,1703.0,1703.0,1670.0999755859375,1675.199951171875,1660.484130859375,6914031,1675.199951171875,1714.2849975585937,1711.9633341471354,1.0,1.0,1675.3274999999999,300.0
2021-10-01,1665.0999755859375,1678.949951171875,1661.25,1665.1500244140625,1650.5224609375,5733906,1665.1500244140625,1712.3650024414062,1711.5583333333334,1.0,1.0,1658.4479516601561,0.0
2021-10-04,1672.5,1688.0,1665.4000244140625,1678.75,1664.0029296875,2947154,1678.75,1709.6599975585937,1709.343330891927,1.0,1.0,1648.498524169922,0.0
2021-10-05,1671.0,1702.949951171875,1663.0,1692.800048828125,1677.9295654296875,4373310,1692.800048828125,1707.0449951171875,1707.0666666666666,-1.0,1.0,1695.5375,-600.0
2021-10-06,1702.0999755859375,1709.0,1670.0,1673.550048828125,1658.8487548828125,4271698,1673.550048828125,1706.1349975585938,1705.2600016276042,1.0,1.0,1675.8720483398438,600.0
2021-10-07,1687.0,1704.199951171875,1676.6500244140625,1691.0,1676.1453857421875,5476108,1691.0,1703.5700073242188,1703.7283365885417,-1.0,1.0,1690.2855493164063,-600.0
2021-10-08,1705.25,1731.5,1698.4000244140625,1723.8499755859375,1708.706787109375,4738376,1723.8499755859375,1699.235009765625,1702.1516723632812,-1.0,1.0,1707.91,300.0
2021-10-11,1682.0,1730.0,1663.699951171875,1690.949951171875,1676.095703125,8840633,1690.949951171875,1694.0800048828125,1700.6666707356771,-1.0,1.0,1741.088475341797,-300.0
2021-10-12,1677.0,1689.0,1662.0,1685.1500244140625,1670.3468017578125,7439300,1685.1500244140625,1690.0800048828125,1700.5383382161458,-1.0,1.0,1707.8594506835939,0.0
2021-10-13,1695.949951171875,1713.6500244140625,1680.050048828125,1709.199951171875,1694.1854248046875,7104171,1709.199951171875,1687.0599975585938,1699.9433349609376,-1.0,1.0,1702.0015246582032,300.0
2021-10-14,1754.0,1783.5999755859375,1698.199951171875,1715.75,1700.677978515625,19655776,1715.75,1686.8650024414062,1699.5133341471353,-1.0,-1.0,1726.2919506835938,-0.0
2021-10-18,1740.0,1799.0,1740.0,1792.1500244140625,1776.4068603515625,13438109,1792.1500244140625,1688.5599975585938,1699.605000813802,-1.0,-1.0,1732.9075,0.0
2021-10-19,1814.0,1834.5,1782.300048828125,1822.1500244140625,1806.143310546875,10324260,1822.1500244140625,1692.6150024414062,1700.8716674804687,-1.0,-1.0,1810.071524658203,0.0
2021-10-20,1829.4000244140625,1848.0,1794.050048828125,1802.3499755859373,1786.5172119140625,5876115,1802.3499755859373,1705.3150024414062,1704.3066691080728,1.0,1.0,1803.928524169922,300.0
2021-10-21,1814.0,1814.0,1746.8499755859375,1753.6500244140625,1738.2449951171875,8779629,1753.6500244140625,1719.6550048828126,1708.356669108073,1.0,1.0,1784.326475830078,-300.0
2021-10-22,1749.9000244140625,1763.199951171875,1707.0,1719.800048828125,1704.6923828125,7369809,1719.800048828125,1730.6099975585937,1710.755000813802,1.0,1.0,1736.113524169922,300.0
2021-10-25,1722.050048828125,1729.75,1687.199951171875,1707.550048828125,1692.550048828125,5905209,1707.550048828125,1738.6199951171875,1712.3216674804687,1.0,1.0,1702.6020483398438,0.0
2021-10-26,1710.050048828125,1726.5999755859375,1695.9000244140625,1703.699951171875,1703.699951171875,5871709,1703.699951171875,1741.5,1713.206669108073,1.0,1.0,1690.4745483398438,0.0
2021-10-27,1709.0999755859375,1734.1500244140625,1701.1500244140625,1728.949951171875,1728.949951171875,5090259,1728.949951171875,1739.8700073242187,1713.7383382161458,1.0,1.0,1686.6629516601563,0.0
2021-10-28,1719.3499755859375,1724.75,1692.050048828125,1703.9000244140625,1703.9000244140625,5329972,1703.9000244140625,1741.1450073242188,1714.1316691080729,1.0,1.0,1711.6604516601562,0.0
2021-10-29,1699.0,1712.5999755859375,1661.050048828125,1667.75,1667.75,5875091,1667.75,1745.525,1715.5583333333334,1.0,1.0,1686.8610241699218,-300.0
2021-11-01,1677.5,1707.199951171875,1676.0,1700.050048828125,1700.050048828125,3636806,1700.050048828125,1744.9950073242187,1715.3066691080728,1.0,1.0,1651.0725,300.0
2021-11-02,1695.0,1706.449951171875,1686.3499755859375,1697.9000244140625,1697.9000244140625,3471772,1697.9000244140625,1740.1950073242188,1714.156669108073,1.0,1.0,1683.0495483398438,0.0
2021-11-03,1709.0,1717.449951171875,1699.0,1702.5,1702.5,3530713,1702.5,1730.985009765625,1714.4483357747397,1.0,1.0,1680.9210241699218,0.0
2021-11-04,1715.0,1717.0,1705.0,1708.699951171875,1708.699951171875,483407,1708.699951171875,1718.560009765625,1714.7833374023437,1.0,1.0,1685.475,0.0
2021-11-08,1730.0,1741.0,1703.0,1737.5,1737.5,5245903,1737.5,1708.5750122070312,1714.2516723632812,-1.0,-1.0,1725.7869506835937,-300.0
2021-11-09,1734.75,1750.0,1726.0,1742.5,1742.5,4016134,1742.5,1704.0800048828125,1713.9783365885417,-1.0,1.0,1754.875,-300.0
2021-11-10,1726.0,1750.949951171875,1721.949951171875,1740.1500244140625,1740.1500244140625,4780368,1740.1500244140625,1705.85,1713.8100016276042,-1.0,1.0,1759.925,0.0
2021-11-11,1732.949951171875,1739.75,1709.0,1733.300048828125,1733.300048828125,4731349,1733.300048828125,1709.3449951171874,1713.0983357747396,-1.0,1.0,1757.551524658203,0.0
2021-11-12,1743.0,1782.8499755859375,1738.050048828125,1780.199951171875,1780.199951171875,5069009,1780.199951171875,1712.9900024414062,1713.731669108073,-1.0,1.0,1750.6330493164062,300.0
2021-11-15,1782.0999755859375,1800.0,1775.5,1787.1500244140625,1787.1500244140625,4354074,1787.1500244140625,1713.4250122070312,1715.2716715494792,-1.0,1.0,1798.0019506835938,-300.0
2021-11-16,1790.0,1808.949951171875,1777.0,1792.300048828125,1792.300048828125,6034233,1792.300048828125,1721.0550048828125,1718.2033365885416,1.0,1.0,1769.2785241699219,600.0
2021-11-17,1792.550048828125,1802.0,1780.699951171875,1787.449951171875,1787.449951171875,4732492,1787.449951171875,1732.9950073242187,1721.9350056966146,1.0,1.0,1774.3770483398437,0.0
2021-11-18,1781.5999755859375,1789.449951171875,1759.0,1779.4000244140625,1779.4000244140625,4326924,1779.4000244140625,1742.2200073242188,1726.17333984375,1.0,1.0,1769.5754516601562,0.0
2021-11-22,1784.0,1785.4000244140625,1751.1500244140625,1759.4000244140625,1759.4000244140625,6621839,1759.4000244140625,1751.175,1729.7966715494792,1.0,1.0,1761.606024169922,-300.0
2021-11-23,1735.0999755859375,1747.25,1710.0,1736.9000244140625,1736.9000244140625,8436160,1736.9000244140625,1758.8650024414062,1732.6833374023438,1.0,-1.0,1741.8060241699218,-0.0
2021-11-24,1740.0,1740.5,1688.0,1696.0,1696.0,7333061,1696.0,1763.935009765625,1735.5450032552083,1.0,1.0,1719.531024169922,300.0
2021-11-25,1700.0,1726.199951171875,1696.949951171875,1722.4000244140625,1722.4000244140625,4476260,1722.4000244140625,1763.8750122070312,1737.0750040690104,1.0,1.0,1679.04,0.0
2021-11-26,1702.550048828125,1718.3499755859375,1684.0,1691.6500244140625,1691.6500244140625,4494181,1691.6500244140625,1759.2250122070313,1736.1466715494792,1.0,-1.0,1705.176024169922,-300.0
2021-11-29,1691.0,1712.0,1669.1500244140625,1696.3499755859375,1696.3499755859375,3942776,1696.3499755859375,1757.4500122070312,1737.1950073242188,1.0,1.0,1674.7335241699218,300.0
2021-11-30,1704.550048828125,1729.9000244140625,1700.050048828125,1712.6500244140625,1712.6500244140625,14808963,1712.6500244140625,1753.285009765625,1737.4116739908854,1.0,1.0,1679.386475830078,0.0
2021-12-01,1715.0,1741.9000244140625,1713.0,1714.9000244140625,1714.9000244140625,5193264,1714.9000244140625,1744.9000122070313,1736.9833414713542,1.0,1.0,1695.5235241699218,0.0
2021-12-02,1715.0,1750.5,1711.3499755859375,1748.25,1748.25,5559574,1748.25,1737.4500122070312,1736.880008951823,1.0,1.0,1697.751024169922,0.0
2021-12-03,1771.0999755859375,1786.6500244140625,1732.550048828125,1735.550048828125,1735.550048828125,6754012,1735.550048828125,1729.710009765625,1734.3050089518229,-1.0,-1.0,1765.7325,-300.0
2021-12-06,1730.0,1733.949951171875,1691.5,1695.300048828125,1695.300048828125,3991449,1695.300048828125,1725.7900146484376,1731.8416748046875,-1.0,1.0,1752.9055493164062,-300.0
2021-12-07,1701.0999755859375,1724.9000244140625,1694.0,1711.6500244140625,1711.6500244140625,4202122,1711.6500244140625,1721.4050170898438,1729.615010579427,-1.0,1.0,1712.2530493164063,0.0
2021-12-08,1733.0,1759.800048828125,1732.5999755859375,1753.3499755859375,1753.3499755859375,3029169,1753.3499755859375,1714.99501953125,1727.670011393229,-1.0,-1.0,1728.7665246582033,300.0
2021-12-09,1759.0,1769.4000244140625,1742.0,1763.449951171875,1763.449951171875,2082171,1763.449951171875,1712.47001953125,1727.3983439127603,-1.0,1.0,1770.8834753417968,-300.0
2021-12-10,1760.0,1763.75,1746.0,1759.25,1759.25,1823469,1759.25,1718.2050170898438,1728.9250081380208,-1.0,1.0,1781.0844506835938,0.0
2021-12-13,1767.050048828125,1771.3499755859375,1738.800048828125,1744.6500244140625,1744.6500244140625,4040584,1744.6500244140625,1722.310009765625,1730.9166748046875,-1.0,1.0,1776.8425,0.0
2021-12-14,1730.9000244140625,1763.0,1710.3499755859375,1752.1500244140625,1752.1500244140625,4768144,1752.1500244140625,1729.0700073242188,1731.9266764322917,-1.0,1.0,1762.0965246582032,0.0
2021-12-15,1745.0,1747.949951171875,1721.199951171875,1734.199951171875,1734.199951171875,3053149,1734.199951171875,1733.9000122070313,1733.285009765625,1.0,1.0,1734.6285241699218,600.0
2021-12-16,1762.6500244140625,1777.5999755859375,1758.0,1771.5999755859375,1771.5999755859375,4481031,1771.5999755859375,1737.8500122070313,1736.0983439127604,1.0,1.0,1716.8579516601562,0.0
