,Symbol,Date,Expiry,Option Type,Strike Price,Open,High,Low,Close,LTP,Settle Price,No. of contracts,Turnover in Lacs,Premium Turnover in Lacs,Open Int,Change in OI,Underlying Value,futures_price,time_diff
0,ICICIBANK,2021-10-01,2021-12-30,CE,860,0.0,0.0,0.0,17.85,0.0,15.7,0,0.0,0.0,0,0,-,700.6,0.2465753424657534
2,ICICIBANK,2021-10-01,2021-12-30,CE,840,0.0,0.0,0.0,21.3,0.0,18.85,0,0.0,0.0,0,0,-,700.6,0.2465753424657534
3,ICICIBANK,2021-10-01,2021-12-30,CE,850,0.0,0.0,0.0,19.5,0.0,17.2,0,0.0,0.0,0,0,-,700.6,0.2465753424657534
4,ICICIBANK,2021-10-01,2021-12-30,CE,800,0.0,0.0,0.0,29.95,0.0,26.85,0,0.0,0.0,0,0,-,700.6,0.2465753424657534
5,ICICIBANK,2021-10-01,2021-12-30,CE,810,0.0,0.0,0.0,27.55,0.0,24.6,0,0.0,0.0,0,0,-,700.6,0.2465753424657534
6,ICICIBANK,2021-10-01,2021-12-30,CE,820,0.0,0.0,0.0,25.3,0.0,22.55,0,0.0,0.0,0,0,-,700.6,0.2465753424657534
7,ICICIBANK,2021-10-01,2021-12-30,CE,760,0.0,0.0,0.0,41.5,0.0,37.6,0,0.0,0.0,0,0,-,700.6,0.2465753424657534
8,ICICIBANK,2021-10-01,2021-12-30,CE,770,0.0,0.0,0.0,38.3,0.0,34.6,0,0.0,0.0,0,0,-,700.6,0.2465753424657534
9,ICICIBANK,2021-10-01,2021-12-30,CE,780,0.0,0.0,0.0,35.3,0.0,31.8,0,0.0,0.0,0,0,-,700.6,0.2465753424657534
10,ICICIBANK,2021-10-01,2021-12-30,CE,790,0.0,0.0,0.0,32.55,0.0,29.25,0,0.0,0.0,0,0,-,700.6,0.2465753424657534
11,ICICIBANK,2021-10-01,2021-12-30,CE,730,0.0,0.0,0.0,52.35,0.0,47.85,0,0.0,0.0,0,0,-,700.6,0.2465753424657534
12,ICICIBANK,2021-10-01,2021-12-30,CE,740,0.0,0.0,0.0,48.5,0.0,44.2,0,0.0,0.0,0,0,-,700.6,0.2465753424657534
13,ICICIBANK,2021-10-01,2021-12-30,CE,750,0.0,0.0,0.0,44.9,0.0,40.75,0,0.0,0.0,0,0,-,700.6,0.2465753424657534
15,ICICIBANK,2021-10-01,2021-12-30,CE,710,0.0,0.0,0.0,60.8,0.0,55.8,0,0.0,0.0,0,0,-,700.6,0.2465753424657534
16,ICICIBANK,2021-10-01,2021-12-30,CE,720,0.0,0.0,0.0,56.45,0.0,51.7,0,0.0,0.0,0,0,-,700.6,0.2465753424657534
42,ICICIBANK,2021-10-01,2021-12-30,CE,830,0.0,0.0,0.0,23.25,0.0,20.6,0,0.0,0.0,0,0,-,700.6,0.2465753424657534
86,ICICIBANK,2021-10-04,2021-12-30,CE,860,0.0,0.0,0.0,17.85,0.0,16.45,0,0.0,0.0,0,0,-,709.25,0.23835616438356164
88,ICICIBANK,2021-10-04,2021-12-30,CE,840,0.0,0.0,0.0,21.3,0.0,19.8,0,0.0,0.0,0,0,-,709.25,0.23835616438356164
89,ICICIBANK,2021-10-04,2021-12-30,CE,850,0.0,0.0,0.0,19.5,0.0,18.05,0,0.0,0.0,0,0,-,709.25,0.23835616438356164
90,ICICIBANK,2021-10-04,2021-12-30,CE,790,0.0,0.0,0.0,32.55,0.0,30.75,0,0.0,0.0,0,0,-,709.25,0.23835616438356164
91,ICICIBANK,2021-10-04,2021-12-30,CE,800,0.0,0.0,0.0,29.95,0.0,28.25,0,0.0,0.0,0,0,-,709.25,0.23835616438356164
92,ICICIBANK,2021-10-04,2021-12-30,CE,810,0.0,0.0,0.0,27.55,0.0,25.9,0,0.0,0.0,0,0,-,709.25,0.23835616438356164
93,ICICIBANK,2021-10-04,2021-12-30,CE,820,0.0,0.0,0.0,25.3,0.0,23.7,0,0.0,0.0,0,0,-,709.25,0.23835616438356164
94,ICICIBANK,2021-10-04,2021-12-30,CE,760,0.0,0.0,0.0,41.5,0.0,39.55,0,0.0,0.0,0,0,-,709.25,0.23835616438356164
95,ICICIBANK,2021-10-04,2021-12-30,CE,770,0.0,0.0,0.0,38.3,0.0,36.4,0,0.0,0.0,0,0,-,709.25,0.23835616438356164
96,ICICIBANK,2021-10-04,2021-12-30,CE,780,0.0,0.0,0.0,35.3,0.0,33.5,0,0.0,0.0,0,0,-,709.25,0.23835616438356164
97,ICICIBANK,2021-10-04,2021-12-30,CE,730,0.0,0.0,0.0,52.35,0.0,50.35,0,0.0,0.0,0,0,-,709.25,0.23835616438356164
98,ICICIBANK,2021-10-04,2021-12-30,CE,740,0.0,0.0,0.0,48.5,0.0,46.5,0,0.0,0.0,0,0,-,709.25,0.23835616438356164
99,ICICIBANK,2021-10-04,2021-12-30,CE,750,25.05,25.05,23.0,23.0,23.0,42.95,2,21.29,0.66,2750,2750,-,709.25,0.23835616438356164
101,ICICIBANK,2021-10-04,2021-12-30,CE,710,0.0,0.0,0.0,60.8,0.0,58.7,0,0.0,0.0,0,0,-,709.25,0.23835616438356164
102,ICICIBANK,2021-10-04,2021-12-30,CE,720,0.0,0.0,0.0,56.45,0.0,54.4,0,0.0,0.0,0,0,-,709.25,0.23835616438356164
128,ICICIBANK,2021-10-04,2021-12-30,CE,830,0.0,0.0,0.0,23.25,0.0,21.7,0,0.0,0.0,0,0,-,709.25,0.23835616438356164
172,ICICIBANK,2021-10-05,2021-12-30,CE,860,0.0,0.0,0.0,17.85,0.0,15.45,0,0.0,0.0,0,0,-,705.65,0.2356164383561644
174,ICICIBANK,2021-10-05,2021-12-30,CE,840,0.0,0.0,0.0,21.3,0.0,18.65,0,0.0,0.0,0,0,-,705.65,0.2356164383561644
175,ICICIBANK,2021-10-05,2021-12-30,CE,850,0.0,0.0,0.0,19.5,0.0,16.95,0,0.0,0.0,0,0,-,705.65,0.2356164383561644
176,ICICIBANK,2021-10-05,2021-12-30,CE,800,0.0,0.0,0.0,29.95,0.0,26.8,0,0.0,0.0,0,0,-,705.65,0.2356164383561644
177,ICICIBANK,2021-10-05,2021-12-30,CE,810,0.0,0.0,0.0,27.55,0.0,24.5,0,0.0,0.0,0,0,-,705.65,0.2356164383561644
178,ICICIBANK,2021-10-05,2021-12-30,CE,820,0.0,0.0,0.0,25.3,0.0,22.4,0,0.0,0.0,0,0,-,705.65,0.2356164383561644
179,ICICIBANK,2021-10-05,2021-12-30,CE,760,0.0,0.0,0.0,41.5,0.0,37.8,0,0.0,0.0,0,0,-,705.65,0.2356164383561644
180,ICICIBANK,2021-10-05,2021-12-30,CE,770,0.0,0.0,0.0,38.3,0.0,34.75,0,0.0,0.0,0,0,-,705.65,0.2356164383561644
181,ICICIBANK,2021-10-05,2021-12-30,CE,780,0.0,0.0,0.0,35.3,0.0,31.9,0,0.0,0.0,0,0,-,705.65,0.2356164383561644
182,ICICIBANK,2021-10-05,2021-12-30,CE,790,0.0,0.0,0.0,32.55,0.0,29.25,0,0.0,0.0,0,0,-,705.65,0.2356164383561644
183,ICICIBANK,2021-10-05,2021-12-30,CE,730,0.0,0.0,0.0,52.35,0.0,48.3,0,0.0,0.0,0,0,-,705.65,0.2356164383561644
184,ICICIBANK,2021-10-05,2021-12-30,CE,740,0.0,0.0,0.0,48.5,0.0,44.6,0,0.0,0.0,0,0,-,705.65,0.2356164383561644
185,ICICIBANK,2021-10-05,2021-12-30,CE,750,20.05,20.05,20.05,20.05,20.05,41.1,1,10.59,0.28,4125,1375,-,705.65,0.2356164383561644
187,ICICIBANK,2021-10-05,2021-12-30,CE,710,0.0,0.0,0.0,60.8,0.0,56.55,0,0.0,0.0,0,0,-,705.65,0.2356164383561644
188,ICICIBANK,2021-10-05,2021-12-30,CE,720,0.0,0.0,0.0,56.45,0.0,52.3,0,0.0,0.0,0,0,-,705.65,0.2356164383561644
214,ICICIBANK,2021-10-05,2021-12-30,CE,830,0.0,0.0,0.0,23.25,0.0,20.45,0,0.0,0.0,0,0,-,705.65,0.2356164383561644
258,ICICIBANK,2021-10-06,2021-12-30,CE,860,0.0,0.0,0.0,17.85,0.0,13.65,0,0.0,0.0,0,0,-,697.3,0.2328767123287671
260,ICICIBANK,2021-10-06,2021-12-30,CE,840,0.0,0.0,0.0,21.3,0.0,16.55,0,0.0,0.0,0,0,-,697.3,0.2328767123287671
261,ICICIBANK,2021-10-06,2021-12-30,CE,850,0.0,0.0,0.0,19.5,0.0,15.05,0,0.0,0.0,0,0,-,697.3,0.2328767123287671
262,ICICIBANK,2021-10-06,2021-12-30,CE,800,0.0,0.0,0.0,29.95,0.0,24.1,0,0.0,0.0,0,0,-,697.3,0.2328767123287671
263,ICICIBANK,2021-10-06,2021-12-30,CE,810,0.0,0.0,0.0,27.55,0.0,22.0,0,0.0,0.0,0,0,-,697.3,0.2328767123287671
264,ICICIBANK,2021-10-06,2021-12-30,CE,820,0.0,0.0,0.0,25.3,0.0,20.0,0,0.0,0.0,0,0,-,697.3,0.2328767123287671
265,ICICIBANK,2021-10-06,2021-12-30,CE,760,0.0,0.0,0.0,41.5,0.0,34.35,0,0.0,0.0,0,0,-,697.3,0.2328767123287671
266,ICICIBANK,2021-10-06,2021-12-30,CE,770,0.0,0.0,0.0,38.3,0.0,31.5,0,0.0,0.0,0,0,-,697.3,0.2328767123287671
267,ICICIBANK,2021-10-06,2021-12-30,CE,780,0.0,0.0,0.0,35.3,0.0,28.85,0,0.0,0.0,0,0,-,697.3,0.2328767123287671
268,ICICIBANK,2021-10-06,2021-12-30,CE,790,0.0,0.0,0.0,32.55,0.0,26.4,0,0.0,0.0,0,0,-,697.3,0.2328767123287671
269,ICICIBANK,2021-10-06,2021-12-30,CE,730,0.0,0.0,0.0,52.35,0.0,44.3,0,0.0,0.0,0,0,-,697.3,0.2328767123287671
270,ICICIBANK,2021-10-06,2021-12-30,CE,740,0.0,0.0,0.0,48.5,0.0,40.8,0,0.0,0.0,0,0,-,697.3,0.2328767123287671
271,ICICIBANK,2021-10-06,2021-12-30,CE,750,30.55,30.55,30.55,30.55,30.55,37.45,1,10.73,0.42,5500,1375,-,697.3,0.2328767123287671
272,ICICIBANK,2021-10-06,2021-12-30,CE,700,0.0,0.0,0.0,65.35,0.0,56.45,0,0.0,0.0,0,0,-,697.3,0.2328767123287671
273,ICICIBANK,2021-10-06,2021-12-30,CE,710,0.0,0.0,0.0,60.8,0.0,52.15,0,0.0,0.0,0,0,-,697.3,0.2328767123287671
274,ICICIBANK,2021-10-06,2021-12-30,CE,720,0.0,0.0,0.0,56.45,0.0,48.1,0,0.0,0.0,0,0,-,697.3,0.2328767123287671
300,ICICIBANK,2021-10-06,2021-12-30,CE,830,0.0,0.0,0.0,23.25,0.0,18.2,0,0.0,0.0,0,0,-,697.3,0.2328767123287671
344,ICICIBANK,2021-10-07,2021-12-30,CE,860,0.0,0.0,0.0,17.85,0.0,15.85,0,0.0,0.0,0,0,-,708.65,0.23013698630136986
346,ICICIBANK,2021-10-07,2021-12-30,CE,840,0.0,0.0,0.0,21.3,0.0,19.15,0,0.0,0.0,0,0,-,708.65,0.23013698630136986
347,ICICIBANK,2021-10-07,2021-12-30,CE,850,0.0,0.0,0.0,19.5,0.0,17.45,0,0.0,0.0,0,0,-,708.65,0.23013698630136986
348,ICICIBANK,2021-10-07,2021-12-30,CE,790,0.0,0.0,0.0,32.55,0.0,30.1,0,0.0,0.0,0,0,-,708.65,0.23013698630136986
349,ICICIBANK,2021-10-07,2021-12-30,CE,800,0.0,0.0,0.0,29.95,0.0,27.6,0,0.0,0.0,0,0,-,708.65,0.23013698630136986
350,ICICIBANK,2021-10-07,2021-12-30,CE,810,0.0,0.0,0.0,27.55,0.0,25.25,0,0.0,0.0,0,0,-,708.65,0.23013698630136986
351,ICICIBANK,2021-10-07,2021-12-30,CE,820,0.0,0.0,0.0,25.3,0.0,23.05,0,0.0,0.0,0,0,-,708.65,0.23013698630136986
352,ICICIBANK,2021-10-07,2021-12-30,CE,760,0.0,0.0,0.0,41.5,0.0,38.95,0,0.0,0.0,0,0,-,708.65,0.23013698630136986
353,ICICIBANK,2021-10-07,2021-12-30,CE,770,0.0,0.0,0.0,38.3,0.0,35.8,0,0.0,0.0,0,0,-,708.65,0.23013698630136986
354,ICICIBANK,2021-10-07,2021-12-30,CE,780,0.0,0.0,0.0,35.3,0.0,32.85,0,0.0,0.0,0,0,-,708.65,0.23013698630136986
355,ICICIBANK,2021-10-07,2021-12-30,CE,730,0.0,0.0,0.0,52.35,0.0,49.85,0,0.0,0.0,0,0,-,708.65,0.23013698630136986
356,ICICIBANK,2021-10-07,2021-12-30,CE,740,0.0,0.0,0.0,48.5,0.0,46.0,0,0.0,0.0,0,0,-,708.65,0.23013698630136986
357,ICICIBANK,2021-10-07,2021-12-30,CE,750,0.0,0.0,0.0,30.55,30.55,42.35,0,0.0,0.0,5500,0,-,708.65,0.23013698630136986
359,ICICIBANK,2021-10-07,2021-12-30,CE,710,0.0,0.0,0.0,60.8,0.0,58.35,0,0.0,0.0,0,0,-,708.65,0.23013698630136986
360,ICICIBANK,2021-10-07,2021-12-30,CE,720,0.0,0.0,0.0,56.45,0.0,53.95,0,0.0,0.0,0,0,-,708.65,0.23013698630136986
386,ICICIBANK,2021-10-07,2021-12-30,CE,830,0.0,0.0,0.0,23.25,0.0,21.05,0,0.0,0.0,0,0,-,708.65,0.23013698630136986
430,ICICIBANK,2021-10-08,2021-12-30,CE,860,0.0,0.0,0.0,17.85,0.0,15.7,0,0.0,0.0,0,0,-,710.25,0.2273972602739726
432,ICICIBANK,2021-10-08,2021-12-30,CE,840,0.0,0.0,0.0,21.3,0.0,19.05,0,0.0,0.0,0,0,-,710.25,0.2273972602739726
433,ICICIBANK,2021-10-08,2021-12-30,CE,850,0.0,0.0,0.0,19.5,0.0,17.3,0,0.0,0.0,0,0,-,710.25,0.2273972602739726
434,ICICIBANK,2021-10-08,2021-12-30,CE,800,0.0,0.0,0.0,29.95,0.0,27.5,0,0.0,0.0,0,0,-,710.25,0.2273972602739726
435,ICICIBANK,2021-10-08,2021-12-30,CE,810,0.0,0.0,0.0,27.55,0.0,25.15,0,0.0,0.0,0,0,-,710.25,0.2273972602739726
436,ICICIBANK,2021-10-08,2021-12-30,CE,820,0.0,0.0,0.0,25.3,0.0,22.95,0,0.0,0.0,0,0,-,710.25,0.2273972602739726
437,ICICIBANK,2021-10-08,2021-12-30,CE,760,0.0,0.0,0.0,41.5,0.0,38.95,0,0.0,0.0,0,0,-,710.25,0.2273972602739726
438,ICICIBANK,2021-10-08,2021-12-30,CE,770,0.0,0.0,0.0,38.3,0.0,35.75,0,0.0,0.0,0,0,-,710.25,0.2273972602739726
439,ICICIBANK,2021-10-08,2021-12-30,CE,780,0.0,0.0,0.0,35.3,0.0,32.8,0,0.0,0.0,0,0,-,710.25,0.2273972602739726
440,ICICIBANK,2021-10-08,2021-12-30,CE,790,0.0,0.0,0.0,32.55,0.0,30.05,0,0.0,0.0,0,0,-,710.25,0.2273972602739726
441,ICICIBANK,2021-10-08,2021-12-30,CE,730,0.0,0.0,0.0,52.35,0.0,49.9,0,0.0,0.0,0,0,-,710.25,0.2273972602739726
442,ICICIBANK,2021-10-08,2021-12-30,CE,740,0.0,0.0,0.0,48.5,0.0,46.0,0,0.0,0.0,0,0,-,710.25,0.2273972602739726
443,ICICIBANK,2021-10-08,2021-12-30,CE,750,0.0,0.0,0.0,30.55,30.55,42.35,0,0.0,0.0,5500,0,-,710.25,0.2273972602739726
446,ICICIBANK,2021-10-08,2021-12-30,CE,720,0.0,0.0,0.0,56.45,0.0,54.05,0,0.0,0.0,0,0,-,710.25,0.2273972602739726
472,ICICIBANK,2021-10-08,2021-12-30,CE,830,0.0,0.0,0.0,23.25,0.0,20.9,0,0.0,0.0,0,0,-,710.25,0.2273972602739726
516,ICICIBANK,2021-10-11,2021-12-30,CE,860,0.0,0.0,0.0,17.85,0.0,16.95,0,0.0,0.0,0,0,713.3,720.35,0.2191780821917808
518,ICICIBANK,2021-10-11,2021-12-30,CE,830,0.0,0.0,0.0,23.25,0.0,22.55,0,0.0,0.0,0,0,713.3,720.35,0.2191780821917808
519,ICICIBANK,2021-10-11,2021-12-30,CE,840,0.0,0.0,0.0,21.3,0.0,20.55,0,0.0,0.0,0,0,713.3,720.35,0.2191780821917808
520,ICICIBANK,2021-10-11,2021-12-30,CE,850,0.0,0.0,0.0,19.5,0.0,18.65,0,0.0,0.0,0,0,713.3,720.35,0.2191780821917808
521,ICICIBANK,2021-10-11,2021-12-30,CE,790,0.0,0.0,0.0,32.55,0.0,32.35,0,0.0,0.0,0,0,713.3,720.35,0.2191780821917808
522,ICICIBANK,2021-10-11,2021-12-30,CE,800,0.0,0.0,0.0,29.95,0.0,29.6,0,0.0,0.0,0,0,713.3,720.35,0.2191780821917808
523,ICICIBANK,2021-10-11,2021-12-30,CE,810,0.0,0.0,0.0,27.55,0.0,27.1,0,0.0,0.0,0,0,713.3,720.35,0.2191780821917808
524,ICICIBANK,2021-10-11,2021-12-30,CE,760,0.0,0.0,0.0,41.5,0.0,41.9,0,0.0,0.0,0,0,713.3,720.35,0.2191780821917808
525,ICICIBANK,2021-10-11,2021-12-30,CE,770,0.0,0.0,0.0,38.3,0.0,38.5,0,0.0,0.0,0,0,713.3,720.35,0.2191780821917808
526,ICICIBANK,2021-10-11,2021-12-30,CE,780,0.0,0.0,0.0,35.3,0.0,35.3,0,0.0,0.0,0,0,713.3,720.35,0.2191780821917808
527,ICICIBANK,2021-10-11,2021-12-30,CE,730,0.0,0.0,0.0,52.35,0.0,53.6,0,0.0,0.0,0,0,713.3,720.35,0.2191780821917808
528,ICICIBANK,2021-10-11,2021-12-30,CE,740,0.0,0.0,0.0,48.5,0.0,49.45,0,0.0,0.0,0,0,713.3,720.35,0.2191780821917808
529,ICICIBANK,2021-10-11,2021-12-30,CE,750,0.0,0.0,0.0,30.55,30.55,45.55,0,0.0,0.0,5500,0,713.3,720.35,0.2191780821917808
558,ICICIBANK,2021-10-11,2021-12-30,CE,820,0.0,0.0,0.0,25.3,0.0,24.75,0,0.0,0.0,0,0,713.3,720.35,0.2191780821917808
602,ICICIBANK,2021-10-12,2021-12-30,CE,860,0.0,0.0,0.0,17.85,0.0,15.55,0,0.0,0.0,0,0,708.6,716.4,0.21643835616438356
604,ICICIBANK,2021-10-12,2021-12-30,CE,840,0.0,0.0,0.0,21.3,0.0,18.95,0,0.0,0.0,0,0,708.6,716.4,0.21643835616438356
605,ICICIBANK,2021-10-12,2021-12-30,CE,850,0.0,0.0,0.0,19.5,0.0,17.15,0,0.0,0.0,0,0,708.6,716.4,0.21643835616438356
606,ICICIBANK,2021-10-12,2021-12-30,CE,790,0.0,0.0,0.0,32.55,0.0,30.2,0,0.0,0.0,0,0,708.6,716.4,0.21643835616438356
607,ICICIBANK,2021-10-12,2021-12-30,CE,800,0.0,0.0,0.0,29.95,0.0,27.55,0,0.0,0.0,0,0,708.6,716.4,0.21643835616438356
608,ICICIBANK,2021-10-12,2021-12-30,CE,810,0.0,0.0,0.0,27.55,0.0,25.15,0,0.0,0.0,0,0,708.6,716.4,0.21643835616438356
609,ICICIBANK,2021-10-12,2021-12-30,CE,820,0.0,0.0,0.0,25.3,0.0,22.95,0,0.0,0.0,0,0,708.6,716.4,0.21643835616438356
610,ICICIBANK,2021-10-12,2021-12-30,CE,760,0.0,0.0,0.0,41.5,0.0,39.4,0,0.0,0.0,0,0,708.6,716.4,0.21643835616438356
611,ICICIBANK,2021-10-12,2021-12-30,CE,770,0.0,0.0,0.0,38.3,0.0,36.1,0,0.0,0.0,0,0,708.6,716.4,0.21643835616438356
612,ICICIBANK,2021-10-12,2021-12-30,CE,780,0.0,0.0,0.0,35.3,0.0,33.05,0,0.0,0.0,0,0,708.6,716.4,0.21643835616438356
613,ICICIBANK,2021-10-12,2021-12-30,CE,730,0.0,0.0,0.0,52.35,0.0,50.7,0,0.0,0.0,0,0,708.6,716.4,0.21643835616438356
614,ICICIBANK,2021-10-12,2021-12-30,CE,740,0.0,0.0,0.0,48.5,0.0,46.65,0,0.0,0.0,0,0,708.6,716.4,0.21643835616438356
615,ICICIBANK,2021-10-12,2021-12-30,CE,750,0.0,0.0,0.0,30.55,30.55,42.9,0,0.0,0.0,5500,0,708.6,716.4,0.21643835616438356
618,ICICIBANK,2021-10-12,2021-12-30,CE,720,0.0,0.0,0.0,56.45,0.0,54.95,0,0.0,0.0,0,0,708.6,716.4,0.21643835616438356
644,ICICIBANK,2021-10-12,2021-12-30,CE,830,0.0,0.0,0.0,23.25,0.0,20.85,0,0.0,0.0,0,0,708.6,716.4,0.21643835616438356
688,ICICIBANK,2021-10-13,2021-12-30,CE,860,0.0,0.0,0.0,17.85,0.0,15.45,0,0.0,0.0,0,0,709.95,716.1,0.2136986301369863
690,ICICIBANK,2021-10-13,2021-12-30,CE,840,0.0,0.0,0.0,21.3,0.0,18.85,0,0.0,0.0,0,0,709.95,716.1,0.2136986301369863
691,ICICIBANK,2021-10-13,2021-12-30,CE,850,0.0,0.0,0.0,19.5,0.0,17.1,0,0.0,0.0,0,0,709.95,716.1,0.2136986301369863
692,ICICIBANK,2021-10-13,2021-12-30,CE,790,0.0,0.0,0.0,32.55,0.0,30.2,0,0.0,0.0,0,0,709.95,716.1,0.2136986301369863
693,ICICIBANK,2021-10-13,2021-12-30,CE,800,0.0,0.0,0.0,29.95,0.0,27.55,0,0.0,0.0,0,0,709.95,716.1,0.2136986301369863
694,ICICIBANK,2021-10-13,2021-12-30,CE,810,0.0,0.0,0.0,27.55,0.0,25.1,0,0.0,0.0,0,0,709.95,716.1,0.2136986301369863
695,ICICIBANK,2021-10-13,2021-12-30,CE,820,0.0,0.0,0.0,25.3,0.0,22.85,0,0.0,0.0,0,0,709.95,716.1,0.2136986301369863
696,ICICIBANK,2021-10-13,2021-12-30,CE,760,0.0,0.0,0.0,41.5,0.0,39.45,0,0.0,0.0,0,0,709.95,716.1,0.2136986301369863
697,ICICIBANK,2021-10-13,2021-12-30,CE,770,0.0,0.0,0.0,38.3,0.0,36.1,0,0.0,0.0,0,0,709.95,716.1,0.2136986301369863
698,ICICIBANK,2021-10-13,2021-12-30,CE,780,0.0,0.0,0.0,35.3,0.0,33.05,0,0.0,0.0,0,0,709.95,716.1,0.2136986301369863
699,ICICIBANK,2021-10-13,2021-12-30,CE,730,0.0,0.0,0.0,52.35,0.0,50.8,0,0.0,0.0,0,0,709.95,716.1,0.2136986301369863
700,ICICIBANK,2021-10-13,2021-12-30,CE,740,0.0,0.0,0.0,48.5,0.0,46.75,0,0.0,0.0,0,0,709.95,716.1,0.2136986301369863
701,ICICIBANK,2021-10-13,2021-12-30,CE,750,0.0,0.0,0.0,30.55,30.55,43.0,0,0.0,0.0,5500,0,709.95,716.1,0.2136986301369863
704,ICICIBANK,2021-10-13,2021-12-30,CE,720,0.0,0.0,0.0,56.45,0.0,55.15,0,0.0,0.0,0,0,709.95,716.1,0.2136986301369863
730,ICICIBANK,2021-10-13,2021-12-30,CE,830,0.0,0.0,0.0,23.25,0.0,20.8,0,0.0,0.0,0,0,709.95,716.1,0.2136986301369863
774,ICICIBANK,2021-10-14,2021-12-30,CE,860,0.0,0.0,0.0,17.85,0.0,19.1,0,0.0,0.0,0,0,-,733.15,0.21095890410958903
776,ICICIBANK,2021-10-14,2021-12-30,CE,830,0.0,0.0,0.0,23.25,0.0,25.35,0,0.0,0.0,0,0,-,733.15,0.21095890410958903
777,ICICIBANK,2021-10-14,2021-12-30,CE,840,0.0,0.0,0.0,21.3,0.0,23.1,0,0.0,0.0,0,0,-,733.15,0.21095890410958903
778,ICICIBANK,2021-10-14,2021-12-30,CE,850,0.0,0.0,0.0,19.5,0.0,21.05,0,0.0,0.0,0,0,-,733.15,0.21095890410958903
779,ICICIBANK,2021-10-14,2021-12-30,CE,790,0.0,0.0,0.0,32.55,0.0,36.25,0,0.0,0.0,0,0,-,733.15,0.21095890410958903
780,ICICIBANK,2021-10-14,2021-12-30,CE,800,0.0,0.0,0.0,29.95,0.0,33.2,0,0.0,0.0,0,0,-,733.15,0.21095890410958903
781,ICICIBANK,2021-10-14,2021-12-30,CE,810,0.0,0.0,0.0,27.55,0.0,30.4,0,0.0,0.0,0,0,-,733.15,0.21095890410958903
782,ICICIBANK,2021-10-14,2021-12-30,CE,760,0.0,0.0,0.0,41.5,0.0,46.8,0,0.0,0.0,0,0,-,733.15,0.21095890410958903
783,ICICIBANK,2021-10-14,2021-12-30,CE,770,0.0,0.0,0.0,38.3,0.0,43.05,0,0.0,0.0,0,0,-,733.15,0.21095890410958903
784,ICICIBANK,2021-10-14,2021-12-30,CE,780,0.0,0.0,0.0,35.3,0.0,39.55,0,0.0,0.0,0,0,-,733.15,0.21095890410958903
786,ICICIBANK,2021-10-14,2021-12-30,CE,740,0.0,0.0,0.0,48.5,0.0,55.05,0,0.0,0.0,0,0,-,733.15,0.21095890410958903
787,ICICIBANK,2021-10-14,2021-12-30,CE,750,29.6,36.85,29.6,36.85,36.85,50.8,2,21.54,0.91,5500,0,-,733.15,0.21095890410958903
816,ICICIBANK,2021-10-14,2021-12-30,CE,820,0.0,0.0,0.0,25.3,0.0,27.75,0,0.0,0.0,0,0,-,733.15,0.21095890410958903
860,ICICIBANK,2021-10-18,2021-12-30,CE,860,0.0,0.0,0.0,17.85,0.0,22.5,0,0.0,0.0,0,0,-,751.75,0.2
862,ICICIBANK,2021-10-18,2021-12-30,CE,880,0.0,0.0,0.0,14.9,0.0,18.55,0,0.0,0.0,0,0,-,751.75,0.2
863,ICICIBANK,2021-10-18,2021-12-30,CE,890,0.0,0.0,0.0,13.6,0.0,16.85,0,0.0,0.0,0,0,-,751.75,0.2
864,ICICIBANK,2021-10-18,2021-12-30,CE,820,0.0,0.0,0.0,25.3,0.0,32.5,0,0.0,0.0,0,0,-,751.75,0.2
865,ICICIBANK,2021-10-18,2021-12-30,CE,830,0.0,0.0,0.0,23.25,0.0,29.7,0,0.0,0.0,0,0,-,751.75,0.2
866,ICICIBANK,2021-10-18,2021-12-30,CE,840,0.0,0.0,0.0,21.3,0.0,27.1,0,0.0,0.0,0,0,-,751.75,0.2
867,ICICIBANK,2021-10-18,2021-12-30,CE,850,0.0,0.0,0.0,19.5,0.0,24.75,0,0.0,0.0,0,0,-,751.75,0.2
868,ICICIBANK,2021-10-18,2021-12-30,CE,790,0.0,0.0,0.0,32.55,0.0,42.2,0,0.0,0.0,0,0,-,751.75,0.2
869,ICICIBANK,2021-10-18,2021-12-30,CE,800,0.0,0.0,0.0,29.95,0.0,38.7,0,0.0,0.0,0,0,-,751.75,0.2
870,ICICIBANK,2021-10-18,2021-12-30,CE,810,0.0,0.0,0.0,27.55,0.0,35.5,0,0.0,0.0,0,0,-,751.75,0.2
871,ICICIBANK,2021-10-18,2021-12-30,CE,760,0.0,0.0,0.0,41.5,0.0,54.05,0,0.0,0.0,0,0,-,751.75,0.2
872,ICICIBANK,2021-10-18,2021-12-30,CE,770,0.0,0.0,0.0,38.3,0.0,49.85,0,0.0,0.0,0,0,-,751.75,0.2
873,ICICIBANK,2021-10-18,2021-12-30,CE,780,0.0,0.0,0.0,35.3,0.0,45.9,0,0.0,0.0,0,0,-,751.75,0.2
905,ICICIBANK,2021-10-18,2021-12-30,CE,870,0.0,0.0,0.0,16.3,0.0,20.5,0,0.0,0.0,0,0,-,751.75,0.2
952,ICICIBANK,2021-10-19,2021-12-30,CE,850,0.0,0.0,0.0,19.5,0.0,24.85,0,0.0,0.0,0,0,-,753.15,0.19726027397260273
954,ICICIBANK,2021-10-19,2021-12-30,CE,870,0.0,0.0,0.0,16.3,0.0,20.55,0,0.0,0.0,0,0,-,753.15,0.19726027397260273
955,ICICIBANK,2021-10-19,2021-12-30,CE,880,0.0,0.0,0.0,14.9,0.0,18.6,0,0.0,0.0,0,0,-,753.15,0.19726027397260273
956,ICICIBANK,2021-10-19,2021-12-30,CE,890,0.0,0.0,0.0,13.6,0.0,16.85,0,0.0,0.0,0,0,-,753.15,0.19726027397260273
957,ICICIBANK,2021-10-19,2021-12-30,CE,900,0.0,0.0,0.0,12.4,0.0,15.25,0,0.0,0.0,0,0,-,753.15,0.19726027397260273
958,ICICIBANK,2021-10-19,2021-12-30,CE,820,0.0,0.0,0.0,25.3,0.0,32.65,0,0.0,0.0,0,0,-,753.15,0.19726027397260273
959,ICICIBANK,2021-10-19,2021-12-30,CE,830,0.0,0.0,0.0,23.25,0.0,29.85,0,0.0,0.0,0,0,-,753.15,0.19726027397260273
960,ICICIBANK,2021-10-19,2021-12-30,CE,840,0.0,0.0,0.0,21.3,0.0,27.2,0,0.0,0.0,0,0,-,753.15,0.19726027397260273
961,ICICIBANK,2021-10-19,2021-12-30,CE,790,0.0,0.0,0.0,32.55,0.0,42.5,0,0.0,0.0,0,0,-,753.15,0.19726027397260273
962,ICICIBANK,2021-10-19,2021-12-30,CE,800,0.0,0.0,0.0,29.95,0.0,39.0,0,0.0,0.0,0,0,-,753.15,0.19726027397260273
963,ICICIBANK,2021-10-19,2021-12-30,CE,810,0.0,0.0,0.0,27.55,0.0,35.7,0,0.0,0.0,0,0,-,753.15,0.19726027397260273
964,ICICIBANK,2021-10-19,2021-12-30,CE,760,0.0,0.0,0.0,41.5,0.0,54.5,0,0.0,0.0,0,0,-,753.15,0.19726027397260273
965,ICICIBANK,2021-10-19,2021-12-30,CE,770,0.0,0.0,0.0,38.3,0.0,50.25,0,0.0,0.0,0,0,-,753.15,0.19726027397260273
966,ICICIBANK,2021-10-19,2021-12-30,CE,780,0.0,0.0,0.0,35.3,0.0,46.25,0,0.0,0.0,0,0,-,753.15,0.19726027397260273
998,ICICIBANK,2021-10-19,2021-12-30,CE,860,0.0,0.0,0.0,17.85,0.0,22.6,0,0.0,0.0,0,0,-,753.15,0.19726027397260273
1046,ICICIBANK,2021-10-20,2021-12-30,CE,860,0.0,0.0,0.0,17.85,0.0,21.7,0,0.0,0.0,0,0,745.85,754.9,0.19452054794520549
1048,ICICIBANK,2021-10-20,2021-12-30,CE,880,0.0,0.0,0.0,14.9,0.0,17.8,0,0.0,0.0,0,0,745.85,754.9,0.19452054794520549
1049,ICICIBANK,2021-10-20,2021-12-30,CE,890,0.0,0.0,0.0,13.6,0.0,16.1,0,0.0,0.0,0,0,745.85,754.9,0.19452054794520549
1050,ICICIBANK,2021-10-20,2021-12-30,CE,900,0.0,0.0,0.0,12.4,0.0,14.55,0,0.0,0.0,0,0,745.85,754.9,0.19452054794520549
1051,ICICIBANK,2021-10-20,2021-12-30,CE,820,0.0,0.0,0.0,25.3,0.0,31.55,0,0.0,0.0,0,0,745.85,754.9,0.19452054794520549
1052,ICICIBANK,2021-10-20,2021-12-30,CE,830,0.0,0.0,0.0,23.25,0.0,28.75,0,0.0,0.0,0,0,745.85,754.9,0.19452054794520549
1053,ICICIBANK,2021-10-20,2021-12-30,CE,840,0.0,0.0,0.0,21.3,0.0,26.25,0,0.0,0.0,0,0,745.85,754.9,0.19452054794520549
1054,ICICIBANK,2021-10-20,2021-12-30,CE,850,0.0,0.0,0.0,19.5,0.0,23.85,0,0.0,0.0,0,0,745.85,754.9,0.19452054794520549
1055,ICICIBANK,2021-10-20,2021-12-30,CE,790,0.0,0.0,0.0,32.55,0.0,41.2,0,0.0,0.0,0,0,745.85,754.9,0.19452054794520549
1056,ICICIBANK,2021-10-20,2021-12-30,CE,800,0.0,0.0,0.0,29.95,0.0,37.75,0,0.0,0.0,0,0,745.85,754.9,0.19452054794520549
1057,ICICIBANK,2021-10-20,2021-12-30,CE,810,0.0,0.0,0.0,27.55,0.0,34.55,0,0.0,0.0,0,0,745.85,754.9,0.19452054794520549
1058,ICICIBANK,2021-10-20,2021-12-30,CE,760,0.0,0.0,0.0,41.5,0.0,53.1,0,0.0,0.0,0,0,745.85,754.9,0.19452054794520549
1059,ICICIBANK,2021-10-20,2021-12-30,CE,770,0.0,0.0,0.0,38.3,0.0,48.9,0,0.0,0.0,0,0,745.85,754.9,0.19452054794520549
1060,ICICIBANK,2021-10-20,2021-12-30,CE,780,0.0,0.0,0.0,35.3,0.0,44.95,0,0.0,0.0,0,0,745.85,754.9,0.19452054794520549
1092,ICICIBANK,2021-10-20,2021-12-30,CE,870,0.0,0.0,0.0,16.3,0.0,19.65,0,0.0,0.0,0,0,745.85,754.9,0.19452054794520549
1140,ICICIBANK,2021-10-21,2021-12-30,CE,850,0.0,0.0,0.0,19.5,0.0,26.35,0,0.0,0.0,0,0,-,763.35,0.1917808219178082
1141,ICICIBANK,2021-10-21,2021-12-30,CE,860,0.0,0.0,0.0,17.85,0.0,23.95,0,0.0,0.0,0,0,-,763.35,0.1917808219178082
1142,ICICIBANK,2021-10-21,2021-12-30,CE,870,0.0,0.0,0.0,16.3,0.0,21.8,0,0.0,0.0,0,0,-,763.35,0.1917808219178082
1143,ICICIBANK,2021-10-21,2021-12-30,CE,880,0.0,0.0,0.0,14.9,0.0,19.75,0,0.0,0.0,0,0,-,763.35,0.1917808219178082
1144,ICICIBANK,2021-10-21,2021-12-30,CE,890,0.0,0.0,0.0,13.6,0.0,17.9,0,0.0,0.0,0,0,-,763.35,0.1917808219178082
1145,ICICIBANK,2021-10-21,2021-12-30,CE,900,0.0,0.0,0.0,12.4,0.0,16.2,0,0.0,0.0,0,0,-,763.35,0.1917808219178082
1146,ICICIBANK,2021-10-21,2021-12-30,CE,820,0.0,0.0,0.0,25.3,0.0,34.65,0,0.0,0.0,0,0,-,763.35,0.1917808219178082
1147,ICICIBANK,2021-10-21,2021-12-30,CE,830,0.0,0.0,0.0,23.25,0.0,31.65,0,0.0,0.0,0,0,-,763.35,0.1917808219178082
1148,ICICIBANK,2021-10-21,2021-12-30,CE,840,0.0,0.0,0.0,21.3,0.0,28.9,0,0.0,0.0,0,0,-,763.35,0.1917808219178082
1149,ICICIBANK,2021-10-21,2021-12-30,CE,790,0.0,0.0,0.0,32.55,0.0,45.05,0,0.0,0.0,0,0,-,763.35,0.1917808219178082
1150,ICICIBANK,2021-10-21,2021-12-30,CE,800,0.0,0.0,0.0,29.95,0.0,41.35,0,0.0,0.0,0,0,-,763.35,0.1917808219178082
1151,ICICIBANK,2021-10-21,2021-12-30,CE,810,0.0,0.0,0.0,27.55,0.0,37.9,0,0.0,0.0,0,0,-,763.35,0.1917808219178082
1153,ICICIBANK,2021-10-21,2021-12-30,CE,770,0.0,0.0,0.0,38.3,0.0,53.2,0,0.0,0.0,0,0,-,763.35,0.1917808219178082
1154,ICICIBANK,2021-10-21,2021-12-30,CE,780,0.0,0.0,0.0,35.3,0.0,49.0,0,0.0,0.0,0,0,-,763.35,0.1917808219178082
1234,ICICIBANK,2021-10-22,2021-12-30,CE,910,0.0,0.0,0.0,11.3,0.0,14.95,0,0.0,0.0,0,0,-,765.4,0.18904109589041096
1236,ICICIBANK,2021-10-22,2021-12-30,CE,860,0.0,0.0,0.0,17.85,0.0,24.55,0,0.0,0.0,0,0,-,765.4,0.18904109589041096
1237,ICICIBANK,2021-10-22,2021-12-30,CE,870,0.0,0.0,0.0,16.3,0.0,22.3,0,0.0,0.0,0,0,-,765.4,0.18904109589041096
1238,ICICIBANK,2021-10-22,2021-12-30,CE,880,0.0,0.0,0.0,14.9,0.0,20.25,0,0.0,0.0,0,0,-,765.4,0.18904109589041096
1239,ICICIBANK,2021-10-22,2021-12-30,CE,890,0.0,0.0,0.0,13.6,0.0,18.3,0,0.0,0.0,0,0,-,765.4,0.18904109589041096
1240,ICICIBANK,2021-10-22,2021-12-30,CE,900,0.0,0.0,0.0,12.4,0.0,16.55,0,0.0,0.0,0,0,-,765.4,0.18904109589041096
1241,ICICIBANK,2021-10-22,2021-12-30,CE,820,0.0,0.0,0.0,25.3,0.0,35.55,0,0.0,0.0,0,0,-,765.4,0.18904109589041096
1242,ICICIBANK,2021-10-22,2021-12-30,CE,830,0.0,0.0,0.0,23.25,0.0,32.45,0,0.0,0.0,0,0,-,765.4,0.18904109589041096
1243,ICICIBANK,2021-10-22,2021-12-30,CE,840,0.0,0.0,0.0,21.3,0.0,29.6,0,0.0,0.0,0,0,-,765.4,0.18904109589041096
1244,ICICIBANK,2021-10-22,2021-12-30,CE,790,0.0,0.0,0.0,32.55,0.0,46.2,0,0.0,0.0,0,0,-,765.4,0.18904109589041096
1245,ICICIBANK,2021-10-22,2021-12-30,CE,800,33.0,33.0,33.0,33.0,33.0,42.4,1,11.45,0.45,1375,1375,-,765.4,0.18904109589041096
1246,ICICIBANK,2021-10-22,2021-12-30,CE,810,0.0,0.0,0.0,27.55,0.0,38.85,0,0.0,0.0,0,0,-,765.4,0.18904109589041096
1248,ICICIBANK,2021-10-22,2021-12-30,CE,770,0.0,0.0,0.0,38.3,0.0,54.55,0,0.0,0.0,0,0,-,765.4,0.18904109589041096
1249,ICICIBANK,2021-10-22,2021-12-30,CE,780,0.0,0.0,0.0,35.3,0.0,50.25,0,0.0,0.0,0,0,-,765.4,0.18904109589041096
1281,ICICIBANK,2021-10-22,2021-12-30,CE,850,0.0,0.0,0.0,19.5,0.0,26.95,0,0.0,0.0,0,0,-,765.4,0.18904109589041096
1330,ICICIBANK,2021-10-25,2021-12-30,CE,900,30.1,30.1,28.1,28.1,28.1,43.8,4,51.13,1.63,4125,4125,841.7,848.85,0.18082191780821918
1332,ICICIBANK,2021-10-25,2021-12-30,CE,850,51.85,53.3,43.95,44.95,46.3,44.95,53,654.87,35.43,60500,60500,841.7,848.85,0.18082191780821918
1333,ICICIBANK,2021-10-25,2021-12-30,CE,860,0.0,0.0,0.0,17.85,0.0,59.1,0,0.0,0.0,0,0,841.7,848.85,0.18082191780821918
1334,ICICIBANK,2021-10-25,2021-12-30,CE,870,0.0,0.0,0.0,16.3,0.0,54.95,0,0.0,0.0,0,0,841.7,848.85,0.18082191780821918
1335,ICICIBANK,2021-10-25,2021-12-30,CE,880,0.0,0.0,0.0,14.9,0.0,51.0,0,0.0,0.0,0,0,841.7,848.85,0.18082191780821918
1336,ICICIBANK,2021-10-25,2021-12-30,CE,890,0.0,0.0,0.0,13.6,0.0,47.3,0,0.0,0.0,0,0,841.7,848.85,0.18082191780821918
1377,ICICIBANK,2021-10-25,2021-12-30,CE,910,0.0,0.0,0.0,11.3,0.0,40.5,0,0.0,0.0,0,0,841.7,848.85,0.18082191780821918
1426,ICICIBANK,2021-10-26,2021-12-30,CE,900,28.1,28.1,19.2,21.0,21.0,38.3,9,114.11,2.74,9625,5500,829.4,835.5,0.1780821917808219
1428,ICICIBANK,2021-10-26,2021-12-30,CE,920,0.0,0.0,0.0,10.25,0.0,32.45,0,0.0,0.0,0,0,829.4,835.5,0.1780821917808219
1429,ICICIBANK,2021-10-26,2021-12-30,CE,930,0.0,0.0,0.0,9.35,0.0,29.85,0,0.0,0.0,0,0,829.4,835.5,0.1780821917808219
1430,ICICIBANK,2021-10-26,2021-12-30,CE,940,0.0,0.0,0.0,8.5,0.0,27.45,0,0.0,0.0,0,0,829.4,835.5,0.1780821917808219
1431,ICICIBANK,2021-10-26,2021-12-30,CE,950,0.0,0.0,0.0,7.7,0.0,25.2,0,0.0,0.0,0,0,829.4,835.5,0.1780821917808219
1432,ICICIBANK,2021-10-26,2021-12-30,CE,960,0.0,0.0,0.0,7.0,0.0,23.1,0,0.0,0.0,0,0,829.4,835.5,0.1780821917808219
1433,ICICIBANK,2021-10-26,2021-12-30,CE,970,0.0,0.0,0.0,6.35,0.0,21.1,0,0.0,0.0,0,0,829.4,835.5,0.1780821917808219
1434,ICICIBANK,2021-10-26,2021-12-30,CE,980,0.0,0.0,0.0,5.75,0.0,19.3,0,0.0,0.0,0,0,829.4,835.5,0.1780821917808219
1435,ICICIBANK,2021-10-26,2021-12-30,CE,990,0.0,0.0,0.0,5.2,0.0,17.6,0,0.0,0.0,0,0,829.4,835.5,0.1780821917808219
1436,ICICIBANK,2021-10-26,2021-12-30,CE,850,39.85,43.05,35.15,35.4,35.4,35.4,44,536.94,22.69,85250,24750,829.4,835.5,0.1780821917808219
1437,ICICIBANK,2021-10-26,2021-12-30,CE,860,31.0,31.0,30.0,30.0,30.0,52.45,3,36.73,1.25,4125,4125,829.4,835.5,0.1780821917808219
1438,ICICIBANK,2021-10-26,2021-12-30,CE,870,26.0,26.0,23.75,23.75,23.75,48.6,4,49.21,1.36,5500,5500,829.4,835.5,0.1780821917808219
1439,ICICIBANK,2021-10-26,2021-12-30,CE,880,0.0,0.0,0.0,14.9,0.0,44.95,0,0.0,0.0,0,0,829.4,835.5,0.1780821917808219
1440,ICICIBANK,2021-10-26,2021-12-30,CE,890,0.0,0.0,0.0,13.6,0.0,41.5,0,0.0,0.0,0,0,829.4,835.5,0.1780821917808219
1443,ICICIBANK,2021-10-26,2021-12-30,CE,840,0.0,0.0,0.0,21.3,0.0,60.9,0,0.0,0.0,0,0,829.4,835.5,0.1780821917808219
1481,ICICIBANK,2021-10-26,2021-12-30,CE,910,0.0,0.0,0.0,11.3,0.0,35.3,0,0.0,0.0,0,0,829.4,835.5,0.1780821917808219
1538,ICICIBANK,2021-10-27,2021-12-30,CE,900,24.0,26.0,10.25,21.5,21.5,21.5,7,88.58,1.96,13750,4125,835,839.85,0.17534246575342466
1540,ICICIBANK,2021-10-27,2021-12-30,CE,920,0.0,0.0,0.0,10.25,0.0,33.8,0,0.0,0.0,0,0,835,839.85,0.17534246575342466
1541,ICICIBANK,2021-10-27,2021-12-30,CE,930,0.0,0.0,0.0,9.35,0.0,31.1,0,0.0,0.0,0,0,835,839.85,0.17534246575342466
1542,ICICIBANK,2021-10-27,2021-12-30,CE,940,0.0,0.0,0.0,8.5,0.0,28.6,0,0.0,0.0,0,0,835,839.85,0.17534246575342466
1543,ICICIBANK,2021-10-27,2021-12-30,CE,950,0.0,0.0,0.0,7.7,0.0,26.2,0,0.0,0.0,0,0,835,839.85,0.17534246575342466
1544,ICICIBANK,2021-10-27,2021-12-30,CE,960,0.0,0.0,0.0,7.0,0.0,24.05,0,0.0,0.0,0,0,835,839.85,0.17534246575342466
1545,ICICIBANK,2021-10-27,2021-12-30,CE,970,0.0,0.0,0.0,6.35,0.0,22.0,0,0.0,0.0,0,0,835,839.85,0.17534246575342466
1546,ICICIBANK,2021-10-27,2021-12-30,CE,980,0.0,0.0,0.0,5.75,0.0,20.1,0,0.0,0.0,0,0,835,839.85,0.17534246575342466
1547,ICICIBANK,2021-10-27,2021-12-30,CE,990,0.0,0.0,0.0,5.2,0.0,18.35,0,0.0,0.0,0,0,835,839.85,0.17534246575342466
1548,ICICIBANK,2021-10-27,2021-12-30,CE,850,36.7,45.05,36.7,37.6,37.6,37.6,11,134.7,6.13,85250,0,835,839.85,0.17534246575342466
1549,ICICIBANK,2021-10-27,2021-12-30,CE,860,38.0,38.0,38.0,38.0,38.0,54.5,1,12.35,0.52,5500,1375,835,839.85,0.17534246575342466
1550,ICICIBANK,2021-10-27,2021-12-30,CE,870,32.0,32.0,32.0,32.0,32.0,50.5,1,12.4,0.44,6875,1375,835,839.85,0.17534246575342466
1551,ICICIBANK,2021-10-27,2021-12-30,CE,880,0.0,0.0,0.0,14.9,0.0,46.7,0,0.0,0.0,0,0,835,839.85,0.17534246575342466
1552,ICICIBANK,2021-10-27,2021-12-30,CE,890,0.0,0.0,0.0,13.6,0.0,43.15,0,0.0,0.0,0,0,835,839.85,0.17534246575342466
1555,ICICIBANK,2021-10-27,2021-12-30,CE,840,0.0,0.0,0.0,21.3,0.0,63.2,0,0.0,0.0,0,0,835,839.85,0.17534246575342466
1593,ICICIBANK,2021-10-27,2021-12-30,CE,910,0.0,0.0,0.0,11.3,0.0,36.7,0,0.0,0.0,0,0,835,839.85,0.17534246575342466
1650,ICICIBANK,2021-10-28,2021-12-30,CE,910,0.0,0.0,0.0,11.3,0.0,24.7,0,0.0,0.0,0,0,-,806.2,0.1726027397260274
1652,ICICIBANK,2021-10-28,2021-12-30,CE,930,0.0,0.0,0.0,9.35,0.0,20.5,0,0.0,0.0,0,0,-,806.2,0.1726027397260274
1653,ICICIBANK,2021-10-28,2021-12-30,CE,940,0.0,0.0,0.0,8.5,0.0,18.65,0,0.0,0.0,0,0,-,806.2,0.1726027397260274
1654,ICICIBANK,2021-10-28,2021-12-30,CE,950,4.95,4.95,4.95,4.95,4.95,16.95,1,13.13,0.07,1375,1375,-,806.2,0.1726027397260274
1655,ICICIBANK,2021-10-28,2021-12-30,CE,960,0.0,0.0,0.0,7.0,0.0,15.4,0,0.0,0.0,0,0,-,806.2,0.1726027397260274
1656,ICICIBANK,2021-10-28,2021-12-30,CE,970,0.0,0.0,0.0,6.35,0.0,13.95,0,0.0,0.0,0,0,-,806.2,0.1726027397260274
1657,ICICIBANK,2021-10-28,2021-12-30,CE,980,0.0,0.0,0.0,5.75,0.0,12.65,0,0.0,0.0,0,0,-,806.2,0.1726027397260274
1658,ICICIBANK,2021-10-28,2021-12-30,CE,990,0.0,0.0,0.0,5.2,0.0,11.45,0,0.0,0.0,0,0,-,806.2,0.1726027397260274
1659,ICICIBANK,2021-10-28,2021-12-30,CE,850,32.15,32.95,26.0,26.6,26.0,26.6,58,700.67,22.8,101750,16500,-,806.2,0.1726027397260274
1660,ICICIBANK,2021-10-28,2021-12-30,CE,860,26.0,26.0,19.75,19.75,19.75,19.75,2,24.28,0.63,6875,1375,-,806.2,0.1726027397260274
1661,ICICIBANK,2021-10-28,2021-12-30,CE,870,22.5,22.5,18.55,18.55,18.55,18.55,2,24.49,0.56,8250,1375,-,806.2,0.1726027397260274
1662,ICICIBANK,2021-10-28,2021-12-30,CE,880,0.0,0.0,0.0,14.9,0.0,32.2,0,0.0,0.0,0,0,-,806.2,0.1726027397260274
1663,ICICIBANK,2021-10-28,2021-12-30,CE,890,0.0,0.0,0.0,13.6,0.0,29.5,0,0.0,0.0,0,0,-,806.2,0.1726027397260274
1664,ICICIBANK,2021-10-28,2021-12-30,CE,900,18.6,19.05,16.0,16.0,16.0,16.0,8,100.97,1.97,13750,0,-,806.2,0.1726027397260274
1665,ICICIBANK,2021-10-28,2021-12-30,CE,820,0.0,0.0,0.0,25.3,0.0,53.05,0,0.0,0.0,0,0,-,806.2,0.1726027397260274
1666,ICICIBANK,2021-10-28,2021-12-30,CE,830,0.0,0.0,0.0,23.25,0.0,49.0,0,0.0,0.0,0,0,-,806.2,0.1726027397260274
1667,ICICIBANK,2021-10-28,2021-12-30,CE,840,0.0,0.0,0.0,21.3,0.0,45.2,0,0.0,0.0,0,0,-,806.2,0.1726027397260274
1670,ICICIBANK,2021-10-28,2021-12-30,CE,810,0.0,0.0,0.0,27.55,0.0,57.4,0,0.0,0.0,0,0,-,806.2,0.1726027397260274
1705,ICICIBANK,2021-10-28,2021-12-30,CE,920,0.0,0.0,0.0,10.25,0.0,22.55,0,0.0,0.0,0,0,-,806.2,0.1726027397260274
1762,ICICIBANK,2021-10-29,2021-12-30,CE,910,0.0,0.0,0.0,11.3,0.0,25.1,0,0.0,0.0,0,0,802.05,808.0,0.16986301369863013
1764,ICICIBANK,2021-10-29,2021-12-30,CE,930,0.0,0.0,0.0,9.35,0.0,20.8,0,0.0,0.0,0,0,802.05,808.0,0.16986301369863013
1765,ICICIBANK,2021-10-29,2021-12-30,CE,940,0.0,0.0,0.0,8.5,0.0,18.95,0,0.0,0.0,0,0,802.05,808.0,0.16986301369863013
1766,ICICIBANK,2021-10-29,2021-12-30,CE,950,0.0,0.0,0.0,4.95,4.95,17.2,0,0.0,0.0,1375,0,802.05,808.0,0.16986301369863013
1767,ICICIBANK,2021-10-29,2021-12-30,CE,960,0.0,0.0,0.0,7.0,0.0,15.6,0,0.0,0.0,0,0,802.05,808.0,0.16986301369863013
1768,ICICIBANK,2021-10-29,2021-12-30,CE,970,0.0,0.0,0.0,6.35,0.0,14.15,0,0.0,0.0,0,0,802.05,808.0,0.16986301369863013
1769,ICICIBANK,2021-10-29,2021-12-30,CE,980,0.0,0.0,0.0,5.75,0.0,12.8,0,0.0,0.0,0,0,802.05,808.0,0.16986301369863013
1770,ICICIBANK,2021-10-29,2021-12-30,CE,990,0.0,0.0,0.0,5.2,0.0,11.6,0,0.0,0.0,0,0,802.05,808.0,0.16986301369863013
1771,ICICIBANK,2021-10-29,2021-12-30,CE,850,22.8,26.65,22.2,23.35,23.35,42.4,32,384.66,10.66,118250,16500,802.05,808.0,0.16986301369863013
1772,ICICIBANK,2021-10-29,2021-12-30,CE,860,0.0,0.0,0.0,19.75,19.75,38.95,0,0.0,0.0,6875,0,802.05,808.0,0.16986301369863013
1773,ICICIBANK,2021-10-29,2021-12-30,CE,870,19.95,20.0,19.95,20.0,20.0,35.75,2,24.47,0.55,9625,1375,802.05,808.0,0.16986301369863013
1774,ICICIBANK,2021-10-29,2021-12-30,CE,880,0.0,0.0,0.0,14.9,0.0,32.8,0,0.0,0.0,0,0,802.05,808.0,0.16986301369863013
1775,ICICIBANK,2021-10-29,2021-12-30,CE,890,0.0,0.0,0.0,13.6,0.0,30.0,0,0.0,0.0,0,0,802.05,808.0,0.16986301369863013
1776,ICICIBANK,2021-10-29,2021-12-30,CE,900,15.05,15.05,10.3,13.45,13.45,27.45,8,100.53,1.53,20625,6875,802.05,808.0,0.16986301369863013
1777,ICICIBANK,2021-10-29,2021-12-30,CE,820,0.0,0.0,0.0,25.3,0.0,54.1,0,0.0,0.0,0,0,802.05,808.0,0.16986301369863013
1778,ICICIBANK,2021-10-29,2021-12-30,CE,830,0.0,0.0,0.0,23.25,0.0,49.95,0,0.0,0.0,0,0,802.05,808.0,0.16986301369863013
1779,ICICIBANK,2021-10-29,2021-12-30,CE,840,0.0,0.0,0.0,21.3,0.0,46.05,0,0.0,0.0,0,0,802.05,808.0,0.16986301369863013
1782,ICICIBANK,2021-10-29,2021-12-30,CE,810,0.0,0.0,0.0,27.55,0.0,58.5,0,0.0,0.0,0,0,802.05,808.0,0.16986301369863013
1817,ICICIBANK,2021-10-29,2021-12-30,CE,920,0.0,0.0,0.0,10.25,0.0,22.9,0,0.0,0.0,0,0,802.05,808.0,0.16986301369863013
1874,ICICIBANK,2021-11-01,2021-12-30,CE,950,0.0,0.0,0.0,4.95,4.95,16.4,0,0.0,0.0,1375,0,-,810.7,0.16164383561643836
1876,ICICIBANK,2021-11-01,2021-12-30,CE,970,0.0,0.0,0.0,6.35,0.0,13.4,0,0.0,0.0,0,0,-,810.7,0.16164383561643836
1877,ICICIBANK,2021-11-01,2021-12-30,CE,980,0.0,0.0,0.0,5.75,0.0,12.05,0,0.0,0.0,0,0,-,810.7,0.16164383561643836
1878,ICICIBANK,2021-11-01,2021-12-30,CE,990,0.0,0.0,0.0,5.2,0.0,10.9,0,0.0,0.0,0,0,-,810.7,0.16164383561643836
1879,ICICIBANK,2021-11-01,2021-12-30,CE,880,0.0,0.0,0.0,14.9,0.0,31.9,0,0.0,0.0,0,0,-,810.7,0.16164383561643836
1880,ICICIBANK,2021-11-01,2021-12-30,CE,890,0.0,0.0,0.0,13.6,0.0,29.1,0,0.0,0.0,0,0,-,810.7,0.16164383561643836
1881,ICICIBANK,2021-11-01,2021-12-30,CE,900,12.65,13.55,11.0,12.0,12.0,26.55,7,87.79,1.16,24750,4125,-,810.7,0.16164383561643836
1882,ICICIBANK,2021-11-01,2021-12-30,CE,910,0.0,0.0,0.0,11.3,0.0,24.2,0,0.0,0.0,0,0,-,810.7,0.16164383561643836
1883,ICICIBANK,2021-11-01,2021-12-30,CE,920,0.0,0.0,0.0,10.25,0.0,22.0,0,0.0,0.0,0,0,-,810.7,0.16164383561643836
1884,ICICIBANK,2021-11-01,2021-12-30,CE,930,0.0,0.0,0.0,9.35,0.0,19.95,0,0.0,0.0,0,0,-,810.7,0.16164383561643836
1885,ICICIBANK,2021-11-01,2021-12-30,CE,940,0.0,0.0,0.0,8.5,0.0,18.1,0,0.0,0.0,0,0,-,810.7,0.16164383561643836
1886,ICICIBANK,2021-11-01,2021-12-30,CE,820,28.05,28.05,28.05,28.05,28.05,53.3,1,11.66,0.39,1375,1375,-,810.7,0.16164383561643836
1887,ICICIBANK,2021-11-01,2021-12-30,CE,830,0.0,0.0,0.0,23.25,0.0,49.15,0,0.0,0.0,0,0,-,810.7,0.16164383561643836
1888,ICICIBANK,2021-11-01,2021-12-30,CE,840,0.0,0.0,0.0,21.3,0.0,45.2,0,0.0,0.0,0,0,-,810.7,0.16164383561643836
1889,ICICIBANK,2021-11-01,2021-12-30,CE,850,25.0,25.0,20.5,21.25,21.5,21.25,50,599.5,15.13,141625,23375,-,810.7,0.16164383561643836
1890,ICICIBANK,2021-11-01,2021-12-30,CE,860,0.0,0.0,0.0,19.75,19.75,38.1,0,0.0,0.0,6875,0,-,810.7,0.16164383561643836
1891,ICICIBANK,2021-11-01,2021-12-30,CE,870,0.0,0.0,0.0,20.0,20.0,34.85,0,0.0,0.0,9625,0,-,810.7,0.16164383561643836
1929,ICICIBANK,2021-11-01,2021-12-30,CE,960,0.0,0.0,0.0,7.0,0.0,14.8,0,0.0,0.0,0,0,-,810.7,0.16164383561643836
1986,ICICIBANK,2021-11-02,2021-12-30,CE,950,0.0,0.0,0.0,4.95,4.95,15.3,0,0.0,0.0,1375,0,800.95,806.6,0.1589041095890411
1988,ICICIBANK,2021-11-02,2021-12-30,CE,970,0.0,0.0,0.0,6.35,0.0,12.4,0,0.0,0.0,0,0,800.95,806.6,0.1589041095890411
1989,ICICIBANK,2021-11-02,2021-12-30,CE,980,0.0,0.0,0.0,5.75,0.0,11.2,0,0.0,0.0,0,0,800.95,806.6,0.1589041095890411
1990,ICICIBANK,2021-11-02,2021-12-30,CE,990,0.0,0.0,0.0,5.2,0.0,10.05,0,0.0,0.0,0,0,800.95,806.6,0.1589041095890411
1991,ICICIBANK,2021-11-02,2021-12-30,CE,880,0.0,0.0,0.0,14.9,0.0,30.2,0,0.0,0.0,0,0,800.95,806.6,0.1589041095890411
1992,ICICIBANK,2021-11-02,2021-12-30,CE,890,0.0,0.0,0.0,13.6,0.0,27.5,0,0.0,0.0,0,0,800.95,806.6,0.1589041095890411
1993,ICICIBANK,2021-11-02,2021-12-30,CE,900,11.85,11.85,9.4,10.15,10.5,10.15,13,162.82,1.95,35750,11000,800.95,806.6,0.1589041095890411
1994,ICICIBANK,2021-11-02,2021-12-30,CE,910,0.0,0.0,0.0,11.3,0.0,22.8,0,0.0,0.0,0,0,800.95,806.6,0.1589041095890411
1995,ICICIBANK,2021-11-02,2021-12-30,CE,920,0.0,0.0,0.0,10.25,0.0,20.7,0,0.0,0.0,0,0,800.95,806.6,0.1589041095890411
1996,ICICIBANK,2021-11-02,2021-12-30,CE,930,0.0,0.0,0.0,9.35,0.0,18.7,0,0.0,0.0,0,0,800.95,806.6,0.1589041095890411
1997,ICICIBANK,2021-11-02,2021-12-30,CE,940,0.0,0.0,0.0,8.5,0.0,16.9,0,0.0,0.0,0,0,800.95,806.6,0.1589041095890411
1998,ICICIBANK,2021-11-02,2021-12-30,CE,820,27.9,27.9,26.65,26.65,26.65,26.65,9,104.9,3.43,6875,5500,800.95,806.6,0.1589041095890411
1999,ICICIBANK,2021-11-02,2021-12-30,CE,830,0.0,0.0,0.0,23.25,0.0,47.05,0,0.0,0.0,0,0,800.95,806.6,0.1589041095890411
2000,ICICIBANK,2021-11-02,2021-12-30,CE,840,0.0,0.0,0.0,21.3,0.0,43.2,0,0.0,0.0,0,0,800.95,806.6,0.1589041095890411
2001,ICICIBANK,2021-11-02,2021-12-30,CE,850,21.3,21.3,18.05,18.05,18.05,39.6,36,430.55,9.8,158125,16500,800.95,806.6,0.1589041095890411
2002,ICICIBANK,2021-11-02,2021-12-30,CE,860,0.0,0.0,0.0,19.75,19.75,36.25,0,0.0,0.0,6875,0,800.95,806.6,0.1589041095890411
2003,ICICIBANK,2021-11-02,2021-12-30,CE,870,0.0,0.0,0.0,20.0,20.0,33.1,0,0.0,0.0,9625,0,800.95,806.6,0.1589041095890411
2009,ICICIBANK,2021-11-02,2021-12-30,CE,810,33.0,33.0,30.3,30.3,30.3,30.3,7,81.01,3.04,89375,1375,800.95,806.6,0.1589041095890411
2041,ICICIBANK,2021-11-02,2021-12-30,CE,960,0.0,0.0,0.0,7.0,0.0,13.8,0,0.0,0.0,0,0,800.95,806.6,0.1589041095890411
2098,ICICIBANK,2021-11-03,2021-12-30,CE,950,0.0,0.0,0.0,4.95,4.95,12.05,0,0.0,0.0,1375,0,-,790.7,0.15616438356164383
2100,ICICIBANK,2021-11-03,2021-12-30,CE,970,0.0,0.0,0.0,6.35,0.0,9.7,0,0.0,0.0,0,0,-,790.7,0.15616438356164383
2101,ICICIBANK,2021-11-03,2021-12-30,CE,980,0.0,0.0,0.0,5.75,0.0,8.65,0,0.0,0.0,0,0,-,790.7,0.15616438356164383
2102,ICICIBANK,2021-11-03,2021-12-30,CE,990,0.0,0.0,0.0,5.2,0.0,7.75,0,0.0,0.0,0,0,-,790.7,0.15616438356164383
2103,ICICIBANK,2021-11-03,2021-12-30,CE,890,0.0,0.0,0.0,13.6,0.0,22.55,0,0.0,0.0,0,0,-,790.7,0.15616438356164383
2104,ICICIBANK,2021-11-03,2021-12-30,CE,900,10.25,10.25,7.0,7.95,7.95,7.95,23,287.23,2.6,41250,5500,-,790.7,0.15616438356164383
2105,ICICIBANK,2021-11-03,2021-12-30,CE,910,0.0,0.0,0.0,11.3,0.0,18.4,0,0.0,0.0,0,0,-,790.7,0.15616438356164383
2106,ICICIBANK,2021-11-03,2021-12-30,CE,920,0.0,0.0,0.0,10.25,0.0,16.6,0,0.0,0.0,0,0,-,790.7,0.15616438356164383
2107,ICICIBANK,2021-11-03,2021-12-30,CE,930,0.0,0.0,0.0,9.35,0.0,14.95,0,0.0,0.0,0,0,-,790.7,0.15616438356164383
2108,ICICIBANK,2021-11-03,2021-12-30,CE,940,0.0,0.0,0.0,8.5,0.0,13.45,0,0.0,0.0,0,0,-,790.7,0.15616438356164383
2109,ICICIBANK,2021-11-03,2021-12-30,CE,820,26.0,26.2,20.0,20.0,20.0,20.0,10,116.22,3.47,19250,12375,-,790.7,0.15616438356164383
2110,ICICIBANK,2021-11-03,2021-12-30,CE,830,18.9,18.9,16.45,16.45,16.45,39.75,2,23.31,0.49,2750,2750,-,790.7,0.15616438356164383
2111,ICICIBANK,2021-11-03,2021-12-30,CE,840,0.0,0.0,0.0,21.3,0.0,36.3,0,0.0,0.0,0,0,-,790.7,0.15616438356164383
2112,ICICIBANK,2021-11-03,2021-12-30,CE,850,17.05,18.0,14.0,14.75,14.8,14.75,52,619.18,11.43,174625,16500,-,790.7,0.15616438356164383
2113,ICICIBANK,2021-11-03,2021-12-30,CE,860,22.0,22.0,22.0,22.0,22.0,30.1,2,24.26,0.61,9625,2750,-,790.7,0.15616438356164383
2114,ICICIBANK,2021-11-03,2021-12-30,CE,870,12.05,12.05,12.05,12.05,12.05,27.35,1,12.13,0.17,8250,-1375,-,790.7,0.15616438356164383
2115,ICICIBANK,2021-11-03,2021-12-30,CE,880,0.0,0.0,0.0,14.9,0.0,24.85,0,0.0,0.0,0,0,-,790.7,0.15616438356164383
2120,ICICIBANK,2021-11-03,2021-12-30,CE,800,35.55,36.0,27.95,28.5,27.95,28.5,47,536.95,19.95,123750,9625,-,790.7,0.15616438356164383
2121,ICICIBANK,2021-11-03,2021-12-30,CE,810,29.5,29.5,29.5,29.5,29.5,47.4,1,11.54,0.41,89375,0,-,790.7,0.15616438356164383
2153,ICICIBANK,2021-11-03,2021-12-30,CE,960,0.0,0.0,0.0,7.0,0.0,10.85,0,0.0,0.0,0,0,-,790.7,0.15616438356164383
2210,ICICIBANK,2021-11-04,2021-12-30,CE,960,0.0,0.0,0.0,7.0,0.0,9.85,0,0.0,0.0,0,0,-,785.35,0.15342465753424658
2212,ICICIBANK,2021-11-04,2021-12-30,CE,980,0.0,0.0,0.0,5.75,0.0,7.85,0,0.0,0.0,0,0,-,785.35,0.15342465753424658
2213,ICICIBANK,2021-11-04,2021-12-30,CE,990,0.0,0.0,0.0,5.2,0.0,7.0,0,0.0,0.0,0,0,-,785.35,0.15342465753424658
2214,ICICIBANK,2021-11-04,2021-12-30,CE,890,0.0,0.0,0.0,13.6,0.0,20.95,0,0.0,0.0,0,0,-,785.35,0.15342465753424658
2215,ICICIBANK,2021-11-04,2021-12-30,CE,900,8.0,9.0,8.0,8.6,8.4,8.6,39,487.21,4.59,83875,42625,-,785.35,0.15342465753424658
2216,ICICIBANK,2021-11-04,2021-12-30,CE,910,0.0,0.0,0.0,11.3,0.0,17.0,0,0.0,0.0,0,0,-,785.35,0.15342465753424658
2217,ICICIBANK,2021-11-04,2021-12-30,CE,920,0.0,0.0,0.0,10.25,0.0,15.3,0,0.0,0.0,0,0,-,785.35,0.15342465753424658
2218,ICICIBANK,2021-11-04,2021-12-30,CE,930,0.0,0.0,0.0,9.35,0.0,13.7,0,0.0,0.0,0,0,-,785.35,0.15342465753424658
2219,ICICIBANK,2021-11-04,2021-12-30,CE,940,0.0,0.0,0.0,8.5,0.0,12.3,0,0.0,0.0,0,0,-,785.35,0.15342465753424658
2220,ICICIBANK,2021-11-04,2021-12-30,CE,950,0.0,0.0,0.0,4.95,4.95,11.0,0,0.0,0.0,1375,0,-,785.35,0.15342465753424658
2221,ICICIBANK,2021-11-04,2021-12-30,CE,830,0.0,0.0,0.0,16.45,16.45,37.45,0,0.0,0.0,2750,0,-,785.35,0.15342465753424658
2222,ICICIBANK,2021-11-04,2021-12-30,CE,840,0.0,0.0,0.0,21.3,0.0,34.15,0,0.0,0.0,0,0,-,785.35,0.15342465753424658
2223,ICICIBANK,2021-11-04,2021-12-30,CE,850,15.95,15.95,13.8,14.1,13.8,14.1,5,59.45,1.01,171875,-2750,-,785.35,0.15342465753424658
2224,ICICIBANK,2021-11-04,2021-12-30,CE,860,12.0,12.0,12.0,12.0,12.0,12.0,1,11.99,0.17,9625,0,-,785.35,0.15342465753424658
2225,ICICIBANK,2021-11-04,2021-12-30,CE,870,0.0,0.0,0.0,12.05,12.05,25.55,0,0.0,0.0,8250,0,-,785.35,0.15342465753424658
2226,ICICIBANK,2021-11-04,2021-12-30,CE,880,0.0,0.0,0.0,14.9,0.0,23.15,0,0.0,0.0,0,0,-,785.35,0.15342465753424658
2230,ICICIBANK,2021-11-04,2021-12-30,CE,790,0.0,0.0,0.0,32.55,0.0,53.4,0,0.0,0.0,0,0,-,785.35,0.15342465753424658
2231,ICICIBANK,2021-11-04,2021-12-30,CE,800,27.15,29.0,26.8,27.55,26.8,27.55,11,125.25,4.25,127875,4125,-,785.35,0.15342465753424658
2232,ICICIBANK,2021-11-04,2021-12-30,CE,810,24.0,24.0,24.0,24.0,24.0,24.0,1,11.47,0.33,89375,0,-,785.35,0.15342465753424658
2233,ICICIBANK,2021-11-04,2021-12-30,CE,820,0.0,0.0,0.0,20.0,20.0,41.05,0,0.0,0.0,19250,0,-,785.35,0.15342465753424658
2265,ICICIBANK,2021-11-04,2021-12-30,CE,970,0.0,0.0,0.0,6.35,0.0,8.8,0,0.0,0.0,0,0,-,785.35,0.15342465753424658
2322,ICICIBANK,2021-11-08,2021-12-30,CE,950,4.0,4.0,4.0,4.0,4.0,4.0,3,39.35,0.17,4125,2750,-,786.6,0.14246575342465753
2323,ICICIBANK,2021-11-08,2021-12-30,CE,960,0.0,0.0,0.0,7.0,0.0,8.35,0,0.0,0.0,0,0,-,786.6,0.14246575342465753
2324,ICICIBANK,2021-11-08,2021-12-30,CE,970,0.0,0.0,0.0,6.35,0.0,7.4,0,0.0,0.0,0,0,-,786.6,0.14246575342465753
2325,ICICIBANK,2021-11-08,2021-12-30,CE,980,0.0,0.0,0.0,5.75,0.0,6.55,0,0.0,0.0,0,0,-,786.6,0.14246575342465753
2326,ICICIBANK,2021-11-08,2021-12-30,CE,990,0.0,0.0,0.0,5.2,0.0,5.75,0,0.0,0.0,0,0,-,786.6,0.14246575342465753
2327,ICICIBANK,2021-11-08,2021-12-30,CE,890,0.0,0.0,0.0,13.6,0.0,18.6,0,0.0,0.0,0,0,-,786.6,0.14246575342465753
2328,ICICIBANK,2021-11-08,2021-12-30,CE,900,7.55,8.4,6.55,7.75,7.75,7.75,44,548.85,4.35,96250,12375,-,786.6,0.14246575342465753
2329,ICICIBANK,2021-11-08,2021-12-30,CE,910,0.0,0.0,0.0,11.3,0.0,14.9,0,0.0,0.0,0,0,-,786.6,0.14246575342465753
2330,ICICIBANK,2021-11-08,2021-12-30,CE,920,0.0,0.0,0.0,10.25,0.0,13.3,0,0.0,0.0,0,0,-,786.6,0.14246575342465753
2331,ICICIBANK,2021-11-08,2021-12-30,CE,930,0.0,0.0,0.0,9.35,0.0,11.85,0,0.0,0.0,0,0,-,786.6,0.14246575342465753
2332,ICICIBANK,2021-11-08,2021-12-30,CE,940,0.0,0.0,0.0,8.5,0.0,10.55,0,0.0,0.0,0,0,-,786.6,0.14246575342465753
2333,ICICIBANK,2021-11-08,2021-12-30,CE,820,17.0,17.75,14.45,16.0,16.0,38.0,51,586.98,11.95,61875,42625,-,786.6,0.14246575342465753
2334,ICICIBANK,2021-11-08,2021-12-30,CE,830,17.0,17.0,17.0,17.0,17.0,34.5,1,11.65,0.23,4125,1375,-,786.6,0.14246575342465753
2335,ICICIBANK,2021-11-08,2021-12-30,CE,840,14.0,14.0,14.0,14.0,14.0,14.0,1,11.74,0.19,1375,1375,-,786.6,0.14246575342465753
2336,ICICIBANK,2021-11-08,2021-12-30,CE,850,12.95,13.1,10.7,12.5,12.5,28.25,57,675.62,9.43,178750,6875,-,786.6,0.14246575342465753
2337,ICICIBANK,2021-11-08,2021-12-30,CE,860,0.0,0.0,0.0,12.0,12.0,25.5,0,0.0,0.0,9625,0,-,786.6,0.14246575342465753
2338,ICICIBANK,2021-11-08,2021-12-30,CE,870,0.0,0.0,0.0,12.05,12.05,23.05,0,0.0,0.0,8250,0,-,786.6,0.14246575342465753
2339,ICICIBANK,2021-11-08,2021-12-30,CE,880,0.0,0.0,0.0,14.9,0.0,20.75,0,0.0,0.0,0,0,-,786.6,0.14246575342465753
2343,ICICIBANK,2021-11-08,2021-12-30,CE,790,27.55,28.5,26.4,26.4,26.4,50.1,17,191.15,6.49,20625,20625,-,786.6,0.14246575342465753
2344,ICICIBANK,2021-11-08,2021-12-30,CE,800,27.15,27.15,22.3,26.4,26.3,26.4,151,1712.22,51.22,243375,115500,-,786.6,0.14246575342465753
2345,ICICIBANK,2021-11-08,2021-12-30,CE,810,22.0,22.0,20.7,21.9,21.9,41.75,9,102.88,2.65,88000,-1375,-,786.6,0.14246575342465753
2434,ICICIBANK,2021-11-09,2021-12-30,CE,960,0.0,0.0,0.0,7.0,0.0,8.85,0,0.0,0.0,0,0,-,790.8,0.13972602739726028
2436,ICICIBANK,2021-11-09,2021-12-30,CE,980,0.0,0.0,0.0,5.75,0.0,6.95,0,0.0,0.0,0,0,-,790.8,0.13972602739726028
2437,ICICIBANK,2021-11-09,2021-12-30,CE,990,0.0,0.0,0.0,5.2,0.0,6.15,0,0.0,0.0,0,0,-,790.8,0.13972602739726028
2438,ICICIBANK,2021-11-09,2021-12-30,CE,890,0.0,0.0,0.0,13.6,0.0,19.75,0,0.0,0.0,0,0,-,790.8,0.13972602739726028
2439,ICICIBANK,2021-11-09,2021-12-30,CE,900,7.0,7.8,6.95,6.95,6.95,6.95,9,112.26,0.88,105875,9625,-,790.8,0.13972602739726028
2440,ICICIBANK,2021-11-09,2021-12-30,CE,910,0.0,0.0,0.0,11.3,0.0,15.85,0,0.0,0.0,0,0,-,790.8,0.13972602739726028
2441,ICICIBANK,2021-11-09,2021-12-30,CE,920,0.0,0.0,0.0,10.25,0.0,14.15,0,0.0,0.0,0,0,-,790.8,0.13972602739726028
2442,ICICIBANK,2021-11-09,2021-12-30,CE,930,0.0,0.0,0.0,9.35,0.0,12.6,0,0.0,0.0,0,0,-,790.8,0.13972602739726028
2443,ICICIBANK,2021-11-09,2021-12-30,CE,940,0.0,0.0,0.0,8.5,0.0,11.25,0,0.0,0.0,0,0,-,790.8,0.13972602739726028
2444,ICICIBANK,2021-11-09,2021-12-30,CE,950,0.0,0.0,0.0,4.0,4.0,10.0,0,0.0,0.0,4125,0,-,790.8,0.13972602739726028
2445,ICICIBANK,2021-11-09,2021-12-30,CE,820,19.3,19.3,15.25,15.25,15.25,15.25,3,34.56,0.74,61875,0,-,790.8,0.13972602739726028
2446,ICICIBANK,2021-11-09,2021-12-30,CE,830,0.0,0.0,0.0,17.0,17.0,36.45,0,0.0,0.0,4125,0,-,790.8,0.13972602739726028
2447,ICICIBANK,2021-11-09,2021-12-30,CE,840,0.0,0.0,0.0,14.0,14.0,33.05,0,0.0,0.0,1375,0,-,790.8,0.13972602739726028
2448,ICICIBANK,2021-11-09,2021-12-30,CE,850,12.7,13.55,12.3,13.0,13.0,13.0,63,747.42,11.11,240625,61875,-,790.8,0.13972602739726028
2449,ICICIBANK,2021-11-09,2021-12-30,CE,860,0.0,0.0,0.0,12.0,12.0,27.05,0,0.0,0.0,9625,0,-,790.8,0.13972602739726028
2450,ICICIBANK,2021-11-09,2021-12-30,CE,870,0.0,0.0,0.0,12.05,12.05,24.4,0,0.0,0.0,8250,0,-,790.8,0.13972602739726028
2451,ICICIBANK,2021-11-09,2021-12-30,CE,880,0.0,0.0,0.0,14.9,0.0,22.0,0,0.0,0.0,0,0,-,790.8,0.13972602739726028
2456,ICICIBANK,2021-11-09,2021-12-30,CE,800,25.85,27.2,24.75,26.0,25.9,26.0,74,840.45,26.45,281875,38500,-,790.8,0.13972602739726028
2457,ICICIBANK,2021-11-09,2021-12-30,CE,810,0.0,0.0,0.0,21.9,21.9,44.05,0,0.0,0.0,88000,0,-,790.8,0.13972602739726028
2489,ICICIBANK,2021-11-09,2021-12-30,CE,970,0.0,0.0,0.0,6.35,0.0,7.85,0,0.0,0.0,0,0,-,790.8,0.13972602739726028
2546,ICICIBANK,2021-11-10,2021-12-30,CE,950,4.0,4.0,4.0,4.0,4.0,8.75,2,26.24,0.11,2750,-1375,-,784.45,0.136986301369863
2548,ICICIBANK,2021-11-10,2021-12-30,CE,970,0.0,0.0,0.0,6.35,0.0,6.85,0,0.0,0.0,0,0,-,784.45,0.136986301369863
2549,ICICIBANK,2021-11-10,2021-12-30,CE,980,0.0,0.0,0.0,5.75,0.0,6.0,0,0.0,0.0,0,0,-,784.45,0.136986301369863
2550,ICICIBANK,2021-11-10,2021-12-30,CE,990,0.0,0.0,0.0,5.2,0.0,5.3,0,0.0,0.0,0,0,-,784.45,0.136986301369863
2551,ICICIBANK,2021-11-10,2021-12-30,CE,890,0.0,0.0,0.0,13.6,0.0,17.75,0,0.0,0.0,0,0,-,784.45,0.136986301369863
2552,ICICIBANK,2021-11-10,2021-12-30,CE,900,6.95,6.95,5.6,6.2,6.25,6.2,28,348.88,2.38,127875,22000,-,784.45,0.136986301369863
2553,ICICIBANK,2021-11-10,2021-12-30,CE,910,0.0,0.0,0.0,11.3,0.0,14.1,0,0.0,0.0,0,0,-,784.45,0.136986301369863
2554,ICICIBANK,2021-11-10,2021-12-30,CE,920,0.0,0.0,0.0,10.25,0.0,12.55,0,0.0,0.0,0,0,-,784.45,0.136986301369863
2555,ICICIBANK,2021-11-10,2021-12-30,CE,930,0.0,0.0,0.0,9.35,0.0,11.15,0,0.0,0.0,0,0,-,784.45,0.136986301369863
2556,ICICIBANK,2021-11-10,2021-12-30,CE,940,0.0,0.0,0.0,8.5,0.0,9.9,0,0.0,0.0,0,0,-,784.45,0.136986301369863
2557,ICICIBANK,2021-11-10,2021-12-30,CE,820,16.7,16.7,16.05,16.65,16.65,37.0,14,161.0,3.15,64625,2750,-,784.45,0.136986301369863
2558,ICICIBANK,2021-11-10,2021-12-30,CE,830,0.0,0.0,0.0,17.0,17.0,33.5,0,0.0,0.0,4125,0,-,784.45,0.136986301369863
2559,ICICIBANK,2021-11-10,2021-12-30,CE,840,0.0,0.0,0.0,14.0,14.0,30.3,0,0.0,0.0,1375,0,-,784.45,0.136986301369863
2560,ICICIBANK,2021-11-10,2021-12-30,CE,850,10.5,11.9,10.5,11.1,11.25,11.1,28,331.51,4.26,254375,13750,-,784.45,0.136986301369863
2561,ICICIBANK,2021-11-10,2021-12-30,CE,860,0.0,0.0,0.0,12.0,12.0,24.6,0,0.0,0.0,9625,0,-,784.45,0.136986301369863
2562,ICICIBANK,2021-11-10,2021-12-30,CE,870,0.0,0.0,0.0,12.05,12.05,22.1,0,0.0,0.0,8250,0,-,784.45,0.136986301369863
2563,ICICIBANK,2021-11-10,2021-12-30,CE,880,0.0,0.0,0.0,14.9,0.0,19.85,0,0.0,0.0,0,0,-,784.45,0.136986301369863
2567,ICICIBANK,2021-11-10,2021-12-30,CE,790,25.85,26.4,24.8,25.3,25.3,49.15,38,426.03,13.26,83875,50875,-,784.45,0.136986301369863
2568,ICICIBANK,2021-11-10,2021-12-30,CE,800,24.55,24.55,21.4,23.55,23.9,23.55,90,1017.99,27.99,298375,16500,-,784.45,0.136986301369863
2569,ICICIBANK,2021-11-10,2021-12-30,CE,810,19.25,21.1,19.25,21.1,21.1,40.75,3,34.26,0.84,88000,0,-,784.45,0.136986301369863
2601,ICICIBANK,2021-11-10,2021-12-30,CE,960,0.0,0.0,0.0,7.0,0.0,7.75,0,0.0,0.0,0,0,-,784.45,0.136986301369863
2658,ICICIBANK,2021-11-11,2021-12-30,CE,950,3.05,3.05,3.05,3.05,3.05,7.2,1,13.1,0.04,4125,1375,-,777.15,0.13424657534246576
2660,ICICIBANK,2021-11-11,2021-12-30,CE,970,0.0,0.0,0.0,6.35,0.0,5.55,0,0.0,0.0,0,0,-,777.15,0.13424657534246576
2661,ICICIBANK,2021-11-11,2021-12-30,CE,980,0.0,0.0,0.0,5.75,0.0,4.85,0,0.0,0.0,0,0,-,777.15,0.13424657534246576
2662,ICICIBANK,2021-11-11,2021-12-30,CE,990,0.0,0.0,0.0,5.2,0.0,4.25,0,0.0,0.0,0,0,-,777.15,0.13424657534246576
2663,ICICIBANK,2021-11-11,2021-12-30,CE,890,0.0,0.0,0.0,13.6,0.0,15.05,0,0.0,0.0,0,0,-,777.15,0.13424657534246576
2664,ICICIBANK,2021-11-11,2021-12-30,CE,900,6.2,6.35,5.0,5.2,5.0,5.2,30,373.62,2.37,147125,19250,-,777.15,0.13424657534246576
2665,ICICIBANK,2021-11-11,2021-12-30,CE,910,0.0,0.0,0.0,11.3,0.0,11.85,0,0.0,0.0,0,0,-,777.15,0.13424657534246576
2666,ICICIBANK,2021-11-11,2021-12-30,CE,920,0.0,0.0,0.0,10.25,0.0,10.5,0,0.0,0.0,0,0,-,777.15,0.13424657534246576
2667,ICICIBANK,2021-11-11,2021-12-30,CE,930,0.0,0.0,0.0,9.35,0.0,9.25,0,0.0,0.0,0,0,-,777.15,0.13424657534246576
2668,ICICIBANK,2021-11-11,2021-12-30,CE,940,0.0,0.0,0.0,8.5,0.0,8.15,0,0.0,0.0,0,0,-,777.15,0.13424657534246576
2669,ICICIBANK,2021-11-11,2021-12-30,CE,830,0.0,0.0,0.0,17.0,17.0,29.3,0,0.0,0.0,4125,0,-,777.15,0.13424657534246576
2670,ICICIBANK,2021-11-11,2021-12-30,CE,840,0.0,0.0,0.0,14.0,14.0,26.35,0,0.0,0.0,1375,0,-,777.15,0.13424657534246576
2671,ICICIBANK,2021-11-11,2021-12-30,CE,850,10.4,10.65,9.05,9.6,9.6,9.6,41,484.69,5.5,255750,1375,-,777.15,0.13424657534246576
2672,ICICIBANK,2021-11-11,2021-12-30,CE,860,0.0,0.0,0.0,12.0,12.0,21.2,0,0.0,0.0,9625,0,-,777.15,0.13424657534246576
2673,ICICIBANK,2021-11-11,2021-12-30,CE,870,0.0,0.0,0.0,12.05,12.05,18.95,0,0.0,0.0,8250,0,-,777.15,0.13424657534246576
2674,ICICIBANK,2021-11-11,2021-12-30,CE,880,0.0,0.0,0.0,14.9,0.0,16.9,0,0.0,0.0,0,0,-,777.15,0.13424657534246576
2677,ICICIBANK,2021-11-11,2021-12-30,CE,780,28.65,30.0,26.1,28.2,28.55,28.2,71,788.41,26.93,130625,72875,-,777.15,0.13424657534246576
2678,ICICIBANK,2021-11-11,2021-12-30,CE,790,26.0,26.0,22.15,22.3,22.3,43.8,71,793.53,22.3,174625,90750,-,777.15,0.13424657534246576
2679,ICICIBANK,2021-11-11,2021-12-30,CE,800,21.95,22.65,19.1,20.1,20.0,20.1,151,1703.74,42.74,330000,31625,-,777.15,0.13424657534246576
2680,ICICIBANK,2021-11-11,2021-12-30,CE,810,0.0,0.0,0.0,21.1,21.1,36.0,0,0.0,0.0,88000,0,-,777.15,0.13424657534246576
2681,ICICIBANK,2021-11-11,2021-12-30,CE,820,13.0,16.15,13.0,15.25,15.25,32.5,22,252.49,4.44,75625,11000,-,777.15,0.13424657534246576
2713,ICICIBANK,2021-11-11,2021-12-30,CE,960,0.0,0.0,0.0,7.0,0.0,6.3,0,0.0,0.0,0,0,-,777.15,0.13424657534246576
2770,ICICIBANK,2021-11-12,2021-12-30,CE,950,4.0,5.0,2.8,2.85,2.8,2.85,8,104.86,0.36,12375,8250,-,783.05,0.13150684931506848
2772,ICICIBANK,2021-11-12,2021-12-30,CE,970,0.0,0.0,0.0,6.35,0.0,5.75,0,0.0,0.0,0,0,-,783.05,0.13150684931506848
2773,ICICIBANK,2021-11-12,2021-12-30,CE,980,0.0,0.0,0.0,5.75,0.0,5.05,0,0.0,0.0,0,0,-,783.05,0.13150684931506848
2774,ICICIBANK,2021-11-12,2021-12-30,CE,990,0.0,0.0,0.0,5.2,0.0,4.4,0,0.0,0.0,0,0,-,783.05,0.13150684931506848
2775,ICICIBANK,2021-11-12,2021-12-30,CE,890,0.0,0.0,0.0,13.6,0.0,15.7,0,0.0,0.0,0,0,-,783.05,0.13150684931506848
2776,ICICIBANK,2021-11-12,2021-12-30,CE,900,5.05,5.4,4.7,4.85,4.7,4.85,21,261.32,1.44,163625,16500,-,783.05,0.13150684931506848
2777,ICICIBANK,2021-11-12,2021-12-30,CE,910,0.0,0.0,0.0,11.3,0.0,12.35,0,0.0,0.0,0,0,-,783.05,0.13150684931506848
2778,ICICIBANK,2021-11-12,2021-12-30,CE,920,0.0,0.0,0.0,10.25,0.0,10.95,0,0.0,0.0,0,0,-,783.05,0.13150684931506848
2779,ICICIBANK,2021-11-12,2021-12-30,CE,930,0.0,0.0,0.0,9.35,0.0,9.65,0,0.0,0.0,0,0,-,783.05,0.13150684931506848
2780,ICICIBANK,2021-11-12,2021-12-30,CE,940,0.0,0.0,0.0,8.5,0.0,8.5,0,0.0,0.0,0,0,-,783.05,0.13150684931506848
2781,ICICIBANK,2021-11-12,2021-12-30,CE,830,0.0,0.0,0.0,17.0,17.0,30.6,0,0.0,0.0,4125,0,-,783.05,0.13150684931506848
2782,ICICIBANK,2021-11-12,2021-12-30,CE,840,0.0,0.0,0.0,14.0,14.0,27.5,0,0.0,0.0,1375,0,-,783.05,0.13150684931506848
2783,ICICIBANK,2021-11-12,2021-12-30,CE,850,8.9,9.3,7.8,8.9,9.2,8.9,80,944.28,9.28,283250,27500,-,783.05,0.13150684931506848
2784,ICICIBANK,2021-11-12,2021-12-30,CE,860,9.5,9.5,9.5,9.5,9.5,22.15,1,11.96,0.13,9625,0,-,783.05,0.13150684931506848
2785,ICICIBANK,2021-11-12,2021-12-30,CE,870,0.0,0.0,0.0,12.05,12.05,19.8,0,0.0,0.0,8250,0,-,783.05,0.13150684931506848
2786,ICICIBANK,2021-11-12,2021-12-30,CE,880,0.0,0.0,0.0,14.9,0.0,17.65,0,0.0,0.0,0,0,-,783.05,0.13150684931506848
2790,ICICIBANK,2021-11-12,2021-12-30,CE,790,23.5,24.75,23.5,24.55,24.5,24.55,6,67.19,2.01,176000,1375,-,783.05,0.13150684931506848
2791,ICICIBANK,2021-11-12,2021-12-30,CE,800,20.1,21.3,18.95,20.75,21.0,20.75,159,1793.08,44.08,386375,56375,-,783.05,0.13150684931506848
2792,ICICIBANK,2021-11-12,2021-12-30,CE,810,0.0,0.0,0.0,21.1,21.1,37.55,0,0.0,0.0,88000,0,-,783.05,0.13150684931506848
2793,ICICIBANK,2021-11-12,2021-12-30,CE,820,12.5,15.35,12.5,14.15,14.0,14.15,19,217.75,3.53,85250,9625,-,783.05,0.13150684931506848
2825,ICICIBANK,2021-11-12,2021-12-30,CE,960,0.0,0.0,0.0,7.0,0.0,6.6,0,0.0,0.0,0,0,-,783.05,0.13150684931506848
2882,ICICIBANK,2021-11-15,2021-12-30,CE,950,2.5,3.85,1.8,2.0,2.0,6.2,18,235.72,0.6,34375,22000,-,779.05,0.1232876712328767
2884,ICICIBANK,2021-11-15,2021-12-30,CE,970,0.0,0.0,0.0,6.35,0.0,4.7,0,0.0,0.0,0,0,-,779.05,0.1232876712328767
2885,ICICIBANK,2021-11-15,2021-12-30,CE,980,0.0,0.0,0.0,5.75,0.0,4.1,0,0.0,0.0,0,0,-,779.05,0.1232876712328767
2886,ICICIBANK,2021-11-15,2021-12-30,CE,990,0.0,0.0,0.0,5.2,0.0,3.55,0,0.0,0.0,0,0,-,779.05,0.1232876712328767
2887,ICICIBANK,2021-11-15,2021-12-30,CE,890,7.0,7.0,7.0,7.0,7.0,13.65,1,12.33,0.1,1375,1375,-,779.05,0.1232876712328767
2888,ICICIBANK,2021-11-15,2021-12-30,CE,900,5.1,5.9,3.65,3.8,3.75,3.8,95,1181.2,5.57,236500,72875,-,779.05,0.1232876712328767
2889,ICICIBANK,2021-11-15,2021-12-30,CE,910,0.0,0.0,0.0,11.3,0.0,10.6,0,0.0,0.0,0,0,-,779.05,0.1232876712328767
2890,ICICIBANK,2021-11-15,2021-12-30,CE,920,0.0,0.0,0.0,10.25,0.0,9.3,0,0.0,0.0,0,0,-,779.05,0.1232876712328767
2891,ICICIBANK,2021-11-15,2021-12-30,CE,930,0.0,0.0,0.0,9.35,0.0,8.15,0,0.0,0.0,0,0,-,779.05,0.1232876712328767
2892,ICICIBANK,2021-11-15,2021-12-30,CE,940,0.0,0.0,0.0,8.5,0.0,7.1,0,0.0,0.0,0,0,-,779.05,0.1232876712328767
2893,ICICIBANK,2021-11-15,2021-12-30,CE,830,11.05,11.1,11.05,11.1,11.1,11.1,2,23.13,0.3,6875,2750,-,779.05,0.1232876712328767
2894,ICICIBANK,2021-11-15,2021-12-30,CE,840,9.7,9.7,9.0,9.45,9.0,9.45,12,140.17,1.57,16500,15125,-,779.05,0.1232876712328767
2895,ICICIBANK,2021-11-15,2021-12-30,CE,850,9.5,10.0,7.0,7.75,8.0,7.75,96,1132.82,10.82,346500,63250,-,779.05,0.1232876712328767
2896,ICICIBANK,2021-11-15,2021-12-30,CE,860,12.0,12.0,8.45,8.45,8.45,19.65,3,35.92,0.45,11000,1375,-,779.05,0.1232876712328767
2897,ICICIBANK,2021-11-15,2021-12-30,CE,870,0.0,0.0,0.0,12.05,12.05,17.45,0,0.0,0.0,8250,0,-,779.05,0.1232876712328767
2898,ICICIBANK,2021-11-15,2021-12-30,CE,880,0.0,0.0,0.0,14.9,0.0,15.45,0,0.0,0.0,0,0,-,779.05,0.1232876712328767
2901,ICICIBANK,2021-11-15,2021-12-30,CE,780,30.7,32.0,26.5,26.95,26.5,26.95,101,1122.12,38.9,233750,81125,-,779.05,0.1232876712328767
2902,ICICIBANK,2021-11-15,2021-12-30,CE,790,26.25,26.25,22.25,22.95,22.95,22.95,54,603.93,17.35,242000,66000,-,779.05,0.1232876712328767
2903,ICICIBANK,2021-11-15,2021-12-30,CE,800,22.15,23.35,18.5,19.2,18.5,19.2,233,2630.39,67.39,536250,149875,-,779.05,0.1232876712328767
2904,ICICIBANK,2021-11-15,2021-12-30,CE,810,0.0,0.0,0.0,21.1,21.1,34.35,0,0.0,0.0,88000,0,-,779.05,0.1232876712328767
2905,ICICIBANK,2021-11-15,2021-12-30,CE,820,15.0,15.0,13.0,13.0,13.0,13.0,5,57.32,0.94,88000,2750,-,779.05,0.1232876712328767
2937,ICICIBANK,2021-11-15,2021-12-30,CE,960,0.0,0.0,0.0,7.0,0.0,5.4,0,0.0,0.0,0,0,-,779.05,0.1232876712328767
3027,ICICIBANK,2021-11-16,2021-12-30,CE,770,38.3,38.3,25.8,27.2,26.6,27.2,36,394.75,13.6,42625,42625,-,769.5,0.12054794520547946
3028,ICICIBANK,2021-11-16,2021-12-30,CE,780,24.85,25.95,21.2,22.6,21.2,22.6,353,3899.32,113.4,415250,181500,-,769.5,0.12054794520547946
3029,ICICIBANK,2021-11-16,2021-12-30,CE,790,21.4,25.5,17.5,19.0,18.75,19.0,82,912.58,21.86,321750,79750,-,769.5,0.12054794520547946
3030,ICICIBANK,2021-11-16,2021-12-30,CE,800,18.15,18.7,14.4,15.85,14.4,15.85,470,5275.55,105.55,775500,239250,-,769.5,0.12054794520547946
3031,ICICIBANK,2021-11-16,2021-12-30,CE,810,11.25,14.35,11.25,13.15,13.0,13.15,10,113.16,1.78,93500,5500,-,769.5,0.12054794520547946
3032,ICICIBANK,2021-11-16,2021-12-30,CE,820,12.85,12.85,10.0,10.75,10.5,10.75,23,262.75,3.42,90750,2750,-,769.5,0.12054794520547946
3033,ICICIBANK,2021-11-16,2021-12-30,CE,830,11.4,11.4,9.15,9.35,9.35,23.8,26,300.18,3.46,23375,16500,-,769.5,0.12054794520547946
3034,ICICIBANK,2021-11-16,2021-12-30,CE,840,7.7,7.7,7.0,7.5,7.5,21.2,7,81.55,0.7,15125,-1375,-,769.5,0.12054794520547946
3035,ICICIBANK,2021-11-16,2021-12-30,CE,850,7.0,7.5,6.15,6.35,6.5,6.35,90,1060.34,8.46,379500,33000,-,769.5,0.12054794520547946
3036,ICICIBANK,2021-11-16,2021-12-30,CE,860,5.4,5.85,5.4,5.85,5.8,5.85,7,83.33,0.56,15125,4125,-,769.5,0.12054794520547946
3037,ICICIBANK,2021-11-16,2021-12-30,CE,870,0.0,0.0,0.0,12.05,12.05,14.65,0,0.0,0.0,8250,0,-,769.5,0.12054794520547946
3038,ICICIBANK,2021-11-16,2021-12-30,CE,880,0.0,0.0,0.0,14.9,0.0,12.9,0,0.0,0.0,0,0,-,769.5,0.12054794520547946
3039,ICICIBANK,2021-11-16,2021-12-30,CE,890,0.0,0.0,0.0,7.0,7.0,11.35,0,0.0,0.0,1375,0,-,769.5,0.12054794520547946
3040,ICICIBANK,2021-11-16,2021-12-30,CE,900,4.7,4.7,2.8,3.15,3.0,3.15,65,807.44,3.07,272250,35750,-,769.5,0.12054794520547946
3041,ICICIBANK,2021-11-16,2021-12-30,CE,910,0.0,0.0,0.0,11.3,0.0,8.7,0,0.0,0.0,0,0,-,769.5,0.12054794520547946
3042,ICICIBANK,2021-11-16,2021-12-30,CE,920,0.0,0.0,0.0,10.25,0.0,7.55,0,0.0,0.0,0,0,-,769.5,0.12054794520547946
3043,ICICIBANK,2021-11-16,2021-12-30,CE,930,0.0,0.0,0.0,9.35,0.0,6.6,0,0.0,0.0,0,0,-,769.5,0.12054794520547946
3044,ICICIBANK,2021-11-16,2021-12-30,CE,940,0.0,0.0,0.0,8.5,0.0,5.7,0,0.0,0.0,0,0,-,769.5,0.12054794520547946
3045,ICICIBANK,2021-11-16,2021-12-30,CE,950,1.95,1.95,1.7,1.7,1.7,1.7,6,78.52,0.15,41250,6875,-,769.5,0.12054794520547946
3046,ICICIBANK,2021-11-16,2021-12-30,CE,960,0.0,0.0,0.0,7.0,0.0,4.3,0,0.0,0.0,0,0,-,769.5,0.12054794520547946
3047,ICICIBANK,2021-11-16,2021-12-30,CE,970,0.0,0.0,0.0,6.35,0.0,3.7,0,0.0,0.0,0,0,-,769.5,0.12054794520547946
3048,ICICIBANK,2021-11-16,2021-12-30,CE,980,0.0,0.0,0.0,5.75,0.0,3.2,0,0.0,0.0,0,0,-,769.5,0.12054794520547946
3049,ICICIBANK,2021-11-16,2021-12-30,CE,990,0.0,0.0,0.0,5.2,0.0,2.75,0,0.0,0.0,0,0,-,769.5,0.12054794520547946
3106,ICICIBANK,2021-11-17,2021-12-30,CE,920,0.0,0.0,0.0,10.25,0.0,6.85,0,0.0,0.0,0,0,-,766.55,0.1178082191780822
3108,ICICIBANK,2021-11-17,2021-12-30,CE,940,0.0,0.0,0.0,8.5,0.0,5.15,0,0.0,0.0,0,0,-,766.55,0.1178082191780822
3109,ICICIBANK,2021-11-17,2021-12-30,CE,950,1.75,1.95,1.55,1.85,1.85,4.45,7,91.61,0.17,45375,4125,-,766.55,0.1178082191780822
3110,ICICIBANK,2021-11-17,2021-12-30,CE,960,0.0,0.0,0.0,7.0,0.0,3.8,0,0.0,0.0,0,0,-,766.55,0.1178082191780822
3111,ICICIBANK,2021-11-17,2021-12-30,CE,970,0.0,0.0,0.0,6.35,0.0,3.3,0,0.0,0.0,0,0,-,766.55,0.1178082191780822
3112,ICICIBANK,2021-11-17,2021-12-30,CE,980,0.0,0.0,0.0,5.75,0.0,2.8,0,0.0,0.0,0,0,-,766.55,0.1178082191780822
3113,ICICIBANK,2021-11-17,2021-12-30,CE,990,0.0,0.0,0.0,5.2,0.0,2.4,0,0.0,0.0,0,0,-,766.55,0.1178082191780822
3114,ICICIBANK,2021-11-17,2021-12-30,CE,840,7.95,7.95,6.5,6.5,6.5,19.8,17,197.99,1.64,15125,0,-,766.55,0.1178082191780822
3115,ICICIBANK,2021-11-17,2021-12-30,CE,850,5.5,6.65,5.4,5.6,5.9,5.6,117,1377.09,9.65,430375,50875,-,766.55,0.1178082191780822
3116,ICICIBANK,2021-11-17,2021-12-30,CE,860,5.85,6.0,5.0,5.0,5.0,15.4,5,59.52,0.4,17875,2750,-,766.55,0.1178082191780822
3117,ICICIBANK,2021-11-17,2021-12-30,CE,870,0.0,0.0,0.0,12.05,12.05,13.55,0,0.0,0.0,8250,0,-,766.55,0.1178082191780822
3118,ICICIBANK,2021-11-17,2021-12-30,CE,880,0.0,0.0,0.0,14.9,0.0,11.9,0,0.0,0.0,0,0,-,766.55,0.1178082191780822
3119,ICICIBANK,2021-11-17,2021-12-30,CE,890,0.0,0.0,0.0,7.0,7.0,10.4,0,0.0,0.0,1375,0,-,766.55,0.1178082191780822
3120,ICICIBANK,2021-11-17,2021-12-30,CE,900,3.0,3.6,2.7,2.9,2.9,2.9,52,645.77,2.27,313500,41250,-,766.55,0.1178082191780822
3121,ICICIBANK,2021-11-17,2021-12-30,CE,910,0.0,0.0,0.0,11.3,0.0,7.9,0,0.0,0.0,0,0,-,766.55,0.1178082191780822
3123,ICICIBANK,2021-11-17,2021-12-30,CE,770,25.9,29.25,22.5,22.75,22.5,22.75,491,5371.47,173.01,376750,334125,-,766.55,0.1178082191780822
3124,ICICIBANK,2021-11-17,2021-12-30,CE,780,20.3,24.4,18.7,19.0,19.15,19.0,415,4576.56,125.68,515625,100375,-,766.55,0.1178082191780822
3125,ICICIBANK,2021-11-17,2021-12-30,CE,790,17.15,20.05,15.1,15.6,15.8,15.6,68,755.21,16.56,339625,17875,-,766.55,0.1178082191780822
3126,ICICIBANK,2021-11-17,2021-12-30,CE,800,14.2,17.2,12.35,12.85,12.6,12.85,726,8135.41,149.41,1053250,277750,-,766.55,0.1178082191780822
3127,ICICIBANK,2021-11-17,2021-12-30,CE,810,13.0,13.5,9.8,10.0,10.0,10.0,11,124.26,1.75,103125,9625,-,766.55,0.1178082191780822
3128,ICICIBANK,2021-11-17,2021-12-30,CE,820,10.05,11.25,8.3,8.6,8.75,8.6,233,2658.7,31.63,202125,111375,-,766.55,0.1178082191780822
3129,ICICIBANK,2021-11-17,2021-12-30,CE,830,8.0,9.3,7.6,8.05,8.05,22.3,13,149.83,1.47,30250,6875,-,766.55,0.1178082191780822
3161,ICICIBANK,2021-11-17,2021-12-30,CE,930,0.0,0.0,0.0,9.35,0.0,5.95,0,0.0,0.0,0,0,-,766.55,0.1178082191780822
3218,ICICIBANK,2021-11-18,2021-12-30,CE,920,0.0,0.0,0.0,10.25,0.0,6.7,0,0.0,0.0,0,0,-,767.7,0.11506849315068493
3220,ICICIBANK,2021-11-18,2021-12-30,CE,940,0.0,0.0,0.0,8.5,0.0,5.0,0,0.0,0.0,0,0,-,767.7,0.11506849315068493
3221,ICICIBANK,2021-11-18,2021-12-30,CE,950,1.5,1.65,1.4,1.5,1.5,1.5,6,78.5,0.12,50875,5500,-,767.7,0.11506849315068493
3222,ICICIBANK,2021-11-18,2021-12-30,CE,960,0.0,0.0,0.0,7.0,0.0,3.7,0,0.0,0.0,0,0,-,767.7,0.11506849315068493
3223,ICICIBANK,2021-11-18,2021-12-30,CE,970,0.0,0.0,0.0,6.35,0.0,3.15,0,0.0,0.0,0,0,-,767.7,0.11506849315068493
3224,ICICIBANK,2021-11-18,2021-12-30,CE,980,0.0,0.0,0.0,5.75,0.0,2.7,0,0.0,0.0,0,0,-,767.7,0.11506849315068493
3225,ICICIBANK,2021-11-18,2021-12-30,CE,990,0.0,0.0,0.0,5.2,0.0,2.3,0,0.0,0.0,0,0,-,767.7,0.11506849315068493
3226,ICICIBANK,2021-11-18,2021-12-30,CE,840,6.45,6.8,5.75,6.0,6.0,6.0,7,81.45,0.6,15125,0,-,767.7,0.11506849315068493
3227,ICICIBANK,2021-11-18,2021-12-30,CE,850,5.4,5.95,5.0,5.55,5.05,5.55,106,1246.75,7.87,485375,55000,-,767.7,0.11506849315068493
3228,ICICIBANK,2021-11-18,2021-12-30,CE,860,5.0,5.5,4.5,4.5,4.5,4.5,4,47.58,0.28,22000,4125,-,767.7,0.11506849315068493
3229,ICICIBANK,2021-11-18,2021-12-30,CE,870,3.55,3.55,3.55,3.55,3.55,13.4,1,12.01,0.05,8250,0,-,767.7,0.11506849315068493
3230,ICICIBANK,2021-11-18,2021-12-30,CE,880,0.0,0.0,0.0,14.9,0.0,11.75,0,0.0,0.0,0,0,-,767.7,0.11506849315068493
3231,ICICIBANK,2021-11-18,2021-12-30,CE,890,0.0,0.0,0.0,7.0,7.0,10.25,0,0.0,0.0,1375,0,-,767.7,0.11506849315068493
3232,ICICIBANK,2021-11-18,2021-12-30,CE,900,3.0,3.0,2.5,2.75,2.7,2.75,65,806.84,2.46,358875,45375,-,767.7,0.11506849315068493
3233,ICICIBANK,2021-11-18,2021-12-30,CE,910,0.0,0.0,0.0,11.3,0.0,7.75,0,0.0,0.0,0,0,-,767.7,0.11506849315068493
3235,ICICIBANK,2021-11-18,2021-12-30,CE,770,23.2,25.4,21.5,24.3,24.5,24.3,503,5488.76,163.25,540375,163625,-,767.7,0.11506849315068493
3236,ICICIBANK,2021-11-18,2021-12-30,CE,780,20.0,21.3,18.1,20.3,20.4,20.3,582,6401.16,159.21,709500,193875,-,767.7,0.11506849315068493
3237,ICICIBANK,2021-11-18,2021-12-30,CE,790,16.35,17.8,15.0,16.8,16.95,16.8,82,909.29,18.57,357500,17875,-,767.7,0.11506849315068493
3238,ICICIBANK,2021-11-18,2021-12-30,CE,800,13.45,14.55,12.1,13.5,14.0,13.5,1082,12103.84,201.84,1321375,268125,-,767.7,0.11506849315068493
3239,ICICIBANK,2021-11-18,2021-12-30,CE,810,9.95,12.0,9.9,11.9,11.8,11.9,29,327.34,4.35,116875,13750,-,767.7,0.11506849315068493
3240,ICICIBANK,2021-11-18,2021-12-30,CE,820,8.6,9.45,8.0,8.75,9.45,8.75,118,1344.66,14.21,270875,68750,-,767.7,0.11506849315068493
3241,ICICIBANK,2021-11-18,2021-12-30,CE,830,9.35,9.35,6.0,7.0,7.0,7.0,16,184.13,1.53,38500,8250,-,767.7,0.11506849315068493
3273,ICICIBANK,2021-11-18,2021-12-30,CE,930,0.0,0.0,0.0,9.35,0.0,5.8,0,0.0,0.0,0,0,-,767.7,0.11506849315068493
3330,ICICIBANK,2021-11-23,2021-12-30,CE,920,0.0,0.0,0.0,10.25,0.0,4.15,0,0.0,0.0,0,0,-,754.5,0.10136986301369863
3332,ICICIBANK,2021-11-23,2021-12-30,CE,940,0.0,0.0,0.0,8.5,0.0,2.95,0,0.0,0.0,0,0,-,754.5,0.10136986301369863
3333,ICICIBANK,2021-11-23,2021-12-30,CE,950,1.0,1.4,0.85,0.9,0.9,0.9,22,287.68,0.31,78375,8250,-,754.5,0.10136986301369863
3334,ICICIBANK,2021-11-23,2021-12-30,CE,960,0.0,0.0,0.0,7.0,0.0,2.1,0,0.0,0.0,0,0,-,754.5,0.10136986301369863
3335,ICICIBANK,2021-11-23,2021-12-30,CE,970,0.0,0.0,0.0,6.35,0.0,1.75,0,0.0,0.0,0,0,-,754.5,0.10136986301369863
3336,ICICIBANK,2021-11-23,2021-12-30,CE,980,0.0,0.0,0.0,5.75,0.0,1.45,0,0.0,0.0,0,0,-,754.5,0.10136986301369863
3337,ICICIBANK,2021-11-23,2021-12-30,CE,990,0.0,0.0,0.0,5.2,0.0,1.2,0,0.0,0.0,0,0,-,754.5,0.10136986301369863
3338,ICICIBANK,2021-11-23,2021-12-30,CE,840,5.85,5.85,2.75,3.4,3.4,3.4,18,208.78,0.88,44000,5500,-,754.5,0.10136986301369863
3339,ICICIBANK,2021-11-23,2021-12-30,CE,850,3.55,3.65,2.6,2.95,3.0,2.95,354,4152.89,15.51,627000,66000,-,754.5,0.10136986301369863
3340,ICICIBANK,2021-11-23,2021-12-30,CE,860,3.0,3.05,2.7,2.7,2.7,10.6,8,94.92,0.32,31625,5500,-,754.5,0.10136986301369863
3341,ICICIBANK,2021-11-23,2021-12-30,CE,870,2.4,2.4,2.4,2.4,2.4,9.15,1,12.0,0.03,9625,-1375,-,754.5,0.10136986301369863
3342,ICICIBANK,2021-11-23,2021-12-30,CE,880,0.0,0.0,0.0,14.9,0.0,7.85,0,0.0,0.0,0,0,-,754.5,0.10136986301369863
3343,ICICIBANK,2021-11-23,2021-12-30,CE,890,1.85,1.85,1.85,1.85,1.85,1.85,1,12.26,0.03,1375,1375,-,754.5,0.10136986301369863
3344,ICICIBANK,2021-11-23,2021-12-30,CE,900,1.8,1.9,1.4,1.55,1.7,1.55,149,1847.21,3.34,484000,70125,-,754.5,0.10136986301369863
3345,ICICIBANK,2021-11-23,2021-12-30,CE,910,0.0,0.0,0.0,11.3,0.0,4.85,0,0.0,0.0,0,0,-,754.5,0.10136986301369863
3346,ICICIBANK,2021-11-23,2021-12-30,CE,760,20.1,23.0,15.6,20.8,20.55,20.8,1293,13864.66,352.81,1487750,152625,-,754.5,0.10136986301369863
3347,ICICIBANK,2021-11-23,2021-12-30,CE,770,15.2,18.05,12.4,16.4,16.85,16.4,768,8296.42,165.22,896500,163625,-,754.5,0.10136986301369863
3348,ICICIBANK,2021-11-23,2021-12-30,CE,780,12.5,14.5,10.3,12.95,13.0,12.95,1230,13404.86,213.11,1050500,244750,-,754.5,0.10136986301369863
3349,ICICIBANK,2021-11-23,2021-12-30,CE,790,10.25,11.4,8.0,10.4,10.95,10.4,646,7108.05,90.87,508750,92125,-,754.5,0.10136986301369863
3350,ICICIBANK,2021-11-23,2021-12-30,CE,800,8.2,9.15,6.75,8.3,8.5,8.3,1992,22135.99,223.99,2123000,437250,-,754.5,0.10136986301369863
3351,ICICIBANK,2021-11-23,2021-12-30,CE,810,5.8,7.2,5.4,6.45,6.55,6.45,324,3636.51,27.96,156750,-28875,-,754.5,0.10136986301369863
3352,ICICIBANK,2021-11-23,2021-12-30,CE,820,4.95,5.9,4.3,5.0,5.0,5.0,563,6386.44,38.61,482625,239250,-,754.5,0.10136986301369863
3353,ICICIBANK,2021-11-23,2021-12-30,CE,830,4.15,4.9,3.3,4.0,4.4,4.0,365,4185.58,20.02,294250,217250,-,754.5,0.10136986301369863
3385,ICICIBANK,2021-11-23,2021-12-30,CE,930,0.0,0.0,0.0,9.35,0.0,3.5,0,0.0,0.0,0,0,-,754.5,0.10136986301369863
3442,ICICIBANK,2021-11-24,2021-12-30,CE,920,0.0,0.0,0.0,10.25,0.0,4.65,0,0.0,0.0,0,0,760.2,761.8,0.09863013698630137
3444,ICICIBANK,2021-11-24,2021-12-30,CE,940,0.0,0.0,0.0,8.5,0.0,3.3,0,0.0,0.0,0,0,760.2,761.8,0.09863013698630137
3445,ICICIBANK,2021-11-24,2021-12-30,CE,950,0.35,0.95,0.35,0.8,0.8,0.8,11,143.8,0.12,78375,0,760.2,761.8,0.09863013698630137
3446,ICICIBANK,2021-11-24,2021-12-30,CE,960,0.0,0.0,0.0,7.0,0.0,2.35,0,0.0,0.0,0,0,760.2,761.8,0.09863013698630137
3447,ICICIBANK,2021-11-24,2021-12-30,CE,970,0.0,0.0,0.0,6.35,0.0,1.95,0,0.0,0.0,0,0,760.2,761.8,0.09863013698630137
3448,ICICIBANK,2021-11-24,2021-12-30,CE,980,0.0,0.0,0.0,5.75,0.0,1.65,0,0.0,0.0,0,0,760.2,761.8,0.09863013698630137
3449,ICICIBANK,2021-11-24,2021-12-30,CE,990,0.0,0.0,0.0,5.2,0.0,1.35,0,0.0,0.0,0,0,760.2,761.8,0.09863013698630137
3450,ICICIBANK,2021-11-24,2021-12-30,CE,840,3.6,4.25,3.1,3.25,3.1,3.25,210,2436.49,10.99,112750,68750,760.2,761.8,0.09863013698630137
3451,ICICIBANK,2021-11-24,2021-12-30,CE,850,3.05,3.5,2.45,2.6,2.45,2.6,832,9760.06,36.06,853875,226875,760.2,761.8,0.09863013698630137
3452,ICICIBANK,2021-11-24,2021-12-30,CE,860,3.1,3.1,2.1,2.2,2.15,2.2,155,1838.6,5.73,136125,104500,760.2,761.8,0.09863013698630137
3453,ICICIBANK,2021-11-24,2021-12-30,CE,870,2.5,2.6,2.0,2.0,2.0,2.0,15,179.93,0.49,19250,9625,760.2,761.8,0.09863013698630137
3454,ICICIBANK,2021-11-24,2021-12-30,CE,880,0.0,0.0,0.0,14.9,0.0,8.75,0,0.0,0.0,0,0,760.2,761.8,0.09863013698630137
3455,ICICIBANK,2021-11-24,2021-12-30,CE,890,0.0,0.0,0.0,1.85,1.85,7.5,0,0.0,0.0,1375,0,760.2,761.8,0.09863013698630137
3456,ICICIBANK,2021-11-24,2021-12-30,CE,900,1.9,1.9,1.2,1.35,1.2,1.35,170,2107.42,3.67,510125,26125,760.2,761.8,0.09863013698630137
3457,ICICIBANK,2021-11-24,2021-12-30,CE,910,0.0,0.0,0.0,11.3,0.0,5.45,0,0.0,0.0,0,0,760.2,761.8,0.09863013698630137
3459,ICICIBANK,2021-11-24,2021-12-30,CE,770,16.8,23.2,15.1,18.5,17.8,18.5,3010,32718.04,849.67,1350250,453750,760.2,761.8,0.09863013698630137
3460,ICICIBANK,2021-11-24,2021-12-30,CE,780,14.0,18.4,12.2,14.5,14.05,14.5,2445,26763.35,540.73,1394250,343750,760.2,761.8,0.09863013698630137
3461,ICICIBANK,2021-11-24,2021-12-30,CE,790,10.85,14.5,9.85,11.45,11.05,11.45,985,10870.36,170.8,614625,105875,760.2,761.8,0.09863013698630137
3462,ICICIBANK,2021-11-24,2021-12-30,CE,800,8.5,11.4,7.85,9.0,8.65,9.0,3662,40785.83,503.83,2800875,677875,760.2,761.8,0.09863013698630137
3463,ICICIBANK,2021-11-24,2021-12-30,CE,810,6.4,8.75,6.4,6.9,6.5,6.9,778,8748.09,83.12,336875,180125,760.2,761.8,0.09863013698630137
3464,ICICIBANK,2021-11-24,2021-12-30,CE,820,5.55,6.85,5.0,5.25,5.0,5.25,913,10370.27,76.19,643500,160875,760.2,761.8,0.09863013698630137
3465,ICICIBANK,2021-11-24,2021-12-30,CE,830,4.05,5.3,3.85,4.05,3.85,4.05,478,5485.88,30.7,360250,66000,760.2,761.8,0.09863013698630137
3497,ICICIBANK,2021-11-24,2021-12-30,CE,930,0.0,0.0,0.0,9.35,0.0,3.9,0,0.0,0.0,0,0,760.2,761.8,0.09863013698630137
3554,ICICIBANK,2021-11-25,2021-12-30,CE,920,0.0,0.0,0.0,10.25,0.0,3.55,0,0.0,0.0,0,0,-,752.6,0.0958904109589041
3556,ICICIBANK,2021-11-25,2021-12-30,CE,940,0.0,0.0,0.0,8.5,0.0,2.5,0,0.0,0.0,0,0,-,752.6,0.0958904109589041
3557,ICICIBANK,2021-11-25,2021-12-30,CE,950,0.75,1.05,0.75,0.85,0.9,0.85,26,339.96,0.34,105875,27500,-,752.6,0.0958904109589041
3558,ICICIBANK,2021-11-25,2021-12-30,CE,960,0.0,0.0,0.0,7.0,0.0,1.7,0,0.0,0.0,0,0,-,752.6,0.0958904109589041
3559,ICICIBANK,2021-11-25,2021-12-30,CE,970,0.0,0.0,0.0,6.35,0.0,1.45,0,0.0,0.0,0,0,-,752.6,0.0958904109589041
3560,ICICIBANK,2021-11-25,2021-12-30,CE,980,0.0,0.0,0.0,5.75,0.0,1.2,0,0.0,0.0,0,0,-,752.6,0.0958904109589041
3561,ICICIBANK,2021-11-25,2021-12-30,CE,990,0.0,0.0,0.0,5.2,0.0,1.0,0,0.0,0.0,0,0,-,752.6,0.0958904109589041
3562,ICICIBANK,2021-11-25,2021-12-30,CE,840,3.25,3.4,2.4,2.8,2.85,2.8,436,5052.88,17.08,305250,192500,-,752.6,0.0958904109589041
3563,ICICIBANK,2021-11-25,2021-12-30,CE,850,2.75,2.9,2.0,2.4,2.4,2.4,461,5403.42,15.48,1005125,151250,-,752.6,0.0958904109589041
3564,ICICIBANK,2021-11-25,2021-12-30,CE,860,2.05,2.35,1.8,1.9,1.8,1.9,84,995.58,2.28,159500,23375,-,752.6,0.0958904109589041
3565,ICICIBANK,2021-11-25,2021-12-30,CE,870,1.3,2.6,1.3,1.65,1.65,8.15,10,119.9,0.28,27500,8250,-,752.6,0.0958904109589041
3566,ICICIBANK,2021-11-25,2021-12-30,CE,880,1.0,1.85,1.0,1.85,1.85,1.85,4,48.49,0.09,5500,5500,-,752.6,0.0958904109589041
3567,ICICIBANK,2021-11-25,2021-12-30,CE,890,0.0,0.0,0.0,1.85,1.85,5.9,0,0.0,0.0,1375,0,-,752.6,0.0958904109589041
3568,ICICIBANK,2021-11-25,2021-12-30,CE,900,1.2,1.9,1.15,1.3,1.3,1.3,152,1883.88,2.88,625625,115500,-,752.6,0.0958904109589041
3569,ICICIBANK,2021-11-25,2021-12-30,CE,910,0.0,0.0,0.0,11.3,0.0,4.2,0,0.0,0.0,0,0,-,752.6,0.0958904109589041
3570,ICICIBANK,2021-11-25,2021-12-30,CE,760,22.05,22.1,18.0,19.65,20.1,19.65,3412,36566.94,911.54,2697750,935000,-,752.6,0.0958904109589041
3571,ICICIBANK,2021-11-25,2021-12-30,CE,770,17.05,17.1,14.2,15.45,16.0,15.45,2590,27965.33,543.7,2256375,906125,-,752.6,0.0958904109589041
3572,ICICIBANK,2021-11-25,2021-12-30,CE,780,13.45,13.5,11.05,12.25,12.65,12.25,2288,24919.92,381.12,2022625,628375,-,752.6,0.0958904109589041
3573,ICICIBANK,2021-11-25,2021-12-30,CE,790,9.6,10.2,8.75,9.65,10.0,9.65,986,10840.18,129.75,800250,185625,-,752.6,0.0958904109589041
3574,ICICIBANK,2021-11-25,2021-12-30,CE,800,9.05,9.75,6.85,7.75,8.0,7.75,3857,42834.87,407.87,3781250,980375,-,752.6,0.0958904109589041
3575,ICICIBANK,2021-11-25,2021-12-30,CE,810,6.05,6.5,5.3,6.0,6.0,6.0,620,6956.26,51.01,423500,86625,-,752.6,0.0958904109589041
3576,ICICIBANK,2021-11-25,2021-12-30,CE,820,4.9,5.15,4.0,4.6,4.65,4.6,756,8571.61,47.71,745250,101750,-,752.6,0.0958904109589041
3577,ICICIBANK,2021-11-25,2021-12-30,CE,830,4.1,4.15,3.05,3.55,3.5,3.55,656,7518.32,31.72,695750,335500,-,752.6,0.0958904109589041
3609,ICICIBANK,2021-11-25,2021-12-30,CE,930,0.0,0.0,0.0,9.35,0.0,2.95,0,0.0,0.0,0,0,-,752.6,0.0958904109589041
3666,ICICIBANK,2021-11-26,2021-12-30,CE,920,0.0,0.0,0.0,10.25,0.0,1.65,0,0.0,0.0,0,0,-,724.25,0.09315068493150686
3668,ICICIBANK,2021-11-26,2021-12-30,CE,940,0.15,0.7,0.15,0.7,0.7,1.1,3,38.8,0.02,1375,1375,-,724.25,0.09315068493150686
3669,ICICIBANK,2021-11-26,2021-12-30,CE,950,0.9,0.9,0.55,0.7,0.7,0.7,29,379.09,0.28,129250,23375,-,724.25,0.09315068493150686
3670,ICICIBANK,2021-11-26,2021-12-30,CE,960,0.0,0.0,0.0,7.0,0.0,0.75,0,0.0,0.0,0,0,-,724.25,0.09315068493150686
3671,ICICIBANK,2021-11-26,2021-12-30,CE,970,0.0,0.0,0.0,6.35,0.0,0.6,0,0.0,0.0,0,0,-,724.25,0.09315068493150686
3672,ICICIBANK,2021-11-26,2021-12-30,CE,980,1.7,1.7,0.5,0.5,0.5,0.5,2,26.98,0.03,0,0,-,724.25,0.09315068493150686
3673,ICICIBANK,2021-11-26,2021-12-30,CE,990,0.0,0.0,0.0,5.2,0.0,0.4,0,0.0,0.0,0,0,-,724.25,0.09315068493150686
3674,ICICIBANK,2021-11-26,2021-12-30,CE,840,2.6,2.6,1.85,2.05,1.85,2.05,454,5256.92,13.22,330000,24750,-,724.25,0.09315068493150686
3675,ICICIBANK,2021-11-26,2021-12-30,CE,850,2.2,2.2,1.6,1.8,1.6,1.8,721,8444.94,18.26,1025750,20625,-,724.25,0.09315068493150686
3676,ICICIBANK,2021-11-26,2021-12-30,CE,860,1.8,1.85,1.25,1.45,1.35,1.45,245,2902.21,5.08,165000,5500,-,724.25,0.09315068493150686
3677,ICICIBANK,2021-11-26,2021-12-30,CE,870,1.7,1.7,1.25,1.4,1.4,4.25,15,179.72,0.28,31625,4125,-,724.25,0.09315068493150686
3678,ICICIBANK,2021-11-26,2021-12-30,CE,880,1.6,1.6,1.05,1.1,1.1,1.1,6,72.71,0.11,9625,4125,-,724.25,0.09315068493150686
3679,ICICIBANK,2021-11-26,2021-12-30,CE,890,0.0,0.0,0.0,1.85,1.85,2.95,0,0.0,0.0,1375,0,-,724.25,0.09315068493150686
3680,ICICIBANK,2021-11-26,2021-12-30,CE,900,1.05,1.05,0.9,1.0,1.0,1.0,151,1870.65,2.02,644875,19250,-,724.25,0.09315068493150686
3681,ICICIBANK,2021-11-26,2021-12-30,CE,910,0.0,0.0,0.0,11.3,0.0,2.0,0,0.0,0.0,0,0,-,724.25,0.09315068493150686
3682,ICICIBANK,2021-11-26,2021-12-30,CE,760,15.05,16.8,10.7,11.45,10.8,11.45,3603,38303.86,652.51,3042875,345125,-,724.25,0.09315068493150686
3683,ICICIBANK,2021-11-26,2021-12-30,CE,770,12.45,13.25,8.1,8.75,8.15,8.75,3249,34851.88,453.09,2557500,301125,-,724.25,0.09315068493150686
3684,ICICIBANK,2021-11-26,2021-12-30,CE,780,9.9,10.45,6.5,7.05,6.5,7.05,2772,30040.05,310.35,2308625,286000,-,724.25,0.09315068493150686
3685,ICICIBANK,2021-11-26,2021-12-30,CE,790,9.0,9.0,5.2,5.65,5.2,5.65,1010,11061.41,90.29,790625,-9625,-,724.25,0.09315068493150686
3686,ICICIBANK,2021-11-26,2021-12-30,CE,800,7.0,7.05,4.25,4.65,4.55,4.65,3593,39785.58,262.58,4566375,785125,-,724.25,0.09315068493150686
3687,ICICIBANK,2021-11-26,2021-12-30,CE,810,5.0,5.0,3.3,3.65,3.4,3.65,873,9773.6,50.56,578875,155375,-,724.25,0.09315068493150686
3688,ICICIBANK,2021-11-26,2021-12-30,CE,820,4.6,4.6,2.7,2.95,2.7,2.95,921,10426.12,41.85,716375,-28875,-,724.25,0.09315068493150686
3689,ICICIBANK,2021-11-26,2021-12-30,CE,830,3.5,3.5,2.15,2.35,2.2,2.35,603,6903.22,21.49,712250,16500,-,724.25,0.09315068493150686
3695,ICICIBANK,2021-11-26,2021-12-30,CE,730,36.25,36.25,21.5,22.4,21.85,22.4,2748,28510.76,927.71,844250,750750,-,724.25,0.09315068493150686
3696,ICICIBANK,2021-11-26,2021-12-30,CE,740,24.0,27.1,17.0,18.0,17.45,18.0,3103,32450.04,877.02,1073875,754875,-,724.25,0.09315068493150686
3697,ICICIBANK,2021-11-26,2021-12-30,CE,750,20.0,20.0,13.55,14.3,13.8,14.3,4406,46430.12,993.25,3262875,697125,-,724.25,0.09315068493150686
3721,ICICIBANK,2021-11-26,2021-12-30,CE,930,0.0,0.0,0.0,9.35,0.0,1.35,0,0.0,0.0,0,0,-,724.25,0.09315068493150686
3778,ICICIBANK,2021-11-29,2021-12-30,CE,920,0.0,0.0,0.0,10.25,0.0,1.15,0,0.0,0.0,0,0,-,720.9,0.08493150684931507
3780,ICICIBANK,2021-11-29,2021-12-30,CE,940,0.0,0.0,0.0,0.7,0.7,0.75,0,0.0,0.0,1375,0,-,720.9,0.08493150684931507
3781,ICICIBANK,2021-11-29,2021-12-30,CE,950,0.6,0.7,0.45,0.45,0.45,0.45,14,182.98,0.11,136125,6875,-,720.9,0.08493150684931507
3782,ICICIBANK,2021-11-29,2021-12-30,CE,960,0.0,0.0,0.0,7.0,0.0,0.5,0,0.0,0.0,0,0,-,720.9,0.08493150684931507
3783,ICICIBANK,2021-11-29,2021-12-30,CE,970,0.0,0.0,0.0,6.35,0.0,0.4,0,0.0,0.0,0,0,-,720.9,0.08493150684931507
3784,ICICIBANK,2021-11-29,2021-12-30,CE,980,0.0,0.0,0.0,0.5,0.5,0.3,0,0.0,0.0,0,0,-,720.9,0.08493150684931507
3785,ICICIBANK,2021-11-29,2021-12-30,CE,990,0.0,0.0,0.0,5.2,0.0,0.25,0,0.0,0.0,0,0,-,720.9,0.08493150684931507
3786,ICICIBANK,2021-11-29,2021-12-30,CE,840,1.9,2.0,1.65,1.8,1.75,1.8,217,2511.78,5.43,310750,-19250,-,720.9,0.08493150684931507
3787,ICICIBANK,2021-11-29,2021-12-30,CE,850,1.6,1.8,1.45,1.55,1.5,1.55,377,4414.47,8.28,994125,-31625,-,720.9,0.08493150684931507
3788,ICICIBANK,2021-11-29,2021-12-30,CE,860,1.35,1.5,1.1,1.3,1.3,1.3,123,1456.72,2.25,170500,5500,-,720.9,0.08493150684931507
3789,ICICIBANK,2021-11-29,2021-12-30,CE,870,1.05,1.3,1.05,1.05,1.05,3.15,5,59.89,0.08,33000,1375,-,720.9,0.08493150684931507
3790,ICICIBANK,2021-11-29,2021-12-30,CE,880,1.0,1.15,0.85,1.1,1.1,1.1,28,339.19,0.39,23375,13750,-,720.9,0.08493150684931507
3791,ICICIBANK,2021-11-29,2021-12-30,CE,890,0.8,0.8,0.8,0.8,0.8,2.15,1,12.25,0.01,2750,1375,-,720.9,0.08493150684931507
3792,ICICIBANK,2021-11-29,2021-12-30,CE,900,1.0,1.0,0.65,0.9,0.85,0.9,79,978.54,0.91,647625,2750,-,720.9,0.08493150684931507
3793,ICICIBANK,2021-11-29,2021-12-30,CE,910,0.0,0.0,0.0,11.3,0.0,1.4,0,0.0,0.0,0,0,-,720.9,0.08493150684931507
3794,ICICIBANK,2021-11-29,2021-12-30,CE,760,12.05,12.95,8.85,9.8,9.6,9.8,2281,24165.8,329.35,3163875,121000,-,720.9,0.08493150684931507
3795,ICICIBANK,2021-11-29,2021-12-30,CE,770,10.0,10.0,6.9,7.55,7.45,7.55,1375,14709.91,152.1,2583625,26125,-,720.9,0.08493150684931507
3796,ICICIBANK,2021-11-29,2021-12-30,CE,780,7.5,7.5,5.4,6.05,6.0,6.05,1571,16986.84,137.86,2257750,-50875,-,720.9,0.08493150684931507
3797,ICICIBANK,2021-11-29,2021-12-30,CE,790,5.75,6.55,4.35,4.85,4.75,4.85,617,6745.13,42.97,776875,-13750,-,720.9,0.08493150684931507
3798,ICICIBANK,2021-11-29,2021-12-30,CE,800,4.55,5.3,3.6,4.05,3.9,4.05,2171,24005.11,124.11,4676375,110000,-,720.9,0.08493150684931507
3799,ICICIBANK,2021-11-29,2021-12-30,CE,810,3.95,3.95,2.85,3.2,3.05,3.2,447,4998.51,20.05,556875,-22000,-,720.9,0.08493150684931507
3800,ICICIBANK,2021-11-29,2021-12-30,CE,820,2.4,3.0,2.25,2.6,2.5,2.6,558,6311.62,20.17,720500,4125,-,720.9,0.08493150684931507
3801,ICICIBANK,2021-11-29,2021-12-30,CE,830,2.05,2.35,1.8,2.15,2.15,2.15,352,4027.57,10.37,715000,2750,-,720.9,0.08493150684931507
3807,ICICIBANK,2021-11-29,2021-12-30,CE,730,22.95,23.25,18.05,20.05,20.2,20.05,3091,31925.53,899.62,1065625,221375,-,720.9,0.08493150684931507
3808,ICICIBANK,2021-11-29,2021-12-30,CE,740,18.05,20.0,14.45,15.85,15.7,15.85,2704,28137.25,624.05,1186625,112750,-,720.9,0.08493150684931507
3809,ICICIBANK,2021-11-29,2021-12-30,CE,750,13.9,15.5,11.4,12.5,12.3,12.5,3416,35852.84,625.34,3357750,94875,-,720.9,0.08493150684931507
3833,ICICIBANK,2021-11-29,2021-12-30,CE,930,0.0,0.0,0.0,9.35,0.0,0.9,0,0.0,0.0,0,0,-,720.9,0.08493150684931507
3890,ICICIBANK,2021-11-30,2021-12-30,CE,920,0.0,0.0,0.0,10.25,0.0,0.9,0,0.0,0.0,0,0,-,715.85,0.0821917808219178
3891,ICICIBANK,2021-11-30,2021-12-30,CE,930,0.0,0.0,0.0,9.35,0.0,0.7,0,0.0,0.0,0,0,-,715.85,0.0821917808219178
3892,ICICIBANK,2021-11-30,2021-12-30,CE,940,0.0,0.0,0.0,0.7,0.7,0.55,0,0.0,0.0,1375,0,-,715.85,0.0821917808219178
3893,ICICIBANK,2021-11-30,2021-12-30,CE,950,0.45,0.5,0.35,0.35,0.35,0.35,10,130.68,0.06,138875,2750,-,715.85,0.0821917808219178
3894,ICICIBANK,2021-11-30,2021-12-30,CE,960,0.0,0.0,0.0,7.0,0.0,0.35,0,0.0,0.0,0,0,-,715.85,0.0821917808219178
3895,ICICIBANK,2021-11-30,2021-12-30,CE,970,0.0,0.0,0.0,6.35,0.0,0.3,0,0.0,0.0,0,0,-,715.85,0.0821917808219178
3896,ICICIBANK,2021-11-30,2021-12-30,CE,980,0.0,0.0,0.0,0.5,0.5,0.25,0,0.0,0.0,0,0,-,715.85,0.0821917808219178
3897,ICICIBANK,2021-11-30,2021-12-30,CE,990,0.0,0.0,0.0,5.2,0.0,0.2,0,0.0,0.0,0,0,-,715.85,0.0821917808219178
3898,ICICIBANK,2021-11-30,2021-12-30,CE,840,1.85,2.05,1.25,1.4,1.25,1.4,282,3263.8,6.7,331375,20625,-,715.85,0.0821917808219178
3899,ICICIBANK,2021-11-30,2021-12-30,CE,850,1.7,1.8,1.1,1.25,1.2,1.25,420,4917.44,8.69,1034000,39875,-,715.85,0.0821917808219178
3900,ICICIBANK,2021-11-30,2021-12-30,CE,860,1.4,1.55,1.05,1.1,1.05,1.1,85,1006.67,1.55,177375,6875,-,715.85,0.0821917808219178
3901,ICICIBANK,2021-11-30,2021-12-30,CE,870,1.05,1.1,1.0,1.0,1.0,2.6,4,47.91,0.06,37125,4125,-,715.85,0.0821917808219178
3902,ICICIBANK,2021-11-30,2021-12-30,CE,880,0.85,0.85,0.85,0.85,0.85,2.15,3,36.34,0.04,23375,0,-,715.85,0.0821917808219178
3903,ICICIBANK,2021-11-30,2021-12-30,CE,890,0.0,0.0,0.0,0.8,0.8,1.7,0,0.0,0.0,2750,0,-,715.85,0.0821917808219178
3904,ICICIBANK,2021-11-30,2021-12-30,CE,900,0.85,1.0,0.7,0.75,0.75,0.75,91,1127.15,1.02,644875,-2750,-,715.85,0.0821917808219178
3905,ICICIBANK,2021-11-30,2021-12-30,CE,910,0.0,0.0,0.0,11.3,0.0,1.1,0,0.0,0.0,0,0,-,715.85,0.0821917808219178
3906,ICICIBANK,2021-11-30,2021-12-30,CE,760,10.6,12.5,7.35,8.0,9.7,8.0,3810,40314.01,499.51,2685375,-478500,-,715.85,0.0821917808219178
3907,ICICIBANK,2021-11-30,2021-12-30,CE,770,7.5,9.6,5.6,6.3,6.2,6.3,1807,19322.27,190.66,2468125,-115500,-,715.85,0.0821917808219178
3908,ICICIBANK,2021-11-30,2021-12-30,CE,780,6.5,7.6,4.45,5.0,4.5,5.0,1688,18245.12,141.32,2244000,-13750,-,715.85,0.0821917808219178
3909,ICICIBANK,2021-11-30,2021-12-30,CE,790,5.15,6.0,3.55,3.95,3.75,3.95,550,6011.46,37.08,775500,-1375,-,715.85,0.0821917808219178
3910,ICICIBANK,2021-11-30,2021-12-30,CE,800,3.95,4.85,2.95,3.25,3.2,3.25,2441,26982.17,131.17,4785000,108625,-,715.85,0.0821917808219178
3911,ICICIBANK,2021-11-30,2021-12-30,CE,810,2.8,3.8,2.3,2.55,2.5,2.55,479,5355.16,20.3,562375,5500,-,715.85,0.0821917808219178
3912,ICICIBANK,2021-11-30,2021-12-30,CE,820,2.7,3.05,1.75,2.0,1.95,2.0,518,5858.25,17.8,728750,8250,-,715.85,0.0821917808219178
3913,ICICIBANK,2021-11-30,2021-12-30,CE,830,2.25,2.5,1.4,1.7,1.6,1.7,263,3008.73,7.24,727375,12375,-,715.85,0.0821917808219178
3918,ICICIBANK,2021-11-30,2021-12-30,CE,720,25.1,30.8,21.3,22.45,22.05,22.45,3563,36509.78,1236.08,1012000,319000,-,715.85,0.0821917808219178
3919,ICICIBANK,2021-11-30,2021-12-30,CE,730,20.2,25.15,16.8,17.5,17.35,17.5,4571,47211.39,1329.98,1406625,341000,-,715.85,0.0821917808219178
3920,ICICIBANK,2021-11-30,2021-12-30,CE,740,14.95,20.25,13.0,13.75,14.05,13.75,3745,38972.53,867.16,1463000,276375,-,715.85,0.0821917808219178
3921,ICICIBANK,2021-11-30,2021-12-30,CE,750,12.5,16.0,10.0,10.6,11.5,10.6,4148,43511.86,735.61,3616250,258500,-,715.85,0.0821917808219178
4003,ICICIBANK,2021-12-01,2021-12-30,CE,990,0.0,0.0,0.0,5.2,0.0,0.25,0,0.0,0.0,0,0,727.7,729.45,0.07945205479452055
4031,ICICIBANK,2021-12-01,2021-12-30,CE,730,18.3,24.35,18.25,23.0,22.9,23.0,5190,53652.78,1558.16,2041875,635250,727.7,729.45,0.07945205479452055
4032,ICICIBANK,2021-12-01,2021-12-30,CE,740,14.05,19.2,14.05,18.3,18.2,18.3,3048,31731.3,717.9,1518000,55000,727.7,729.45,0.07945205479452055
4033,ICICIBANK,2021-12-01,2021-12-30,CE,750,11.8,15.0,11.2,14.25,14.25,14.25,4529,47530.81,825.5,3965500,349250,727.7,729.45,0.07945205479452055
4034,ICICIBANK,2021-12-01,2021-12-30,CE,760,9.15,11.55,8.5,11.0,10.9,11.0,2498,26452.32,348.22,2425500,-259875,727.7,729.45,0.07945205479452055
4035,ICICIBANK,2021-12-01,2021-12-30,CE,770,7.15,8.75,6.6,8.45,8.3,8.45,1833,19601.39,194.5,2508000,39875,727.7,729.45,0.07945205479452055
4036,ICICIBANK,2021-12-01,2021-12-30,CE,780,5.5,6.9,5.05,6.6,6.5,6.6,1519,16415.02,123.74,2454375,210375,727.7,729.45,0.07945205479452055
4037,ICICIBANK,2021-12-01,2021-12-30,CE,790,4.5,5.5,3.95,5.25,5.25,5.25,787,8599.96,51.17,869000,93500,727.7,729.45,0.07945205479452055
4038,ICICIBANK,2021-12-01,2021-12-30,CE,800,3.85,4.9,3.15,4.3,4.25,4.3,3273,36179.82,176.82,5219500,434500,727.7,729.45,0.07945205479452055
4039,ICICIBANK,2021-12-01,2021-12-30,CE,810,2.6,3.55,2.45,3.35,3.3,3.35,674,7534.8,28.12,563750,1375,727.7,729.45,0.07945205479452055
4040,ICICIBANK,2021-12-01,2021-12-30,CE,820,2.35,2.8,2.0,2.65,2.65,2.65,600,6784.8,19.8,753500,24750,727.7,729.45,0.07945205479452055
4041,ICICIBANK,2021-12-01,2021-12-30,CE,830,2.0,2.15,1.65,2.1,2.1,2.1,572,6543.26,15.31,699875,-27500,727.7,729.45,0.07945205479452055
4042,ICICIBANK,2021-12-01,2021-12-30,CE,840,1.5,1.8,1.4,1.7,1.7,1.7,275,3182.41,6.16,336875,5500,727.7,729.45,0.07945205479452055
4043,ICICIBANK,2021-12-01,2021-12-30,CE,850,1.35,1.65,1.2,1.45,1.4,1.45,481,5631.01,9.32,995500,-38500,727.7,729.45,0.07945205479452055
4044,ICICIBANK,2021-12-01,2021-12-30,CE,860,1.25,1.5,1.05,1.2,1.2,1.2,154,1823.63,2.58,195250,17875,727.7,729.45,0.07945205479452055
4045,ICICIBANK,2021-12-01,2021-12-30,CE,870,1.2,1.25,0.85,0.95,0.95,0.95,23,275.44,0.31,46750,9625,727.7,729.45,0.07945205479452055
4046,ICICIBANK,2021-12-01,2021-12-30,CE,880,1.15,1.15,0.75,0.8,0.8,0.8,14,169.57,0.17,35750,12375,727.7,729.45,0.07945205479452055
4047,ICICIBANK,2021-12-01,2021-12-30,CE,890,0.0,0.0,0.0,0.8,0.8,2.25,0,0.0,0.0,2750,0,727.7,729.45,0.07945205479452055
4048,ICICIBANK,2021-12-01,2021-12-30,CE,900,0.85,1.1,0.75,0.85,0.85,0.85,62,767.94,0.69,676500,31625,727.7,729.45,0.07945205479452055
4049,ICICIBANK,2021-12-01,2021-12-30,CE,910,0.0,0.0,0.0,11.3,0.0,1.5,0,0.0,0.0,0,0,727.7,729.45,0.07945205479452055
4050,ICICIBANK,2021-12-01,2021-12-30,CE,920,0.0,0.0,0.0,10.25,0.0,1.2,0,0.0,0.0,0,0,727.7,729.45,0.07945205479452055
4051,ICICIBANK,2021-12-01,2021-12-30,CE,930,0.0,0.0,0.0,9.35,0.0,0.95,0,0.0,0.0,0,0,727.7,729.45,0.07945205479452055
4052,ICICIBANK,2021-12-01,2021-12-30,CE,940,0.0,0.0,0.0,0.7,0.7,0.75,0,0.0,0.0,1375,0,727.7,729.45,0.07945205479452055
4053,ICICIBANK,2021-12-01,2021-12-30,CE,950,0.35,0.5,0.35,0.5,0.5,0.5,7,91.48,0.04,137500,-1375,727.7,729.45,0.07945205479452055
4054,ICICIBANK,2021-12-01,2021-12-30,CE,960,0.0,0.0,0.0,7.0,0.0,0.5,0,0.0,0.0,0,0,727.7,729.45,0.07945205479452055
4055,ICICIBANK,2021-12-01,2021-12-30,CE,970,0.0,0.0,0.0,6.35,0.0,0.4,0,0.0,0.0,0,0,727.7,729.45,0.07945205479452055
4056,ICICIBANK,2021-12-01,2021-12-30,CE,980,0.0,0.0,0.0,0.5,0.5,0.3,0,0.0,0.0,0,0,727.7,729.45,0.07945205479452055
