,Unnamed: 0,Symbol,INSTRUMENT,Expiry,Strike Price,Option Type,Open,High,Low,Close,SETTLE_PR,CONTRACTS,VAL_INLAKH,OPEN_INT,CHG_IN_OI,Date,futures_price,time_diff,impliedvolatility,delta,theta,gamma,vega,next_day_close,daily_straddle_pnl
0,1445,KOTAKBANK,OPTSTK,2021-09-30,1760.0,CE,40.05,44.6,34.25,37.9,37.9,5153,37108.77,782000,245200,2021-09-01,1753.9,29.0,20.69091796875,0.487886236277142,-0.7032649147099286,0.003898276478826308,1.9713656549593908,53.95,16.050000000000004
26,1671,KOTAKBANK,OPTSTK,2021-11-25,1760.0,CE,0.0,0.0,0.0,114.65,133.8,0,0.0,0,0,2021-09-01,1766.75,85.0,32.802581787109375,0.5411494668609544,-0.6528130110539607,0.0014188791528480353,3.383215766351205,53.95,-60.7
11,1616,KOTAKBANK,OPTSTK,2021-10-28,1760.0,PE,0.0,0.0,0.0,194.5,110.35,0,0.0,0,0,2021-09-01,1759.65,57.0,70.25146484375,-0.44508377159986157,-1.6933120855619477,0.0008089031223897983,2.7478085785599933,28.35,-166.15
8,1561,KOTAKBANK,OPTSTK,2021-10-28,1760.0,CE,0.0,0.0,0.0,92.7,107.45,0,0.0,0,0,2021-09-01,1759.65,57.0,33.50830078125,0.5257961557702708,-0.8137026466481548,0.0017085637612265282,2.7683320119233223,53.95,-38.75
28,1726,KOTAKBANK,OPTSTK,2021-11-25,1760.0,PE,0.0,0.0,0.0,160.55,131.6,0,0.0,0,0,2021-09-01,1766.75,85.0,48.389434814453125,-0.44703749159117434,-0.9596216884161984,0.0009584547539518601,3.371307965391399,28.35,-132.20000000000002
2,1503,KOTAKBANK,OPTSTK,2021-09-30,1760.0,PE,41.95,50.0,41.25,43.05,43.05,1070,7718.87,186400,37200,2021-09-01,1753.9,29.0,20.21026611328125,-0.5129484163356952,-0.686882837735971,0.003990725033016671,1.9712360225927879,28.35,-14.699999999999996
34,3561,KOTAKBANK,OPTSTK,2021-09-30,1780.0,CE,31.95,50.0,27.95,44.95,44.95,4629,33682.56,354800,94800,2021-09-02,1785.15,28.0,21.49200439453125,0.5312043580915398,-0.7547011836790956,0.0037427827686626275,1.9664646214563146,52.0,7.049999999999997
55,3733,KOTAKBANK,OPTSTK,2021-10-28,1800.0,PE,89.8,89.8,77.0,77.0,116.6,5,37.64,1600,1200,2021-09-02,1792.7,56.0,26.123046875,-0.4954339319254413,-0.6533450807932545,0.0021747161979993176,2.801152920598758,45.2,-31.799999999999997
52,3678,KOTAKBANK,OPTSTK,2021-10-28,1800.0,CE,51.05,66.85,49.45,65.15,65.15,56,416.18,22800,5600,2021-09-02,1792.7,56.0,24.49798583984375,0.5022454482754691,-0.6127322551879489,0.0023190900227897807,2.8012920339531053,42.5,-22.650000000000006
71,3843,KOTAKBANK,OPTSTK,2021-11-25,1800.0,PE,0.0,0.0,0.0,184.85,138.35,0,0.0,0,0,2021-09-02,1800.8,84.0,53.913116455078125,-0.447873554893472,-1.0965423815078321,0.0008492360937040385,3.416962924909232,45.2,-139.64999999999998
37,3619,KOTAKBANK,OPTSTK,2021-09-30,1780.0,PE,55.1,57.6,34.5,38.35,38.35,587,4279.5,55600,8400,2021-09-02,1785.15,28.0,20.751953125,-0.4685148724228906,-0.7286734975529713,0.003876041785505531,1.9663554373495333,34.5,-3.8500000000000014
70,3788,KOTAKBANK,OPTSTK,2021-11-25,1800.0,CE,0.0,0.0,0.0,57.0,130.5,0,0.0,800,0,2021-09-02,1800.8,84.0,16.41845703125,0.5179556356118903,-0.3364740989191903,0.002809822290576333,3.442933066781629,42.5,-14.5
92,5922,KOTAKBANK,OPTSTK,2021-11-25,1820.0,CE,0.0,0.0,0.0,92.3,128.5,0,0.0,0,0,2021-09-03,1810.1,83.0,28.167724609375,0.5105920084818188,-0.5841115850299984,0.0016402498668651993,3.442327147813279,26.9,-65.4
77,5866,KOTAKBANK,OPTSTK,2021-10-28,1800.0,PE,61.0,71.0,61.0,70.0,108.15,17,126.95,7600,6000,2021-09-03,1804.25,55.0,25.848388671875,-0.4706352841939315,-0.6547927610100774,0.002197689589434062,2.7865258691919763,51.7,-18.299999999999997
93,5977,KOTAKBANK,OPTSTK,2021-11-25,1820.0,PE,0.0,0.0,0.0,197.65,140.95,0,0.0,0,0,2021-09-03,1810.1,83.0,55.96160888671875,-0.4550190250916709,-1.153493264206385,0.000820639472190465,3.4216293217349487,64.15,-133.5
72,5695,KOTAKBANK,OPTSTK,2021-09-30,1800.0,CE,42.0,57.6,38.0,42.5,42.5,16325,120668.75,1916800,672800,2021-09-03,1796.45,27.0,22.705078125,0.49956425594749654,-0.8195767534040743,0.0035961369481940235,1.9492178991927605,34.15,-8.350000000000001
73,5753,KOTAKBANK,OPTSTK,2021-09-30,1800.0,PE,40.0,53.95,38.0,45.2,45.2,2331,17194.83,356400,150000,2021-09-03,1796.45,27.0,22.247314453125,-0.5009465108040905,-0.8030512473671602,0.003670123395261542,1.9492135758316371,51.7,6.5
74,5811,KOTAKBANK,OPTSTK,2021-10-28,1800.0,CE,85.0,85.0,65.8,72.65,72.65,68,510.17,24800,2000,2021-09-03,1804.25,55.0,25.272369384765625,0.5291330387799212,-0.6402283659498584,0.002247876375025907,2.786644939470425,34.15,-38.50000000000001
97,7998,KOTAKBANK,OPTSTK,2021-10-28,1780.0,PE,0.0,0.0,0.0,207.65,102.85,0,0.0,0,0,2021-09-06,1787.5,52.0,78.99093627929688,-0.43518966191932806,-2.0173134257086285,0.0007386685607458424,2.6560084758570595,46.35,-161.3
95,7885,KOTAKBANK,OPTSTK,2021-09-30,1780.0,PE,42.0,42.45,28.65,40.1,40.1,899,6529.98,174800,34400,2021-09-06,1781.35,24.0,22.39990234375,-0.4832818415369061,-0.8496534748370368,0.003895596185173401,1.8206939551036527,46.35,6.25
101,8109,KOTAKBANK,OPTSTK,2021-11-25,1800.0,PE,0.0,0.0,0.0,184.85,135.95,0,0.0,0,0,2021-09-06,1793.0,80.0,54.187774658203125,-0.4556160052141549,-1.1271231320340411,0.0008716276763299204,3.3280514334268956,59.5,-125.35
98,8054,KOTAKBANK,OPTSTK,2021-11-25,1800.0,CE,0.0,0.0,0.0,57.0,125.45,0,0.0,800,0,2021-09-06,1793.0,80.0,18.00537109375,0.49837353461854783,-0.3768490296565614,0.002639523475996293,3.3487698993318515,27.3,-29.7
94,7827,KOTAKBANK,OPTSTK,2021-09-30,1780.0,CE,56.95,58.25,40.15,42.2,42.2,1187,8676.73,390800,50000,2021-09-06,1781.35,24.0,22.796630859375,0.5168293455194151,-0.864691688658127,0.0038277564306209793,1.8206725946312932,34.35,-7.850000000000001
96,7943,KOTAKBANK,OPTSTK,2021-10-28,1780.0,CE,0.0,0.0,0.0,86.05,107.05,0,0.0,0,0,2021-09-06,1787.5,52.0,30.635833740234375,0.5375163256404525,-0.7893719917249034,0.0019215560815554094,2.6796948904829088,34.35,-51.699999999999996
116,9959,KOTAKBANK,OPTSTK,2021-09-30,1760.0,CE,51.8,54.8,35.35,42.9,42.9,3741,26958.77,694800,189600,2021-09-07,1767.25,23.0,22.15576171875,0.540511543681117,-0.848022685853384,0.0040379503851161675,1.7606726432810051,82.35,39.449999999999996
124,10076,KOTAKBANK,OPTSTK,2021-10-28,1780.0,CE,0.0,0.0,0.0,86.05,100.55,0,0.0,0,0,2021-09-07,1773.7,51.0,33.672332763671875,0.51386605493959,-0.8726487876103781,0.0017858937132036242,2.6434217362062045,69.9,-16.14999999999999
127,10131,KOTAKBANK,OPTSTK,2021-10-28,1780.0,PE,0.0,0.0,0.0,207.65,106.25,0,0.0,0,0,2021-09-07,1773.7,51.0,77.44216918945312,-0.44729799052611774,-1.99064792110543,0.0007701972510927507,2.621905998733398,26.1,-181.55
142,10186,KOTAKBANK,OPTSTK,2021-11-25,1780.0,CE,0.0,0.0,0.0,106.75,128.15,0,0.0,0,0,2021-09-07,1780.0,79.0,32.34291076660156,0.5299858760277731,-0.6743573548072729,0.0014853019418960573,3.2943374462627166,69.9,-36.849999999999994
148,10241,KOTAKBANK,OPTSTK,2021-11-25,1780.0,PE,0.0,0.0,0.0,172.5,128.7,0,0.0,0,0,2021-09-07,1780.0,79.0,52.337646484375,-0.4515504674982838,-1.0862649302527823,0.0009136718305239099,3.279281177291347,26.1,-146.4
118,10017,KOTAKBANK,OPTSTK,2021-09-30,1760.0,PE,33.7,45.0,29.65,35.05,35.05,1573,11310.84,379200,6000,2021-09-07,1767.25,23.0,21.839141845703125,-0.4592208876634975,-0.835846389182463,0.004096209986136859,1.760551498499387,19.15,-15.899999999999999
235,12377,KOTAKBANK,OPTSTK,2021-11-25,1840.0,PE,0.0,0.0,0.0,210.85,136.75,0,0.0,0,0,2021-09-08,1838.8,78.0,62.19291687011719,-0.4437445279678837,-1.3384898360722002,0.0007471143807051025,3.357366480548379,57.1,-153.75
234,12322,KOTAKBANK,OPTSTK,2021-11-25,1840.0,CE,0.0,0.0,0.0,85.7,127.15,0,0.0,0,0,2021-09-08,1838.8,78.0,25.45166015625,0.5212470127273053,-0.5524849298877721,0.0018413742892602817,3.3863271996160105,36.75,-48.95
233,12267,KOTAKBANK,OPTSTK,2021-10-28,1840.0,PE,0.0,0.0,0.0,249.45,113.45,0,0.0,0,0,2021-09-08,1830.05,50.0,90.64102172851562,-0.4397607393568022,-2.421293152106933,0.0006423840336474427,2.671299491039602,57.1,-192.35
232,12212,KOTAKBANK,OPTSTK,2021-10-28,1840.0,CE,72.5,74.85,71.1,74.85,74.85,5,38.24,400,400,2021-09-08,1830.05,50.0,29.438018798828125,0.5018795047142287,-0.7954545124596375,0.0020007606729752253,2.702133312352199,36.75,-38.099999999999994
217,12153,KOTAKBANK,OPTSTK,2021-09-30,1820.0,PE,63.5,64.1,38.55,44.75,44.75,1394,10414.28,135200,87200,2021-09-08,1824.05,22.0,26.1993408203125,-0.4734029249853803,-1.0614090891970192,0.0033927468480719303,1.7825639295649953,45.1,0.3500000000000014
214,12095,KOTAKBANK,OPTSTK,2021-09-30,1820.0,CE,21.5,54.8,20.0,49.1,49.1,19872,148006.34,1768000,1137600,2021-09-08,1824.05,22.0,26.3671875,0.5265915231009586,-1.0682100248753936,0.003371152637972693,1.7825655881772493,44.95,-4.149999999999999
236,14228,KOTAKBANK,OPTSTK,2021-09-30,1820.0,CE,54.9,64.0,39.65,44.95,44.95,8393,62885.35,1808000,40000,2021-09-09,1818.6,21.0,26.22222900390625,0.5076648361070607,-1.0863020936957435,0.0034870637848492315,1.7399240899171713,54.25,9.299999999999997
238,14286,KOTAKBANK,OPTSTK,2021-09-30,1820.0,PE,39.9,50.0,38.95,45.1,45.1,2415,18000.66,299200,164000,2021-09-09,1818.6,21.0,25.5126953125,-0.49281030622527283,-1.0569318498260285,0.003584122022170554,1.7399626793231706,31.85,-13.25
244,14455,KOTAKBANK,OPTSTK,2021-11-25,1840.0,CE,0.0,0.0,0.0,85.7,127.15,0,0.0,0,0,2021-09-09,1832.85,77.0,26.519775390625,0.5115432817491463,-0.578100294212641,0.0017862100140219415,3.357021090767563,44.45,-41.25
245,14510,KOTAKBANK,OPTSTK,2021-11-25,1840.0,PE,0.0,0.0,0.0,210.85,134.55,0,0.0,0,0,2021-09-09,1832.85,77.0,61.798095703125,-0.448994110982023,-1.3366609189765275,0.000760571552649762,3.330940527864454,41.45,-169.39999999999998
43,14399,KOTAKBANK,OPTSTK,2021-10-28,1820.0,PE,0.0,0.0,0.0,235.15,100.45,0,0.0,0,0,2021-09-09,1825.15,49.0,89.630126953125,-0.4314022539550846,-2.4038302504330282,0.0006557246464489745,2.6283055993621276,31.85,-203.3
40,14344,KOTAKBANK,OPTSTK,2021-10-28,1820.0,CE,80.6,80.6,80.6,80.6,80.6,1,7.6,2000,-400,2021-09-09,1825.15,49.0,29.296875,0.531879477501461,-0.7949977178019852,0.0020297802402317543,2.659320365895494,54.25,-26.349999999999994
246,16362,KOTAKBANK,OPTSTK,2021-09-30,1840.0,CE,38.05,48.0,25.0,44.45,44.45,12932,97220.05,1524800,-263200,2021-09-13,1842.4,17.0,27.28271484375,0.5205675949416024,-1.2711681636891126,0.0036726779704975097,1.584142846961974,51.65,7.199999999999996
300,16644,KOTAKBANK,OPTSTK,2021-11-25,1860.0,PE,0.0,0.0,0.0,224.45,131.9,0,0.0,0,0,2021-09-13,1852.25,73.0,66.8487548828125,-0.4461035837829492,-1.499262080069381,0.0007138624939281841,3.27444040018177,34.75,-189.7
298,16589,KOTAKBANK,OPTSTK,2021-11-25,1860.0,CE,0.0,0.0,0.0,79.5,125.45,0,0.0,0,0,2021-09-13,1852.25,73.0,25.177001953125,0.5076649576893586,-0.569764853414663,0.0019125433239968717,3.304033925620587,41.7,-37.8
253,16533,KOTAKBANK,OPTSTK,2021-10-28,1840.0,PE,0.0,0.0,0.0,249.45,96.7,0,0.0,0,0,2021-09-13,1849.4,45.0,98.83880615234375,-0.42535752959168927,-2.7950786522099813,0.0006106610283145434,2.5451246174621383,24.8,-224.64999999999998
248,16478,KOTAKBANK,OPTSTK,2021-10-28,1840.0,CE,66.9,83.0,62.7,79.95,79.95,47,359.6,8400,7600,2021-09-13,1849.4,45.0,29.0985107421875,0.5402087528984005,-0.8333273725739873,0.002100560894816185,2.577433058212268,51.65,-28.300000000000004
247,16420,KOTAKBANK,OPTSTK,2021-09-30,1840.0,PE,54.35,67.0,37.5,41.45,41.45,1131,8538.81,186800,80000,2021-09-13,1842.4,17.0,26.9012451171875,-0.4794713305338967,-1.2534008698203727,0.0037247766713080274,1.5841508223225356,24.8,-16.650000000000002
325,18778,KOTAKBANK,OPTSTK,2021-11-25,1880.0,PE,0.0,0.0,0.0,238.4,128.4,0,0.0,0,0,2021-09-14,1880.05,72.0,71.868896484375,-0.4365655733327415,-1.6414997959009177,0.0006563612617230437,3.288988452203696,41.15,-197.25
133,18668,KOTAKBANK,OPTSTK,2021-10-28,1880.0,PE,0.0,0.0,0.0,279.15,103.1,0,0.0,0,0,2021-09-14,1873.7,44.0,106.76956176757812,-0.4300302573671603,-3.100314367986145,0.0005655012368839237,2.5552944103740645,41.15,-237.99999999999997
130,18613,KOTAKBANK,OPTSTK,2021-10-28,1880.0,CE,80.0,80.0,68.0,73.1,99.45,11,85.99,2800,1600,2021-09-14,1873.7,44.0,29.327392578125,0.5071594326558142,-0.864790414534106,0.0020906758774545445,2.5948967770071967,34.05,-39.05
324,18723,KOTAKBANK,OPTSTK,2021-11-25,1880.0,CE,0.0,0.0,0.0,73.65,130.2,0,0.0,0,0,2021-09-14,1880.05,72.0,22.1099853515625,0.5196879683695637,-0.510853013992589,0.0021582567679456293,3.327131739132255,34.05,-39.60000000000001
309,18554,KOTAKBANK,OPTSTK,2021-09-30,1860.0,PE,50.0,50.25,31.25,34.75,34.75,4767,36198.68,355600,295600,2021-09-14,1867.55,16.0,24.6734619140625,-0.4584869082929219,-1.1962340697894076,0.004112769525197296,1.5514438292683956,29.65,-5.100000000000001
306,18496,KOTAKBANK,OPTSTK,2021-09-30,1860.0,CE,39.4,49.9,36.6,41.7,41.7,14206,108154.84,903200,-117600,2021-09-14,1867.55,16.0,24.2919921875,0.5418432314226146,-1.177636855873039,0.004176990693068509,1.551308723346643,42.2,0.5
220,20856,KOTAKBANK,OPTSTK,2021-11-25,1880.0,CE,0.0,0.0,0.0,73.65,131.05,0,0.0,0,0,2021-09-15,1884.05,71.0,21.633148193359375,0.5280066948480413,-0.5037843459521242,0.0022138247054312417,3.3068408021704916,51.85,-21.800000000000004
223,20911,KOTAKBANK,OPTSTK,2021-11-25,1880.0,PE,0.0,0.0,0.0,238.4,125.45,0,0.0,0,0,2021-09-15,1884.05,71.0,72.906494140625,-0.43350108996674197,-1.6783136459347092,0.0006493497952544124,3.268851979949089,25.85,-212.55
326,20630,KOTAKBANK,OPTSTK,2021-09-30,1880.0,CE,35.4,47.25,27.75,34.05,34.05,12932,99365.61,1220000,664000,2021-09-15,1872.3,15.0,24.898529052734375,0.47764142937589216,-1.2547417876010305,0.004214819356716277,1.5118264034114504,51.85,17.800000000000004
358,20746,KOTAKBANK,OPTSTK,2021-10-28,1880.0,CE,77.3,86.25,75.0,75.0,100.05,28,219.45,9200,6400,2021-09-15,1878.5,43.0,29.449462890625,0.5170070876624194,-0.8800211604358175,0.0020991275066644705,2.5698879493511244,51.85,-23.15
330,20688,KOTAKBANK,OPTSTK,2021-09-30,1880.0,PE,43.05,50.2,30.4,41.15,41.15,3718,28503.9,313200,220000,2021-09-15,1872.3,15.0,24.501800537109375,-0.5230431237004253,-1.234628149916095,0.00428264582975968,1.5116784760934368,25.85,-15.299999999999997
361,20801,KOTAKBANK,OPTSTK,2021-10-28,1880.0,PE,62.6,65.55,62.6,65.55,99.95,15,116.66,6000,6000,2021-09-15,1878.5,43.0,25.188446044921875,-0.48644059143143265,-0.752941157465854,0.0024550409921143793,2.570739752130044,25.85,-39.699999999999996
385,22942,KOTAKBANK,OPTSTK,2021-10-28,1920.0,PE,0.0,0.0,0.0,310.1,103.2,0,0.0,0,0,2021-09-16,1913.05,42.0,119.0185546875,-0.4235249997153942,-3.600569579762161,0.0005070048127332025,2.541182301315463,16.45,-293.65000000000003
376,22770,KOTAKBANK,OPTSTK,2021-09-30,1900.0,CE,29.85,45.0,27.9,42.95,42.95,18088,140118.77,1215600,-269200,2021-09-16,1907.05,14.0,26.4434814453125,0.5387992162067069,-1.400521969503863,0.004020234278716495,1.4829596181277236,111.3,68.35
378,22828,KOTAKBANK,OPTSTK,2021-09-30,1900.0,PE,50.0,51.4,34.5,36.5,36.5,1609,12494.33,288400,110000,2021-09-16,1907.05,14.0,26.85546875,-0.4614762160765952,-1.4224377564121562,0.003958826764096771,1.483059467339976,11.9,-24.6
384,22887,KOTAKBANK,OPTSTK,2021-10-28,1920.0,CE,66.05,74.75,50.3,73.1,73.1,105,833.39,33200,31200,2021-09-16,1913.05,42.0,29.510498046875,0.5055158974113131,-0.9094322247598523,0.0020829914089040983,2.5886485127592453,96.4,23.30000000000001
388,23052,KOTAKBANK,OPTSTK,2021-11-25,1920.0,PE,0.0,0.0,0.0,267.5,129.45,0,0.0,0,0,2021-09-16,1918.9,70.0,80.01708984375,-0.4311004693719769,-1.8874592323779256,0.0005844269702202757,3.3023481989772625,16.45,-251.05
386,22997,KOTAKBANK,OPTSTK,2021-11-25,1920.0,CE,0.0,0.0,0.0,63.1,130.2,0,0.0,0,0,2021-09-16,1918.9,70.0,18.98193359375,0.5138283846244419,-0.45427245517798565,0.0024995030964557715,3.3504565491609526,96.4,33.300000000000004
394,24960,KOTAKBANK,OPTSTK,2021-09-30,2000.0,CE,24.95,55.55,15.75,50.85,50.85,77635,633703.08,1334400,527200,2021-09-17,2002.7,13.0,32.848358154296875,0.5210377910136337,-1.902335484627739,0.0032088605120021343,1.5057289124769022,45.7,-5.149999999999999
396,25018,KOTAKBANK,OPTSTK,2021-09-30,2000.0,PE,94.8,96.4,45.4,49.7,49.7,3897,32088.92,374000,367600,2021-09-17,2002.7,13.0,33.87451171875,-0.478839085003614,-1.9617306765450322,0.0031116042803663395,1.5057042892204668,51.55,1.8499999999999943
402,25076,KOTAKBANK,OPTSTK,2021-10-28,2000.0,CE,49.95,94.0,49.0,89.1,89.1,1317,10924.42,112800,12800,2021-09-17,2008.2,41.0,31.707763671875,0.5365068177896128,-1.033929248905202,0.0018615235324941557,2.6738624422582338,45.7,-43.39999999999999
404,25187,KOTAKBANK,OPTSTK,2021-11-25,2020.0,CE,0.0,0.0,0.0,42.0,138.7,0,0.0,0,0,2021-09-17,2012.65,69.0,13.031005859375,0.48563723934763064,-0.3294380153003201,0.003496263671778861,3.488790243980802,38.55,-3.450000000000003
405,25242,KOTAKBANK,OPTSTK,2021-11-25,2020.0,PE,0.0,0.0,0.0,345.5,136.3,0,0.0,0,0,2021-09-17,2012.65,69.0,98.480224609375,-0.41856065916451674,-2.4392107307078055,0.0004532497841535292,3.4180576067211046,64.4,-281.1
403,25131,KOTAKBANK,OPTSTK,2021-10-28,2000.0,PE,107.9,107.9,79.0,81.55,81.55,60,500.3,14400,13600,2021-09-17,2008.2,41.0,31.955718994140625,-0.4634467945339924,-1.0420034387810257,0.001847059560021527,2.673833813462658,51.55,-30.0
226,27395,KOTAKBANK,OPTSTK,2021-11-25,2000.0,CE,0.0,0.0,0.0,100.0,141.05,0,0.0,2000,0,2021-09-20,2004.05,66.0,28.86962890625,0.5310302674706092,-0.7413017762914754,0.0016166588815061957,3.3894385961189397,52.65,-47.35
229,27450,KOTAKBANK,OPTSTK,2021-11-25,2000.0,PE,0.0,0.0,0.0,329.3,125.85,0,0.0,0,0,2021-09-20,2004.05,66.0,98.2666015625,-0.4153626111863341,-2.4737334771262733,0.0004656362549208727,3.32292776781321,36.9,-292.40000000000003
416,27340,KOTAKBANK,OPTSTK,2021-10-28,2000.0,PE,98.9,98.9,77.4,87.5,87.5,416,3466.64,68000,53600,2021-09-20,2000.1,38.0,34.027099609375,-0.47792927858775813,-1.1509413475791315,0.0018139393744421909,2.5706434994510734,36.9,-50.6
414,27285,KOTAKBANK,OPTSTK,2021-10-28,2000.0,CE,85.95,117.35,76.15,87.95,87.95,819,6872.99,169200,56400,2021-09-20,2000.1,38.0,34.160614013671875,0.5221558121189755,-1.1554436845197193,0.0018068283120073695,2.5706130454316063,52.65,-35.300000000000004
406,27169,KOTAKBANK,OPTSTK,2021-09-30,2000.0,CE,42.45,74.85,34.0,45.7,45.7,24810,203919.07,1421600,87200,2021-09-20,1994.15,10.0,36.865234375,0.4930206050882925,-2.426844735050169,0.0032780472381604875,1.31660344831331,52.65,6.949999999999996
408,27227,KOTAKBANK,OPTSTK,2021-09-30,2000.0,PE,60.0,60.0,39.5,51.55,51.55,7867,64445.8,512000,138000,2021-09-20,1994.15,10.0,36.834716796875,-0.5070053337944157,-2.424832993695723,0.00328075936211025,1.316601947596047,36.9,-14.649999999999999
424,29437,KOTAKBANK,OPTSTK,2021-09-30,2020.0,PE,54.55,63.55,44.0,49.2,49.2,1392,11544.22,112800,61200,2021-09-21,2016.7,9.0,37.59765625,-0.49927172862114017,-2.6388440841777165,0.0033506761048913833,1.2633551729756796,62.95,13.75
104,29605,KOTAKBANK,OPTSTK,2021-11-25,2020.0,CE,0.0,0.0,0.0,42.0,135.25,0,0.0,0,0,2021-09-21,2027.0,65.0,11.260986328125,0.5384607938105302,-0.2942270730524984,0.004122352561678489,3.396640257105568,27.1,-14.899999999999999
107,29660,KOTAKBANK,OPTSTK,2021-11-25,2020.0,PE,0.0,0.0,0.0,345.5,130.65,0,0.0,0,0,2021-09-21,2027.0,65.0,103.240966796875,-0.41068721483879894,-2.641883000419429,0.00044037719150328376,3.3266328349118237,62.95,-282.55
398,29495,KOTAKBANK,OPTSTK,2021-10-28,2020.0,CE,84.0,100.45,81.0,88.65,88.65,180,1518.07,38400,26000,2021-09-21,2022.7,37.0,34.015655517578125,0.5265038227466624,-1.1783743284205923,0.0018171278909689108,2.563516680078737,27.1,-61.550000000000004
400,29550,KOTAKBANK,OPTSTK,2021-10-28,2020.0,PE,92.0,95.0,84.45,85.3,85.3,98,826.45,44000,17200,2021-09-21,2022.7,37.0,33.75244140625,-0.4736246876571928,-1.1692810700305118,0.001831337742334778,2.56357156926241,62.95,-22.349999999999994
422,29379,KOTAKBANK,OPTSTK,2021-09-30,2020.0,CE,39.5,58.2,36.85,44.15,44.15,10014,82780.02,573600,24000,2021-09-21,2016.7,9.0,36.2091064453125,0.4998696670260457,-2.5413908731855974,0.0034791737203711507,1.2633572106075193,27.1,-17.049999999999997
434,31815,KOTAKBANK,OPTSTK,2021-11-25,2000.0,CE,115.0,115.0,115.0,115.0,129.65,1,8.46,2000,0,2021-09-22,1997.05,64.0,34.912109375,0.5251160793847491,-0.9081275839681299,0.0013637654122340245,3.329513249954425,51.65,-63.35
435,31871,KOTAKBANK,OPTSTK,2021-11-25,2000.0,PE,0.0,0.0,0.0,329.3,130.8,0,0.0,0,0,2021-09-22,1997.05,64.0,98.907470703125,-0.4193650392687916,-2.525035727339767,0.00047244833043860317,3.267746822377073,23.3,-306.0
433,31759,KOTAKBANK,OPTSTK,2021-10-28,2000.0,PE,99.05,99.05,76.35,86.5,86.5,225,1873.67,90000,400,2021-09-22,1991.15,36.0,32.806396484375,-0.49662061536271307,-1.1366566917732688,0.001944586016308639,2.494613568626889,23.3,-63.2
432,31703,KOTAKBANK,OPTSTK,2021-10-28,2000.0,CE,99.75,102.55,77.0,78.95,78.95,305,2545.62,215600,11600,2021-09-22,1991.15,36.0,33.33282470703125,0.5039803388200089,-1.1548800187241126,0.0019138484046141776,2.4945789046973896,51.65,-27.300000000000004
430,31586,KOTAKBANK,OPTSTK,2021-09-30,1980.0,CE,60.05,64.9,38.6,40.85,40.85,1101,8927.42,219600,33200,2021-09-22,1984.45,8.0,32.958984375,0.528064540953991,-2.408386817708865,0.004109804266051985,1.1691558406323572,63.1,22.25
431,31644,KOTAKBANK,OPTSTK,2021-09-30,1980.0,PE,27.5,40.55,24.9,36.65,36.65,3101,24954.92,272400,17200,2021-09-22,1984.45,8.0,33.172607421875,-0.4719904366903,-2.424020286271438,0.0040833778630646415,1.169167201332732,15.55,-21.099999999999998
154,34030,KOTAKBANK,OPTSTK,2021-11-25,2040.0,CE,0.0,0.0,0.0,38.65,130.45,0,0.0,0,0,2021-09-23,2040.0,63.0,11.432647705078125,0.509473488042696,-0.3067028982462413,0.004116108017120021,3.3801938252554886,29.45,-9.2
436,33918,KOTAKBANK,OPTSTK,2021-10-28,2040.0,CE,71.05,97.95,64.0,85.2,85.2,406,3449.19,126400,5600,2021-09-23,2034.8,35.0,34.881591796875,0.5121174374271835,-1.252037232783572,0.0018142789232809746,2.5125747358439594,29.45,-55.75
437,33974,KOTAKBANK,OPTSTK,2021-10-28,2040.0,PE,95.3,95.4,81.5,88.75,88.75,25,212.59,4800,4000,2021-09-23,2034.8,35.0,34.23309326171875,-0.4884614495522027,-1.2288129702881474,0.0018487275043354496,2.51268289612493,41.45,-47.3
334,33801,KOTAKBANK,OPTSTK,2021-09-30,2020.0,CE,34.35,57.2,23.7,41.75,41.75,14309,117902.77,494800,-124800,2021-09-23,2027.7,7.0,33.79058837890625,0.5416938390252509,-2.6890792234258427,0.004181456152321677,1.114130026556832,36.8,-4.950000000000003
338,33859,KOTAKBANK,OPTSTK,2021-09-30,2020.0,PE,62.95,62.95,27.9,33.9,33.9,2524,20755.28,189200,60800,2021-09-23,2027.7,7.0,33.69140625,-0.4582384457585537,-2.681138288177388,0.00419369069122115,1.1141101014293053,29.75,-4.149999999999999
160,34086,KOTAKBANK,OPTSTK,2021-11-25,2040.0,PE,0.0,0.0,0.0,361.9,133.05,0,0.0,0,0,2021-09-23,2040.0,63.0,107.940673828125,-0.4112921322898291,-2.8246291099407,0.0004252591884829357,3.2972118408231963,41.45,-320.45
304,36072,KOTAKBANK,OPTSTK,2021-09-30,2020.0,PE,32.2,37.35,23.95,29.75,29.75,3848,31557.08,178800,-10400,2021-09-24,2027.75,6.0,32.3486328125,-0.45498933767713884,-2.778128870136178,0.0047134029253438755,1.0305704922636485,20.6,-9.149999999999999
302,36014,KOTAKBANK,OPTSTK,2021-09-30,2020.0,CE,38.05,55.0,30.8,36.8,36.8,3826,31547.59,407200,-87600,2021-09-24,2027.75,6.0,31.67724609375,0.5456156975836943,-2.7199969391285577,0.004812465378784187,1.0303914416342728,34.25,-2.549999999999997
438,36131,KOTAKBANK,OPTSTK,2021-10-28,2040.0,CE,87.15,98.0,75.0,82.8,82.8,556,4729.08,173200,46800,2021-09-24,2034.0,34.0,34.60693359375,0.5099422269383159,-1.2600081491946087,0.0018563851160288496,2.4758204569938336,26.1,-56.699999999999996
448,36299,KOTAKBANK,OPTSTK,2021-11-25,2040.0,PE,0.0,0.0,0.0,361.9,129.85,0,0.0,0,0,2021-09-24,2039.75,62.0,108.7646484375,-0.41143300071446365,-2.8689336254013473,0.00042551410076626284,3.270803286365535,32.4,-329.5
446,36243,KOTAKBANK,OPTSTK,2021-11-25,2040.0,CE,0.0,0.0,0.0,38.65,131.1,0,0.0,0,0,2021-09-24,2039.75,62.0,11.562347412109375,0.5084788643780672,-0.3126530344325308,0.004103359765213922,3.3530367915628134,26.1,-12.549999999999997
440,36187,KOTAKBANK,OPTSTK,2021-10-28,2040.0,PE,88.75,96.0,79.55,89.3,89.3,197,1676.19,46400,41600,2021-09-24,2034.0,34.0,34.7900390625,-0.48988779798298043,-1.2666612886237938,0.0018465948845857814,2.475793932616197,32.4,-56.9
455,38286,KOTAKBANK,OPTSTK,2021-09-30,2040.0,PE,23.6,36.15,11.1,32.4,32.4,1615,13377.01,147600,-12800,2021-09-27,2033.55,3.0,39.4287109375,-0.5281889659897133,-4.821192568050288,0.005474474925466487,0.7336571427393429,15.3,-17.099999999999998
454,38228,KOTAKBANK,OPTSTK,2021-09-30,2040.0,CE,26.5,43.85,23.0,26.1,26.1,8733,72438.81,680800,-125600,2021-09-27,2033.55,3.0,39.6728515625,0.4720720308131061,-4.851269107606841,0.005441037029045343,0.7336910128525892,38.2,12.100000000000001
346,38512,KOTAKBANK,OPTSTK,2021-11-25,2040.0,PE,0.0,0.0,0.0,361.9,124.25,0,0.0,0,0,2021-09-27,2047.7,59.0,112.518310546875,-0.4072915652059948,-3.046873237273539,0.000418984715613633,3.1953114142119774,15.3,-346.59999999999997
342,38456,KOTAKBANK,OPTSTK,2021-11-25,2040.0,CE,0.0,0.0,0.0,38.65,130.2,0,0.0,0,0,2021-09-27,2047.7,59.0,10.5743408203125,0.5437447431532876,-0.2925538875340304,0.004555011366838572,3.26463458248884,38.2,-0.44999999999999574
457,38400,KOTAKBANK,OPTSTK,2021-10-28,2040.0,PE,83.8,85.3,74.1,82.6,82.6,155,1314.48,75600,29200,2021-09-27,2039.6,31.0,34.759521484375,-0.48057359397114086,-1.327872205524892,0.001928597306188644,2.368504318436926,15.3,-67.3
456,38344,KOTAKBANK,OPTSTK,2021-10-28,2040.0,CE,88.45,101.75,81.3,84.05,84.05,540,4605.29,187200,14000,2021-09-27,2039.6,31.0,35.541534423828125,0.5198974243726873,-1.3576672833568102,0.0018860528540921128,2.3683662771658076,38.2,-45.849999999999994
458,40470,KOTAKBANK,OPTSTK,2021-09-30,2060.0,CE,21.5,37.55,8.0,30.75,30.75,15297,127484.54,437600,-361600,2021-09-28,2064.95,2.0,46.3104248046875,0.5347245573185332,-7.033275326105481,0.005614406695027801,0.6074895970631288,6.15,-24.6
462,40701,KOTAKBANK,OPTSTK,2021-11-25,2080.0,CE,0.0,0.0,0.0,32.6,128.7,0,0.0,0,0,2021-09-28,2075.05,58.0,10.589599609375,0.48590562535772003,-0.30106245499229456,0.004551591183251759,3.2978815127427983,3.9,-28.700000000000003
464,40758,KOTAKBANK,OPTSTK,2021-11-25,2080.0,PE,0.0,0.0,0.0,395.45,127.95,0,0.0,0,0,2021-09-28,2075.05,58.0,120.07904052734375,-0.4073540904276314,-3.3234491548135625,0.0003907692210460825,3.2105528180880554,53.4,-342.05
460,40528,KOTAKBANK,OPTSTK,2021-09-30,2060.0,PE,42.7,58.0,21.15,25.5,25.5,873,7314.8,74800,31200,2021-09-28,2064.95,2.0,45.8984375,-0.46508629200722956,-6.970415901589351,0.005664566358672831,0.6074643304874465,36.1,10.600000000000001
258,40587,KOTAKBANK,OPTSTK,2021-10-28,2080.0,CE,70.0,94.0,57.35,90.1,90.1,609,5272.93,99200,72000,2021-09-28,2070.6,30.0,39.9169921875,0.5070366727543315,-1.5752861892107324,0.0016833494762803884,2.367843020553086,3.9,-86.19999999999999
263,40644,KOTAKBANK,OPTSTK,2021-10-28,2080.0,PE,100.0,100.0,90.0,93.95,93.95,9,78.26,3600,2800,2021-09-28,2070.6,30.0,37.586212158203125,-0.49527513752517394,-1.483430899018957,0.0017878893605541553,2.368045323814628,53.4,-40.550000000000004
139,42888,KOTAKBANK,OPTSTK,2021-10-28,2040.0,PE,73.3,97.15,73.3,87.65,87.65,548,4665.27,283200,84800,2021-09-29,2033.7,29.0,36.891937255859375,-0.49112418588654366,-1.4542714745244738,0.0018859563884026768,2.286346334632317,32.2,-55.45
136,42830,KOTAKBANK,OPTSTK,2021-10-28,2040.0,CE,106.0,106.0,81.0,83.1,83.1,1447,12320.6,444400,128800,2021-09-29,2033.7,29.0,37.65869140625,0.5095483463877518,-1.4844389360525405,0.0018474852107778028,2.2862573041175365,0.1,-83.0
467,43004,KOTAKBANK,OPTSTK,2021-11-25,2040.0,PE,0.0,0.0,0.0,361.9,123.5,0,0.0,0,0,2021-09-29,2039.15,57.0,113.372802734375,-0.41173620509520154,-3.118515441221087,0.0004259460991261041,3.1357675890940278,32.2,-329.7
466,42946,KOTAKBANK,OPTSTK,2021-11-25,2040.0,CE,0.0,0.0,0.0,38.65,126.1,0,0.0,0,0,2021-09-29,2039.15,57.0,12.15362548828125,0.5061182874835748,-0.34268899351257126,0.0040729864915586425,3.214394363073126,0.1,-38.55
268,42714,KOTAKBANK,OPTSTK,2021-09-30,2040.0,CE,25.95,37.8,9.55,10.95,10.95,4694,38594.73,226000,-55600,2021-09-29,2030.6,1.0,35.736083984375,0.4061119646745431,-7.365640790031288,0.010211057256485804,0.41222428250682364,0.1,-10.85
273,42772,KOTAKBANK,OPTSTK,2021-09-30,2040.0,PE,15.1,30.0,13.45,20.55,20.55,1641,13512.58,59600,-56400,2021-09-29,2030.6,1.0,36.224365234375,-0.592547108949513,-7.472369170836527,0.010081632177630383,0.41256039256945465,32.2,11.650000000000002
489,45252,KOTAKBANK,OPTSTK,2021-11-25,2020.0,PE,0.0,0.0,0.0,345.5,123.4,0,0.0,0,0,2021-09-30,2021.8,56.0,110.53466796875,-0.413505605926889,-3.044428485191478,0.0004449951016350726,3.084787755800245,81.2,-264.3
488,45194,KOTAKBANK,OPTSTK,2021-11-25,2020.0,CE,0.0,0.0,0.0,42.0,120.8,0,0.0,0,0,2021-09-30,2021.8,56.0,13.00048828125,0.5171302369134023,-0.3663843081935258,0.003871364047036032,3.1564231765708235,58.85,16.85
473,45136,KOTAKBANK,OPTSTK,2021-10-28,2020.0,PE,81.25,88.0,75.3,83.1,83.1,580,4876.71,179600,81600,2021-09-30,2011.55,28.0,35.400390625,-0.49749848031106664,-1.4050279728851998,0.0020226934039172064,2.2226185952311415,81.2,-1.8999999999999915
470,45078,KOTAKBANK,OPTSTK,2021-10-28,2020.0,CE,92.0,92.0,72.5,75.3,75.3,974,8184.56,209200,100000,2021-09-30,2011.55,28.0,35.70556640625,0.5028158950036415,-1.4171328404173635,0.0020053948940588952,2.2226069224175946,58.85,-16.449999999999996
469,45019,KOTAKBANK,OPTSTK,2021-09-30,2000.0,PE,3.0,6.85,0.05,1.25,2005.5,1857,14883.68,103600,-171200,2021-09-30,2005.9,1e-07,500.0,-9.132589789171197e-278,-2.700213485998037e-270,1.959577285572362e-275,1.0800853943992149e-279,69.85,68.6
468,44961,KOTAKBANK,OPTSTK,2021-09-30,2000.0,CE,26.8,32.55,0.05,9.3,2005.5,1260,10164.38,97600,-149600,2021-09-30,2005.9,1e-07,500.0,1.0,-2.700213485998037e-270,1.959577285572362e-275,1.0800853943992149e-279,68.2,58.900000000000006
494,47300,KOTAKBANK,OPTSTK,2021-11-25,2000.0,PE,0.0,0.0,0.0,100.05,117.3,0,0.0,400,0,2021-10-01,2003.2,55.0,32.81402587890625,-0.4696140795239422,-0.9227285206459069,0.001558939097034652,3.093193674120213,61.85,-38.199999999999996
492,47242,KOTAKBANK,OPTSTK,2021-11-25,2000.0,CE,110.85,110.85,102.55,102.55,122.35,2,16.85,2800,0,2021-10-01,2003.2,55.0,32.58514404296875,0.5302442758917401,-0.9163171938329978,0.0015699317858413407,3.093277451488798,61.0,-41.55
491,47184,KOTAKBANK,OPTSTK,2021-10-28,2000.0,PE,77.0,85.0,68.0,69.85,69.85,1263,10487.33,275600,43600,2021-10-01,1996.2,27.0,31.341552734375,-0.4918977742790264,-1.2568595155566624,0.0023440154927920607,2.1655089782970576,61.85,-7.999999999999993
500,47358,KOTAKBANK,OPTSTK,2021-12-30,2000.0,CE,0.0,0.0,0.0,167.1,159.15,0,0.0,0,0,2021-10-01,2001.0,90.0,42.1142578125,0.5425866094489806,-0.9221566835382737,0.000947927446733987,3.941377852980281,61.0,-106.1
490,47126,KOTAKBANK,OPTSTK,2021-10-28,2000.0,CE,77.55,87.95,62.05,68.2,68.2,2345,19440.79,496800,112400,2021-10-01,1996.2,27.0,32.3486328125,0.5089254938404958,-1.2971883122250982,0.002270941380574559,2.165413582273178,61.0,-7.200000000000003
501,47416,KOTAKBANK,OPTSTK,2021-12-30,2000.0,PE,0.0,0.0,0.0,142.5,146.8,0,0.0,0,0,2021-10-01,2001.0,90.0,36.1328125,-0.4631515042044564,-0.7923250474174072,0.001106441694974644,3.9470635875669315,61.85,-80.65
521,49465,KOTAKBANK,OPTSTK,2021-11-25,2000.0,PE,0.0,0.0,0.0,100.05,115.2,0,0.0,400,0,2021-10-04,2003.4,52.0,33.77723693847656,-0.4692845522334826,-0.9768637646901576,0.0015573035764571092,3.0077602769233063,64.05,-36.0
520,49407,KOTAKBANK,OPTSTK,2021-11-25,2000.0,CE,102.55,106.4,95.4,97.9,97.9,7,58.78,4000,1200,2021-10-04,2003.4,52.0,31.92138671875,0.5296303084426764,-0.9233818120338985,0.0016481826497261323,3.0083814747032367,55.25,-42.650000000000006
524,49581,KOTAKBANK,OPTSTK,2021-12-30,2000.0,PE,0.0,0.0,0.0,142.5,145.3,0,0.0,0,0,2021-10-04,2009.7,87.0,37.78076171875,-0.45285292978833414,-0.8439737707995796,0.0010686805994361843,3.886936881059409,64.05,-78.45
505,49349,KOTAKBANK,OPTSTK,2021-10-28,2000.0,PE,72.1,72.1,57.9,61.85,61.85,1107,9129.67,344400,68800,2021-10-04,1997.35,24.0,29.605865478515625,-0.4918248928034267,-1.2599948069565468,0.002630436029602388,2.042830018862417,64.05,2.1999999999999957
522,49523,KOTAKBANK,OPTSTK,2021-12-30,2000.0,CE,0.0,0.0,0.0,167.1,154.5,0,0.0,0,0,2021-10-04,2009.7,87.0,41.6107177734375,0.5498932147597613,-0.9287444596714111,0.0009694964351258095,3.88365172796863,55.25,-111.85
502,49291,KOTAKBANK,OPTSTK,2021-10-28,2000.0,CE,73.55,78.5,59.05,61.0,61.0,2224,18396.98,582800,86000,2021-10-04,1997.35,24.0,30.487060546875,0.5088270716227052,-1.2974523545624448,0.002554317179373339,2.0427588590655708,55.25,-5.75
533,51634,KOTAKBANK,OPTSTK,2021-11-25,2000.0,PE,0.0,0.0,0.0,100.05,118.05,0,0.0,400,0,2021-10-05,1996.15,51.0,32.947540283203125,-0.4816816526163197,-0.9605203399422195,0.0016210525158954594,2.9736081610940084,82.45,-17.599999999999994
530,51459,KOTAKBANK,OPTSTK,2021-10-28,1980.0,CE,71.0,71.0,60.35,64.1,64.1,963,7874.79,104800,56800,2021-10-05,1989.85,23.0,29.72412109375,0.5413416813720192,-1.2807335666280795,0.0026725320954416364,1.9820180344131115,53.8,-10.299999999999997
531,51517,KOTAKBANK,OPTSTK,2021-10-28,1980.0,PE,60.0,60.45,51.7,53.35,53.35,489,3981.39,101200,21200,2021-10-05,1989.85,23.0,29.25872802734375,-0.4584703441925075,-1.2606188718695057,0.0027149079025988575,1.981920336789902,70.85,17.499999999999993
532,51576,KOTAKBANK,OPTSTK,2021-11-25,2000.0,CE,88.8,99.9,88.8,96.25,96.25,14,117.29,7600,3600,2021-10-05,1996.15,51.0,32.96661376953125,0.5183361613882284,-0.9610744154178141,0.0016201112958112909,2.9736020526081135,46.25,-50.0
166,51692,KOTAKBANK,OPTSTK,2021-12-30,2000.0,CE,0.0,0.0,0.0,167.1,148.55,0,0.0,0,0,2021-10-05,2000.0,86.0,43.212890625,0.5417638566589522,-0.967696609008305,0.0009457480428049021,3.8517167989020282,46.25,-120.85
172,51750,KOTAKBANK,OPTSTK,2021-12-30,2000.0,PE,0.0,0.0,0.0,142.5,148.15,0,0.0,0,0,2021-10-05,2000.0,86.0,36.834716796875,-0.46438261586466123,-0.8261069639591122,0.0011111801682250671,3.8575129702917117,82.45,-60.05
537,53920,KOTAKBANK,OPTSTK,2021-12-30,1980.0,PE,0.0,0.0,0.0,132.55,148.85,0,0.0,0,0,2021-10-06,1970.95,85.0,33.687591552734375,-0.47882477521358446,-0.7508572815936171,0.001243337742539766,3.7891025148265327,70.05,-62.500000000000014
536,53862,KOTAKBANK,OPTSTK,2021-12-30,1980.0,CE,0.0,0.0,0.0,176.95,142.25,0,0.0,0,0,2021-10-06,1970.95,85.0,47.81341552734375,0.5380461361805389,-1.0623523749347201,0.000873254238723029,3.777180562129475,53.4,-123.54999999999998
535,53803,KOTAKBANK,OPTSTK,2021-11-25,1960.0,PE,74.1,74.1,74.1,74.1,108.35,5,40.68,2000,2000,2021-10-06,1969.25,50.0,27.130126953125,-0.461325192014431,-0.7851527269685655,0.0020080366873688627,2.894025259539477,58.95,-15.149999999999991
498,53687,KOTAKBANK,OPTSTK,2021-10-28,1960.0,PE,48.35,64.7,37.25,59.15,59.15,921,7400.86,98000,8000,2021-10-06,1963.2,22.0,31.620025634765625,-0.4761459291009213,-1.3793414303196385,0.002613010260003676,1.9193856334934611,58.95,-0.19999999999999574
496,53629,KOTAKBANK,OPTSTK,2021-10-28,1960.0,CE,67.55,88.0,59.0,62.8,62.8,516,4192.64,54000,26400,2021-10-06,1963.2,22.0,31.8603515625,0.5239084277427253,-1.3898136613790992,0.002593278851106624,1.919369941060435,62.1,-0.6999999999999957
534,53745,KOTAKBANK,OPTSTK,2021-11-25,1960.0,CE,0.0,0.0,0.0,53.8,114.4,0,0.0,0,0,2021-10-06,1969.25,50.0,16.90673828125,0.5424190886613299,-0.4888155260438799,0.003219189066820868,2.8912467793151366,62.1,8.300000000000004
546,55922,KOTAKBANK,OPTSTK,2021-11-25,1960.0,CE,0.0,0.0,0.0,53.8,111.15,0,0.0,0,0,2021-10-07,1967.65,49.0,17.39501953125,0.5370431738371044,-0.5083124828961788,0.0031674377903610417,2.86372908258792,50.9,-2.8999999999999986
547,55980,KOTAKBANK,OPTSTK,2021-11-25,1960.0,PE,0.0,0.0,0.0,74.1,108.6,0,0.0,2000,0,2021-10-07,1967.65,49.0,27.130126953125,-0.4645845892610985,-0.7930845549725374,0.002031622437307615,2.864796265848515,64.8,-9.299999999999997
540,55864,KOTAKBANK,OPTSTK,2021-10-28,1960.0,PE,58.95,60.7,44.0,58.95,58.95,1341,10787.12,129600,31600,2021-10-07,1961.6,21.0,31.85272216796875,-0.4805068328580952,-1.4218773735867205,0.002658710132555667,1.8748428902160148,64.8,5.849999999999994
113,56097,KOTAKBANK,OPTSTK,2021-12-30,1980.0,PE,0.0,0.0,0.0,132.55,149.35,0,0.0,0,0,2021-10-07,1973.0,84.0,34.145355224609375,-0.47596591220568574,-0.7660615159844661,0.0012321655574314835,3.7691315213682226,78.0,-54.55000000000001
110,56039,KOTAKBANK,OPTSTK,2021-12-30,1980.0,CE,0.0,0.0,0.0,176.95,139.25,0,0.0,0,0,2021-10-07,1973.0,84.0,47.801971435546875,0.5395162684458152,-1.0691271749431952,0.0008774178029830559,3.75744681644848,43.15,-133.79999999999998
538,55806,KOTAKBANK,OPTSTK,2021-10-28,1960.0,CE,64.4,73.4,60.0,62.1,62.1,1425,11539.75,148800,94800,2021-10-07,1961.6,21.0,32.65380859375,0.5197715872921188,-1.4575870223438643,0.002593395553487407,1.8747783972176422,50.9,-11.200000000000003
548,57984,KOTAKBANK,OPTSTK,2021-10-28,1940.0,CE,70.85,76.85,56.6,59.75,59.75,964,7729.54,105600,74000,2021-10-08,1944.85,20.0,31.59332275390625,0.5281975094468753,-1.4309136616067428,0.0027667725570062265,1.8116659304913687,75.5,15.75
549,58042,KOTAKBANK,OPTSTK,2021-10-28,1940.0,PE,45.95,56.0,42.1,53.15,53.15,1406,11201.59,113600,7200,2021-10-08,1944.85,20.0,30.6243896484375,-0.471828688030622,-1.3870355404825407,0.0028543244865539765,1.811674363349552,36.95,-16.199999999999996
550,58101,KOTAKBANK,OPTSTK,2021-11-25,1960.0,CE,0.0,0.0,0.0,53.8,101.35,0,0.0,0,0,2021-10-08,1951.5,48.0,20.477294921875,0.49146403073415557,-0.6020807370840766,0.002752297091052117,2.8226262785484626,64.7,10.900000000000006
552,58159,KOTAKBANK,OPTSTK,2021-11-25,1960.0,PE,0.0,0.0,0.0,74.1,115.1,0,0.0,2000,0,2021-10-08,1951.5,48.0,24.658203125,-0.5015533779764358,-0.7251697983549354,0.002286138858959541,2.823251162672617,46.0,-28.099999999999994
558,58217,KOTAKBANK,OPTSTK,2021-12-30,1960.0,CE,0.0,0.0,0.0,187.2,138.5,0,0.0,0,0,2021-10-08,1957.95,83.0,50.628662109375,0.5463242786322549,-1.128370010813972,0.0008382591430463232,3.6996715692480238,64.7,-122.49999999999999
560,58275,KOTAKBANK,OPTSTK,2021-12-30,1960.0,PE,0.0,0.0,0.0,123.0,145.05,0,0.0,0,0,2021-10-08,1957.95,83.0,32.7606201171875,-0.47153456602323196,-0.7332311285518784,0.001300937200408314,3.715325500684118,46.0,-77.0
569,60339,KOTAKBANK,OPTSTK,2021-11-25,1980.0,PE,0.0,0.0,0.0,84.0,103.85,0,0.0,4400,0,2021-10-11,1984.35,45.0,31.036376953125,-0.47025613965418256,-0.9558887988786948,0.0018397196443740978,2.7719083328900065,47.65,-36.35
570,60397,KOTAKBANK,OPTSTK,2021-12-30,1980.0,CE,0.0,0.0,0.0,176.95,147.4,0,0.0,0,0,2021-10-11,1990.0,80.0,46.459197998046875,0.5524740168772864,-1.0698792364419731,0.0009137093084819565,3.684537943119725,64.8,-112.14999999999999
566,60165,KOTAKBANK,OPTSTK,2021-10-28,1980.0,CE,46.85,72.0,46.85,55.4,55.4,4459,36397.19,334400,3600,2021-10-11,1977.75,17.0,33.203125,0.507962723175396,-1.6625434762175588,0.0028144605401207515,1.7024445196467806,64.8,9.399999999999999
572,60455,KOTAKBANK,OPTSTK,2021-12-30,1980.0,PE,0.0,0.0,0.0,132.55,135.35,0,0.0,0,0,2021-10-11,1990.0,80.0,37.13226318359375,-0.4538660869494671,-0.8567937053621382,0.0011454869202983855,3.691856652532605,47.65,-84.9
568,60281,KOTAKBANK,OPTSTK,2021-11-25,1980.0,CE,90.0,90.0,90.0,90.0,90.0,1,8.28,4400,0,2021-10-11,1984.35,45.0,31.646728515625,0.530015634532957,-0.9746370886160973,0.0018041456691468892,2.7717663749079122,64.8,-25.200000000000003
567,60223,KOTAKBANK,OPTSTK,2021-10-28,1980.0,PE,56.45,58.95,42.55,56.0,56.0,1969,16005.35,199200,34400,2021-10-11,1977.75,17.0,32.2265625,-0.492649383761871,-1.613692668739692,0.0028998326354614436,1.702494665298216,47.65,-8.350000000000001
574,62363,KOTAKBANK,OPTSTK,2021-10-28,2000.0,CE,48.5,60.0,43.7,56.55,56.55,9917,81500.05,1596400,173600,2021-10-12,1996.1,16.0,35.0494384765625,0.5040262659784904,-1.826059344462009,0.002723397466380133,1.6671850267118808,58.25,1.7000000000000028
576,62421,KOTAKBANK,OPTSTK,2021-10-28,2000.0,PE,71.85,75.1,54.55,58.6,58.6,637,5252.05,410400,11600,2021-10-12,1996.1,16.0,33.935546875,-0.4967872037939912,-1.7680588239718262,0.0028128415996805755,1.6672158717671595,45.4,-13.200000000000003
583,62537,KOTAKBANK,OPTSTK,2021-11-25,2000.0,PE,0.0,0.0,0.0,87.3,103.75,0,0.0,2400,0,2021-10-12,2001.75,44.0,31.829833984375,-0.474815265028704,-1.0008868297064564,0.0017997799667454353,2.7671536413732145,45.4,-41.9
584,62595,KOTAKBANK,OPTSTK,2021-12-30,2000.0,CE,0.0,0.0,0.0,167.1,147.5,0,0.0,0,0,2021-10-12,2000.7,79.0,44.98291015625,0.5423314086303777,-1.0512245639437685,0.0009474565864031561,3.692368513423939,58.25,-108.85
585,62653,KOTAKBANK,OPTSTK,2021-12-30,2000.0,PE,0.0,0.0,0.0,142.5,135.75,0,0.0,0,0,2021-10-12,2000.7,79.0,38.5284423828125,-0.4635178182417506,-0.9017009344922262,0.0011077927841427696,3.697755186524926,45.4,-97.1
582,62479,KOTAKBANK,OPTSTK,2021-11-25,2000.0,CE,79.35,91.0,77.5,88.8,88.8,45,375.26,30800,800,2021-10-12,2001.75,44.0,31.73828125,0.5251305443891384,-0.9980165321966683,0.0018049871421158793,2.767177407670959,58.25,-30.549999999999997
556,64637,KOTAKBANK,OPTSTK,2021-10-28,2020.0,PE,60.9,69.75,52.5,56.75,56.75,587,4878.75,217200,50000,2021-10-13,2011.5,15.0,32.14263916015625,-0.5128176489421458,-1.7420689683583788,0.0030421811100291817,1.625942063759811,52.4,-4.350000000000001
586,64695,KOTAKBANK,OPTSTK,2021-11-25,2020.0,CE,0.0,0.0,0.0,76.05,104.65,0,0.0,4000,0,2021-10-13,2018.35,43.0,27.812957763671875,0.5156231573988587,-0.893120121562617,0.002068928220491945,2.7616023835734906,52.3,-23.75
554,64579,KOTAKBANK,OPTSTK,2021-10-28,2020.0,CE,51.85,56.5,47.55,49.4,49.4,5172,42869.73,465600,-400,2021-10-13,2011.5,15.0,32.8369140625,0.4880085555738418,-1.7798120075676824,0.0029780517892113996,1.6260468363562588,52.3,2.8999999999999986
587,64753,KOTAKBANK,OPTSTK,2021-11-25,2020.0,PE,86.6,86.9,82.3,82.45,106.15,25,210.49,10000,10000,2021-10-13,2018.35,43.0,29.53338623046875,-0.4830011711394809,-0.9482320820108623,0.0019481305505905694,2.7612126295495187,52.4,-30.050000000000004
588,64811,KOTAKBANK,OPTSTK,2021-12-30,2020.0,CE,0.0,0.0,0.0,157.7,144.55,0,0.0,0,0,2021-10-13,2021.05,78.0,42.236328125,0.5399412321927402,-1.004073842247248,0.0010059168594186954,3.7085496382877325,52.3,-105.39999999999999
589,64869,KOTAKBANK,OPTSTK,2021-12-30,2020.0,PE,0.0,0.0,0.0,152.9,138.65,0,0.0,0,0,2021-10-13,2021.05,78.0,41.229248046875,-0.46095703958785594,-0.9803527018597953,0.0010307189630903775,3.709381779562189,52.4,-100.5
61,67115,KOTAKBANK,OPTSTK,2021-12-30,2040.0,PE,0.0,0.0,0.0,163.65,144.2,0,0.0,0,0,2021-10-14,2032.7,77.0,42.942047119140625,-0.467943118130657,-1.0352355749733324,0.000991859106961923,3.712591486464833,61.3,-102.35000000000001
591,66998,KOTAKBANK,OPTSTK,2021-11-25,2020.0,PE,82.45,102.75,82.45,102.75,100.8,2,16.9,10800,800,2021-10-14,2024.2,42.0,38.33770751953125,-0.46772277281458474,-1.2461318861747532,0.0015105244119647196,2.730342662908372,48.45,-54.3
392,66882,KOTAKBANK,OPTSTK,2021-10-28,2020.0,PE,56.1,68.0,49.1,52.4,52.4,691,5748.1,185600,-31600,2021-10-14,2018.9,14.0,32.8369140625,-0.49055186465039646,-1.8493748512721984,0.003071804122393365,1.5769598731799692,48.45,-3.9499999999999957
58,67057,KOTAKBANK,OPTSTK,2021-12-30,2040.0,CE,0.0,0.0,0.0,148.65,138.55,0,0.0,0,0,2021-10-14,2032.7,77.0,40.86875915527344,0.529796356993276,-0.9856879153592693,0.0010426362347196773,3.7142292083937836,42.75,-105.9
390,66824,KOTAKBANK,OPTSTK,2021-10-28,2020.0,CE,50.45,55.4,39.2,52.3,52.3,3655,30228.62,430800,-34800,2021-10-14,2018.9,14.0,33.50830078125,0.5097780260278922,-1.887149730605671,0.0030101961305666874,1.5769284393712433,50.1,-2.1999999999999957
590,66940,KOTAKBANK,OPTSTK,2021-11-25,2020.0,CE,104.65,104.65,78.6,88.15,88.15,127,1069.27,38800,34800,2021-10-14,2024.2,42.0,31.45599365234375,0.5290243660086035,-1.0230913662400993,0.0018421441945709065,2.7320604052119997,50.1,-38.050000000000004
420,69193,KOTAKBANK,OPTSTK,2021-10-28,2020.0,PE,47.25,52.95,36.25,48.45,48.45,1936,16001.09,217600,32000,2021-10-18,2020.1,10.0,36.3616943359375,-0.48766840031569436,-2.424058372955903,0.0032796837884422527,1.3333033112046837,34.2,-14.25
418,69135,KOTAKBANK,OPTSTK,2021-10-28,2020.0,CE,54.3,68.0,48.35,50.1,50.1,3784,31428.07,420400,-10400,2021-10-18,2020.1,10.0,37.53662109375,0.5127090648540259,-2.502310705567471,0.0031769326193690638,1.3332636943095104,57.8,7.699999999999996
592,69251,KOTAKBANK,OPTSTK,2021-11-25,2020.0,CE,100.0,104.95,93.65,94.55,94.55,26,220.45,39200,400,2021-10-18,2026.25,38.0,35.1104736328125,0.5334372612809745,-1.2007221741995584,0.0017318327944779342,2.599078730566715,57.8,-36.75
593,69309,KOTAKBANK,OPTSTK,2021-11-25,2020.0,PE,0.0,0.0,0.0,102.75,98.8,0,0.0,10800,0,2021-10-18,2026.25,38.0,40.67230224609375,-0.4644785516785115,-1.3902968057826084,0.0014943310374601892,2.597899587787074,34.2,-68.55
594,69368,KOTAKBANK,OPTSTK,2021-12-30,2040.0,CE,0.0,0.0,0.0,148.65,130.85,0,0.0,0,0,2021-10-18,2031.1,73.0,42.20771789550781,0.5283870522611404,-1.0449465521861552,0.0010379360177415861,3.6145568684114027,49.8,-98.85000000000001
595,69426,KOTAKBANK,OPTSTK,2021-12-30,2040.0,PE,0.0,0.0,0.0,163.65,143.55,0,0.0,0,0,2021-10-18,2031.1,73.0,43.895721435546875,-0.46975681687173726,-1.086364040335832,0.0009976799561606377,3.6133168496141703,44.6,-119.05000000000001
607,71790,KOTAKBANK,OPTSTK,2021-12-30,2060.0,PE,0.0,0.0,0.0,174.85,141.95,0,0.0,0,0,2021-10-19,2059.55,72.0,47.93739318847656,-0.4580179287405304,-1.2080934179586973,0.0009047526656724853,3.6290136074372765,72.45,-102.39999999999999
606,71732,KOTAKBANK,OPTSTK,2021-12-30,2060.0,CE,0.0,0.0,0.0,140.0,132.95,0,0.0,0,0,2021-10-19,2059.55,72.0,38.4674072265625,0.5335297540943699,-0.9713933573274789,0.0011297633439988027,3.636341868098837,36.45,-103.55
605,71673,KOTAKBANK,OPTSTK,2021-11-25,2040.0,PE,0.0,0.0,0.0,361.9,96.6,0,0.0,0,0,2021-10-19,2049.75,37.0,142.39501953125,-0.4062507838849717,-4.870919180997079,0.0004173903410476993,2.5313246248383,59.2,-302.7
604,71615,KOTAKBANK,OPTSTK,2021-11-25,2040.0,CE,85.95,96.1,81.6,93.6,93.6,33,281.18,51200,4000,2021-10-19,2049.75,37.0,34.149169921875,0.5391198610509536,-1.1956914130027658,0.0017814755947703396,2.591019482014586,43.25,-50.349999999999994
596,71499,KOTAKBANK,OPTSTK,2021-10-28,2040.0,CE,42.85,53.0,32.75,49.8,49.8,6695,55814.62,602800,15600,2021-10-19,2043.35,9.0,37.59765625,0.5228514519961891,-2.669332509974376,0.0033015544630416393,1.2779516058142257,43.25,-6.549999999999997
598,71557,KOTAKBANK,OPTSTK,2021-10-28,2040.0,PE,62.65,70.25,40.2,44.6,44.6,566,4734.51,235600,4400,2021-10-19,2043.35,9.0,36.1328125,-0.47715786442531544,-2.5653359803929083,0.003435405870098381,1.2779533186649208,59.2,14.600000000000001
578,73867,KOTAKBANK,OPTSTK,2021-10-28,2020.0,CE,61.5,63.7,44.55,50.9,50.9,3395,28128.74,423200,21600,2021-10-20,2023.9,8.0,41.015625,0.5247687342605613,-3.0583622170586233,0.0032399254073685667,1.1930525372449639,134.55,83.65
580,73925,KOTAKBANK,OPTSTK,2021-10-28,2020.0,PE,34.95,56.25,33.1,45.6,45.6,1657,13695.22,259200,13600,2021-10-20,2023.9,8.0,39.794921875,-0.4752030846717423,-2.967326477141066,0.0033392949309405608,1.1930472883798584,14.3,-31.3
14,74100,KOTAKBANK,OPTSTK,2021-12-30,2040.0,CE,0.0,0.0,0.0,148.65,130.3,0,0.0,0,0,2021-10-20,2039.65,71.0,41.522979736328125,0.5361069242156828,-1.045117210356232,0.0010636519418927605,3.5740846348930297,117.95,-30.700000000000003
17,74158,KOTAKBANK,OPTSTK,2021-12-30,2040.0,PE,0.0,0.0,0.0,163.65,139.6,0,0.0,0,0,2021-10-20,2039.65,71.0,45.623779296875,-0.46026824550565987,-1.1473354114223155,0.0009672070270602656,3.570980548582659,18.5,-145.15
608,73984,KOTAKBANK,OPTSTK,2021-11-25,2040.0,CE,95.0,99.8,81.85,88.0,88.0,94,799.7,72800,21600,2021-10-20,2032.05,36.0,36.07177734375,0.5088457406165897,-1.2751977652455144,0.001732592939180277,2.5453206317704575,117.95,29.950000000000003
609,74042,KOTAKBANK,OPTSTK,2021-11-25,2040.0,PE,0.0,0.0,0.0,361.9,104.9,0,0.0,0,0,2021-10-20,2032.05,36.0,141.4794921875,-0.41551789097937136,-4.890169938958924,0.00043190780012725035,2.48864503371571,18.5,-343.4
621,76533,KOTAKBANK,OPTSTK,2021-12-30,2160.0,PE,0.0,0.0,0.0,236.3,145.3,0,0.0,0,0,2021-10-21,2159.1,70.0,62.713623046875,-0.4459886020286483,-1.674227812380267,0.0006666043064266595,3.737495656375047,45.4,-190.9
620,76475,KOTAKBANK,OPTSTK,2021-12-30,2160.0,CE,0.0,0.0,0.0,102.45,145.05,0,0.0,0,0,2021-10-21,2159.1,70.0,27.29034423828125,0.5224361975135243,-0.7341399540673518,0.0015436121129613319,3.766152331096514,49.55,-52.900000000000006
614,76416,KOTAKBANK,OPTSTK,2021-11-25,2140.0,PE,0.0,0.0,0.0,447.4,96.7,0,0.0,0,0,2021-10-21,2148.65,35.0,172.54638671875,-0.3917715033447676,-6.300639535887157,0.0003346296354550226,2.5560939055246767,35.4,-412.0
612,76358,KOTAKBANK,OPTSTK,2021-11-25,2140.0,CE,92.35,127.0,91.0,116.75,116.75,137,1232.23,23200,23200,2021-10-21,2148.65,35.0,42.449951171875,0.538403763859835,-1.6022268250218656,0.0014059216319102328,2.6420731863135543,59.55,-57.2
611,76300,KOTAKBANK,OPTSTK,2021-10-28,2140.0,PE,119.15,119.15,54.0,58.85,58.85,613,5413.98,80000,73600,2021-10-21,2141.15,7.0,50.25482177734375,-0.4830432218233105,-4.242451728738055,0.002674792574831154,1.1818631944509124,35.4,-23.450000000000003
610,76242,KOTAKBANK,OPTSTK,2021-10-28,2140.0,CE,19.3,65.8,17.8,60.5,60.5,10585,92576.27,282400,52000,2021-10-21,2141.15,7.0,50.6591796875,0.5170438165852814,-4.276547330276004,0.0026534178747609953,1.18185219328842,59.55,-0.9500000000000028
49,78699,KOTAKBANK,OPTSTK,2021-10-28,2160.0,PE,65.0,74.75,41.1,45.4,45.4,2051,18150.07,88400,68800,2021-10-22,2165.15,6.0,43.3349609375,-0.4718413531730308,-3.989337544364569,0.0033080407201310624,1.104698135102013,51.95,6.550000000000004
46,78636,KOTAKBANK,OPTSTK,2021-10-28,2160.0,CE,56.4,72.9,33.6,49.55,49.55,7077,62613.37,208800,-103200,2021-10-22,2165.15,6.0,42.4346923828125,0.5282908433520183,-3.906368573367723,0.003378142631706412,1.1046721502663521,49.0,-0.5499999999999972
178,78889,KOTAKBANK,OPTSTK,2021-12-30,2180.0,CE,0.0,0.0,0.0,96.0,149.15,0,0.0,0,0,2021-10-22,2180.0,69.0,25.390625,0.5220095460445383,-0.6946681299012121,0.0016551618396076805,3.77557472202308,41.35,-54.65
184,78952,KOTAKBANK,OPTSTK,2021-12-30,2180.0,PE,0.0,0.0,0.0,249.7,141.9,0,0.0,0,0,2021-10-22,2180.0,69.0,66.253662109375,-0.44273772938569944,-1.7966799794800998,0.0006287251372862826,3.742311432671276,63.6,-186.1
622,78763,KOTAKBANK,OPTSTK,2021-11-25,2180.0,CE,100.35,117.0,90.05,92.85,92.85,383,3497.04,107600,104400,2021-10-22,2172.15,34.0,36.525726318359375,0.5093262839374284,-1.4202479078489623,0.0016470609541001172,2.6440776808094797,41.35,-51.49999999999999
623,78826,KOTAKBANK,OPTSTK,2021-11-25,2180.0,PE,120.0,120.0,96.8,101.7,101.7,360,3286.75,105200,105200,2021-10-22,2172.15,34.0,36.895751953125,-0.4903190757085709,-1.4346054059842752,0.0016305081208273734,2.644021667612825,63.6,-38.1
640,81343,KOTAKBANK,OPTSTK,2021-12-30,2160.0,CE,0.0,0.0,0.0,102.45,145.65,0,0.0,0,0,2021-10-25,2169.45,66.0,26.605606079101562,0.5379036828690247,-0.7384453600274142,0.0016180637273078336,3.6636935551783636,69.1,-33.35000000000001
641,81408,KOTAKBANK,OPTSTK,2021-12-30,2160.0,PE,0.0,0.0,0.0,236.3,136.15,0,0.0,0,0,2021-10-25,2169.45,66.0,65.826416015625,-0.43819267459071504,-1.8132482582958878,0.0006490533835987328,3.636059572774611,15.2,-221.10000000000002
632,81213,KOTAKBANK,OPTSTK,2021-11-25,2160.0,CE,75.95,112.0,73.75,98.35,98.35,396,3573.87,49600,21200,2021-10-25,2163.5,31.0,38.4521484375,0.5280936198777104,-1.556150801666252,0.0016414192468385278,2.509127672284114,69.1,-29.25
634,81278,KOTAKBANK,OPTSTK,2021-11-25,2160.0,PE,0.0,0.0,0.0,465.05,96.0,0,0.0,0,0,2021-10-25,2163.5,31.0,188.05694580078125,-0.39089716664091334,-7.342429873155478,0.000323794979980401,2.4207063993152884,15.2,-449.85
626,81148,KOTAKBANK,OPTSTK,2021-10-28,2160.0,PE,48.45,67.6,37.65,51.95,51.95,1972,17436.92,72800,-15600,2021-10-25,2157.0,3.0,64.61334228515625,-0.4977808272949991,-8.401148143412787,0.003157306907599798,0.7801312713095295,15.2,-36.75
624,81083,KOTAKBANK,OPTSTK,2021-10-28,2160.0,CE,29.05,63.85,21.4,49.0,49.0,9399,82587.32,242000,33200,2021-10-25,2157.0,3.0,64.697265625,0.5022466273067906,-8.412056773485066,0.003153210129813531,0.7801309708119584,69.1,20.099999999999994
642,83663,KOTAKBANK,OPTSTK,2021-10-28,2220.0,CE,29.7,62.75,16.05,32.3,32.3,12657,114409.9,195600,83600,2021-10-26,2217.1,2.0,51.513671875,0.49393084830332573,-8.430943312914621,0.004718277184556202,0.6546567546862235,5.7,-26.599999999999998
650,83793,KOTAKBANK,OPTSTK,2021-11-25,2220.0,CE,54.25,101.25,52.4,81.75,81.75,1271,11714.98,115200,107600,2021-10-26,2221.95,30.0,31.80694580078125,0.5220193004033632,-1.345138711483471,0.001965972460949173,2.537443336889827,5.7,-76.05
651,83858,KOTAKBANK,OPTSTK,2021-11-25,2220.0,PE,0.0,0.0,0.0,519.05,99.1,0,0.0,0,0,2021-10-26,2221.95,30.0,207.7484130859375,-0.3823661685616496,-8.413882834030955,0.0002882539891856224,2.4300208244335777,36.75,-482.29999999999995
652,83923,KOTAKBANK,OPTSTK,2021-12-30,2220.0,CE,0.0,0.0,0.0,84.1,146.9,0,0.0,0,0,2021-10-26,2229.7,65.0,21.148681640625,0.5372369023810841,-0.6080080816040754,0.0019960561086695056,3.737398479567538,5.7,-78.39999999999999
654,83988,KOTAKBANK,OPTSTK,2021-12-30,2220.0,PE,0.0,0.0,0.0,277.4,140.7,0,0.0,0,0,2021-10-26,2229.7,65.0,75.6683349609375,-0.43120271118227205,-2.1523606078069903,0.0005519715226206515,3.69780673989132,36.75,-240.64999999999998
644,83728,KOTAKBANK,OPTSTK,2021-10-28,2220.0,PE,96.05,109.35,30.7,37.25,37.25,1684,15245.42,55200,54800,2021-10-26,2217.1,2.0,54.6112060546875,-0.5048362212046351,-8.938276328173536,0.00445084568843683,0.654684411783382,36.75,-0.5
278,86238,KOTAKBANK,OPTSTK,2021-10-28,2180.0,CE,43.1,73.55,13.0,20.55,20.55,706,6257.61,51200,-34800,2021-10-27,2189.4,1.0,33.75244140625,0.5996254360754796,-7.473651746620585,0.00999068130558929,0.4428510315248884,0.3,-20.25
283,86305,KOTAKBANK,OPTSTK,2021-10-28,2180.0,PE,19.95,19.95,4.75,13.1,13.1,2321,20345.04,72400,-20400,2021-10-27,2189.4,1.0,38.0859375,-0.4106781509089094,-8.486955516521027,0.00891036013931713,0.4456739717393606,83.35,70.25
4,86373,KOTAKBANK,OPTSTK,2021-11-25,2200.0,CE,82.05,112.95,65.55,72.05,72.05,2876,26301.83,546800,39600,2021-10-27,2193.9,29.0,30.391693115234375,0.5041573616246054,-1.2926554455512638,0.0021225708395355104,2.466924615147264,0.3,-71.75
661,86574,KOTAKBANK,OPTSTK,2021-12-30,2200.0,PE,0.0,0.0,0.0,263.4,139.55,0,0.0,0,0,2021-10-27,2199.05,64.0,71.83837890625,-0.44078790221801756,-2.0389952342287794,0.0005964249675316486,3.633035627403018,101.2,-162.2
660,86507,KOTAKBANK,OPTSTK,2021-12-30,2200.0,CE,125.3,136.0,109.0,113.0,142.55,8,74.17,3600,800,2021-10-27,2199.05,64.0,30.914306640625,0.524475153006706,-0.885563956045266,0.0013987933626631011,3.666657890519727,0.3,-112.7
6,86440,KOTAKBANK,OPTSTK,2021-11-25,2200.0,PE,68.0,81.75,57.15,77.8,77.8,1934,17565.3,194800,8800,2021-10-27,2193.9,29.0,30.242919921875,-0.49598988725771914,-1.2863325084943897,0.002133020405549031,2.46693393645203,101.2,23.400000000000006
663,89171,KOTAKBANK,OPTSTK,2021-12-30,2120.0,PE,0.0,0.0,0.0,210.65,139.4,0,0.0,0,0,2021-10-28,2115.2,63.0,59.482574462890625,-0.4544646360234608,-1.6442324316918968,0.0007582347439145463,3.482924003607614,110.85,-99.80000000000001
122,89036,KOTAKBANK,OPTSTK,2021-11-25,2100.0,PE,38.9,65.0,36.45,61.3,61.3,1626,13975.87,167200,-50000,2021-10-28,2107.25,28.0,27.89306640625,-0.4668308988838409,-1.15574601349532,0.0024420841092609984,2.320353589422341,97.45,36.150000000000006
630,88902,KOTAKBANK,OPTSTK,2021-10-28,2100.0,PE,1.1,13.0,0.05,5.05,2098.5,2794,23498.19,58400,-273200,2021-10-28,2097.0,1e-07,500.0,-1.0,-5.572455845652601e-60,3.7002632844262594e-65,2.2289823382610406e-69,97.45,92.4
120,88969,KOTAKBANK,OPTSTK,2021-11-25,2100.0,CE,119.3,128.7,67.35,70.3,70.3,463,4046.88,209200,50400,2021-10-28,2107.25,28.0,28.6865234375,0.5331153898202713,-1.188636170757294,0.0023745637835547156,2.320379662158511,39.35,-30.949999999999996
628,88835,KOTAKBANK,OPTSTK,2021-10-28,2100.0,CE,71.3,83.75,0.1,3.0,2098.5,792,6751.45,97600,-107600,2021-10-28,2097.0,1e-07,500.0,3.705300163180827e-67,-5.572455845652601e-60,3.7002632844262594e-65,2.2289823382610406e-69,39.35,36.35
662,89104,KOTAKBANK,OPTSTK,2021-12-30,2120.0,CE,0.0,0.0,0.0,116.4,131.95,0,0.0,0,0,2021-10-28,2115.2,63.0,33.87451171875,0.5216360601343695,-0.9411276374171468,0.0013382043093240323,3.5006285344896564,33.55,-82.85000000000001
668,91562,KOTAKBANK,OPTSTK,2022-01-27,2120.0,CE,0.0,0.0,0.0,162.1,127.8,0,0.0,0,0,2021-10-29,2118.8,90.0,38.818359375,0.5372236102638628,-0.9012463957341188,0.0009725504066689309,4.179062532370132,40.8,-121.3
672,91626,KOTAKBANK,OPTSTK,2022-01-27,2120.0,PE,0.0,0.0,0.0,163.3,196.55,0,0.0,0,0,2021-10-29,2118.8,90.0,38.818359375,-0.46277638973613716,-0.9012463957341188,0.0009725504066689309,4.179062532370132,75.6,-87.70000000000002
667,91495,KOTAKBANK,OPTSTK,2021-12-30,2060.0,PE,0.0,0.0,0.0,174.85,138.85,0,0.0,0,0,2021-10-29,2052.3,62.0,50.662994384765625,-0.46554736963470994,-1.37355470658494,0.0009274818545142918,3.36183807698007,43.05,-131.8
666,91428,KOTAKBANK,OPTSTK,2021-12-30,2060.0,CE,0.0,0.0,0.0,140.0,123.45,0,0.0,0,0,2021-10-29,2052.3,62.0,42.6025390625,0.5264957599148958,-1.1567909543005368,0.0011046509925383195,3.366984257037592,68.5,-71.5
665,91360,KOTAKBANK,OPTSTK,2021-11-25,2040.0,PE,56.45,71.75,43.45,60.25,60.25,921,7724.75,63200,27600,2021-10-29,2041.9,27.0,27.64129638671875,-0.4800722265868091,-1.1326673079985763,0.002595610199578833,2.2127773522703356,33.0,-27.25
664,91293,KOTAKBANK,OPTSTK,2021-11-25,2040.0,CE,88.95,91.6,56.4,62.8,62.8,875,7367.72,76000,44400,2021-10-29,2041.9,27.0,27.9541015625,0.5200420530598836,-1.1454687726813688,0.002566528543198853,2.2127455459978673,80.3,17.5
412,93803,KOTAKBANK,OPTSTK,2021-11-25,2080.0,PE,72.9,80.75,48.0,51.45,51.45,287,2457.49,62400,15200,2021-11-01,2085.85,24.0,25.4974365234375,-0.4698499289962429,-1.1302252052329633,0.0029169478342304517,2.127696633397414,51.8,0.3499999999999943
30,93871,KOTAKBANK,OPTSTK,2021-12-30,2100.0,CE,81.3,82.1,81.3,82.1,125.45,2,17.45,1600,800,2021-11-01,2093.25,59.0,25.421142578125,0.507819934707327,-0.72316992122622,0.0018643647443833792,3.356814133843232,43.7,-38.39999999999999
32,93938,KOTAKBANK,OPTSTK,2021-12-30,2100.0,PE,0.0,0.0,0.0,198.3,135.75,0,0.0,0,0,2021-11-01,2093.25,59.0,58.0902099609375,-0.4589850968877398,-1.6441005331480705,0.0008117141899792489,3.3396998055598237,62.95,-135.35000000000002
676,94003,KOTAKBANK,OPTSTK,2022-01-27,2120.0,CE,0.0,0.0,0.0,162.1,147.25,0,0.0,0,0,2021-11-01,2118.8,87.0,39.4744873046875,0.5372161346504273,-0.9321488212716078,0.0009727364505539972,4.108828409837247,35.85,-126.25
680,94067,KOTAKBANK,OPTSTK,2022-01-27,2120.0,PE,0.0,0.0,0.0,163.3,171.2,0,0.0,0,0,2021-11-01,2118.8,87.0,39.4744873046875,-0.4627838653495727,-0.9321488212716078,0.0009727364505539972,4.108828409837247,78.45,-84.85000000000001
410,93736,KOTAKBANK,OPTSTK,2021-11-25,2080.0,CE,53.9,62.0,43.6,57.95,57.95,1253,10697.65,118400,5600,2021-11-01,2085.85,24.0,25.806427001953125,0.5301030627864791,-1.1439320480107735,0.002882047815872099,2.1277156384477958,52.0,-5.950000000000003
702,96317,KOTAKBANK,OPTSTK,2021-12-30,2080.0,CE,0.0,0.0,0.0,131.75,133.25,0,0.0,0,0,2021-11-02,2086.55,58.0,38.81072998046875,0.5389058517566758,-1.1049139716236747,0.001229957514946791,3.3024377735962975,39.6,-92.15
704,96384,KOTAKBANK,OPTSTK,2021-12-30,2080.0,PE,0.0,0.0,0.0,186.4,123.9,0,0.0,0,0,2021-11-02,2086.55,58.0,57.373046875,-0.44903498883005394,-1.6277700746724655,0.000829167935373217,3.291115583827986,74.8,-111.60000000000001
701,96250,KOTAKBANK,OPTSTK,2021-11-25,2080.0,PE,49.6,61.45,43.5,51.8,51.8,496,4227.9,77600,15200,2021-11-02,2079.3,23.0,24.71923828125,-0.4897876640280401,-1.1186124097829635,0.0030909929761509694,2.081624452362142,74.8,23.0
684,96450,KOTAKBANK,OPTSTK,2022-01-27,2120.0,CE,0.0,0.0,0.0,162.1,145.9,0,0.0,0,0,2021-11-02,2118.8,86.0,39.703369140625,0.5372161766831194,-0.9429887566606314,0.0009727354043064824,4.085146164073757,27.95,-134.15
688,96514,KOTAKBANK,OPTSTK,2022-01-27,2120.0,PE,0.0,0.0,0.0,163.3,170.05,0,0.0,0,0,2021-11-02,2118.8,86.0,39.703369140625,-0.4627838233168806,-0.9429887566606314,0.0009727354043064824,4.085146164073757,102.75,-60.55000000000001
700,96183,KOTAKBANK,OPTSTK,2021-11-25,2080.0,CE,58.75,60.9,47.0,52.0,52.0,1049,8954.87,138000,19600,2021-11-02,2079.3,23.0,25.146484375,0.510462951418959,-1.137927919444616,0.00303842662219585,2.081590552136668,39.6,-12.399999999999999
711,98832,KOTAKBANK,OPTSTK,2021-12-30,2060.0,PE,0.0,0.0,0.0,174.85,130.6,0,0.0,0,0,2021-11-03,2054.25,57.0,53.119659423828125,-0.46349101602794074,-1.5027305204104875,0.0009212697516131765,3.2250071100785274,51.35,-123.5
714,98960,KOTAKBANK,OPTSTK,2022-01-27,2060.0,PE,0.0,0.0,0.0,132.95,155.0,0,0.0,0,0,2021-11-03,2062.0,85.0,33.79631042480469,-0.465138642584279,-0.786175935195222,0.0011817529718438015,3.954570996161043,51.35,-81.6
80,98630,KOTAKBANK,OPTSTK,2021-11-25,2040.0,CE,79.75,96.0,51.0,55.9,55.9,580,4878.87,110400,30000,2021-11-03,2044.25,22.0,26.85546875,0.5257264263427499,-1.219508343586887,0.002953752817427753,1.998042470132756,59.9,4.0
83,98697,KOTAKBANK,OPTSTK,2021-11-25,2040.0,PE,27.55,59.05,23.15,50.65,50.65,1464,12219.82,156400,50800,2021-11-03,2044.25,22.0,26.37481689453125,-0.47427945647597614,-1.1976830577836088,0.00300758456194049,1.9980443751784147,41.25,-9.399999999999999
712,98896,KOTAKBANK,OPTSTK,2022-01-27,2060.0,CE,0.0,0.0,0.0,191.2,151.0,0,0.0,0,0,2021-11-03,2062.0,85.0,48.03466796875,0.5477930865747199,-1.113617755151437,0.0008286518392998841,3.9412163418909705,50.6,-140.6
710,98765,KOTAKBANK,OPTSTK,2021-12-30,2060.0,CE,0.0,0.0,0.0,140.0,120.6,0,0.0,0,0,2021-11-03,2054.25,57.0,44.097900390625,0.5283379162039402,-1.249596861399635,0.0011116046895713583,3.23040419016964,50.6,-89.4
716,101345,KOTAKBANK,OPTSTK,2022-01-27,2060.0,CE,0.0,0.0,0.0,191.2,160.3,0,0.0,0,0,2021-11-04,2062.0,84.0,48.33984375,0.5478114938472533,-1.127337597764164,0.0008283026389438101,3.9179422549204976,85.7,-105.49999999999999
718,101409,KOTAKBANK,OPTSTK,2022-01-27,2060.0,PE,0.0,0.0,0.0,132.95,145.05,0,0.0,0,0,2021-11-04,2062.0,84.0,33.99658203125,-0.46513890922380074,-0.7955281586733426,0.0011817635296223284,3.9312402209807527,23.7,-109.24999999999999
708,101281,KOTAKBANK,OPTSTK,2021-12-30,2060.0,PE,0.0,0.0,0.0,174.85,120.25,0,0.0,0,0,2021-11-04,2066.55,56.0,55.34934997558594,-0.4510365169525972,-1.5838372317723612,0.0008837237429048275,3.204911530790323,23.7,-151.15
706,101214,KOTAKBANK,OPTSTK,2021-12-30,2060.0,CE,0.0,0.0,0.0,140.0,129.45,0,0.0,0,0,2021-11-04,2066.55,56.0,42.449951171875,0.5407127235884065,-1.2175683811016529,0.0011549681194024184,3.2124338172086,85.7,-54.3
692,101080,KOTAKBANK,OPTSTK,2021-11-25,2060.0,CE,49.75,52.0,48.0,50.6,50.6,267,2253.91,130000,-12000,2021-11-04,2058.8,21.0,26.0009765625,0.5087123381681352,-1.2193383429637679,0.0031062717862200967,1.9696264208144874,85.7,35.1
696,101147,KOTAKBANK,OPTSTK,2021-11-25,2060.0,PE,53.15,55.0,48.2,51.35,51.35,95,802.31,88400,4800,2021-11-04,2058.8,21.0,25.7568359375,-0.4914397672052266,-1.2078991294194796,0.003135741010297452,1.9696426827705398,23.7,-27.650000000000002
508,103544,KOTAKBANK,OPTSTK,2021-11-25,2120.0,CE,28.0,55.75,28.0,52.6,52.6,2970,25739.2,257600,57200,2021-11-08,2122.65,17.0,28.076171875,0.5203025438435839,-1.5071712002523003,0.0030977964812999143,1.825171217669012,40.15,-12.450000000000003
511,103611,KOTAKBANK,OPTSTK,2021-11-25,2120.0,PE,69.7,76.2,46.0,48.05,48.05,439,3818.06,82800,25200,2021-11-08,2122.65,17.0,27.03094482421875,-0.47982920065759627,-1.4510861869420697,0.003217635434718269,1.8252018446586546,57.95,9.900000000000006
723,103874,KOTAKBANK,OPTSTK,2022-01-27,2140.0,PE,0.0,0.0,0.0,174.2,156.0,0,0.0,0,0,2021-11-08,2142.55,80.0,43.9453125,-0.456737444624845,-1.0926183061390278,0.0008997136035719396,3.978101850618184,69.5,-104.69999999999999
721,103746,KOTAKBANK,OPTSTK,2021-12-30,2140.0,PE,0.0,0.0,0.0,223.3,129.5,0,0.0,0,0,2021-11-08,2130.65,52.0,68.17626953125,-0.4555511246986861,-2.090116520798315,0.0007231071598386309,3.188383871068037,69.5,-153.8
720,103679,KOTAKBANK,OPTSTK,2021-12-30,2140.0,CE,0.0,0.0,0.0,109.25,120.15,0,0.0,0,0,2021-11-08,2130.65,52.0,35.43853759765625,0.5136193821288262,-1.0926138449534302,0.0013989872181254756,3.2064483350089437,32.95,-76.3
722,103810,KOTAKBANK,OPTSTK,2022-01-27,2140.0,CE,0.0,0.0,0.0,153.2,152.9,0,0.0,0,0,2021-11-08,2142.55,80.0,38.0401611328125,0.53813337214072,-0.9470477532374024,0.001040754053528643,3.9833595864366718,32.95,-120.24999999999999
726,106270,KOTAKBANK,OPTSTK,2022-01-27,2120.0,CE,0.0,0.0,0.0,162.1,149.15,0,0.0,0,0,2021-11-09,2116.0,79.0,41.80908203125,0.534880671001405,-1.0352426602182132,0.0009655892655687292,3.912268157244382,30.95,-131.15
727,106334,KOTAKBANK,OPTSTK,2022-01-27,2120.0,PE,0.0,0.0,0.0,163.3,154.3,0,0.0,0,0,2021-11-09,2116.0,79.0,41.0919189453125,-0.4658497127860875,-1.0176468351122714,0.000982597769833008,3.9128910032584527,72.75,-90.55000000000001
724,106138,KOTAKBANK,OPTSTK,2021-12-30,2100.0,CE,104.45,110.35,90.35,94.9,125.9,40,351.93,43200,-400,2021-11-09,2109.1,51.0,28.778076171875,0.5374383140712977,-0.8834653009388085,0.001750630529730903,3.131323308672973,37.8,-57.10000000000001
725,106205,KOTAKBANK,OPTSTK,2021-12-30,2100.0,PE,85.75,90.4,85.75,90.4,117.35,15,131.17,6400,6000,2021-11-09,2109.1,51.0,30.242919921875,-0.46224758026045526,-0.9283656073867174,0.0016657127911005967,3.131089597104431,60.1,-30.300000000000004
450,106004,KOTAKBANK,OPTSTK,2021-11-25,2100.0,CE,65.9,65.9,43.3,48.45,48.45,4569,39304.33,737600,153600,2021-11-09,2100.25,16.0,27.54974365234375,0.5123270183956696,-1.5095754063166353,0.0032915507902786904,1.7534251357007722,37.8,-10.650000000000006
452,106071,KOTAKBANK,OPTSTK,2021-11-25,2100.0,PE,36.35,55.0,36.2,47.05,47.05,1698,14578.59,217600,17600,2021-11-09,2100.25,16.0,26.897430419921875,-0.48792532302501224,-1.4738607344249404,0.0033714423413809193,1.7534590763980893,60.1,13.050000000000004
616,108729,KOTAKBANK,OPTSTK,2022-01-27,2080.0,CE,0.0,0.0,0.0,181.1,155.0,0,0.0,0,0,2021-11-10,2088.65,78.0,46.0662841796875,0.5501200147187244,-1.1284691691458548,0.0008898460007046742,3.8214758043015133,34.05,-147.05
729,108531,KOTAKBANK,OPTSTK,2021-11-25,2080.0,PE,48.1,55.9,40.0,47.4,47.4,689,5863.65,200400,59600,2021-11-10,2076.45,15.0,27.16064453125,-0.5013937908032192,-1.520361654223346,0.003489367151579584,1.679299236592942,57.95,10.550000000000004
728,108464,KOTAKBANK,OPTSTK,2021-11-25,2080.0,CE,45.0,51.75,42.1,45.05,45.05,1865,15861.26,219600,73200,2021-11-10,2076.45,15.0,27.851104736328125,0.49919224212563523,-1.559017616462563,0.0034028756087371077,1.679306043213103,34.05,-11.0
618,108793,KOTAKBANK,OPTSTK,2022-01-27,2080.0,PE,0.0,0.0,0.0,142.7,141.85,0,0.0,0,0,2021-11-10,2088.65,78.0,38.299560546875,-0.455425702555489,-0.9397744209636735,0.0010720808977364576,3.827845739663326,57.95,-84.74999999999999
730,108598,KOTAKBANK,OPTSTK,2021-12-30,2080.0,CE,0.0,0.0,0.0,131.75,122.55,0,0.0,0,0,2021-11-10,2083.95,50.0,42.255401611328125,0.5359868139054704,-1.2949303748504948,0.0012190744275216094,3.0645321674172434,34.05,-97.7
731,108665,KOTAKBANK,OPTSTK,2021-12-30,2080.0,PE,0.0,0.0,0.0,75.85,115.5,0,0.0,2000,0,2021-11-10,2083.95,50.0,25.320053100585938,-0.4732502924346284,-0.7773610950803431,0.0020381767718286297,3.070140066421717,57.95,-17.89999999999999
86,110926,KOTAKBANK,OPTSTK,2021-11-25,2060.0,CE,48.6,55.0,40.0,42.1,42.1,1588,13377.53,187200,104000,2021-11-11,2055.75,14.0,27.4658203125,0.49541299753277745,-1.5754469542969491,0.003607454799909343,1.606087647061409,46.2,4.100000000000001
646,111060,KOTAKBANK,OPTSTK,2021-12-30,2060.0,CE,0.0,0.0,0.0,140.0,118.8,0,0.0,0,0,2021-11-11,2062.9,49.0,46.0205078125,0.5369099134688858,-1.4099415537992188,0.0011419965857585904,3.0024499693763222,46.2,-93.8
648,111127,KOTAKBANK,OPTSTK,2021-12-30,2060.0,PE,79.45,79.45,79.45,79.45,114.05,5,42.78,4000,2000,2021-11-11,2062.9,49.0,26.85546875,-0.4746859114603362,-0.8246526121224603,0.001961426655364281,3.0092923247895684,31.75,-47.7
89,110993,KOTAKBANK,OPTSTK,2021-11-25,2060.0,PE,50.5,50.5,37.85,45.55,45.55,1430,12035.84,164400,29200,2021-11-11,2055.75,14.0,26.9927978515625,-0.5050401730521784,-1.5482930336489025,0.0036706216128009287,1.6060656320463567,31.75,-13.799999999999997
734,111255,KOTAKBANK,OPTSTK,2022-01-27,2060.0,PE,0.0,0.0,0.0,132.95,140.3,0,0.0,0,0,2021-11-11,2068.05,77.0,36.24916076660156,-0.45752462081177286,-0.8869035001075534,0.00115207631165967,3.7678979631000207,31.75,-101.19999999999999
732,111191,KOTAKBANK,OPTSTK,2022-01-27,2060.0,CE,0.0,0.0,0.0,191.2,151.1,0,0.0,0,0,2021-11-11,2068.05,77.0,49.591064453125,0.5521161046500183,-1.2098338623722578,0.0008396913242520977,3.757015842671371,46.2,-145.0
736,113662,KOTAKBANK,OPTSTK,2022-01-27,2060.0,CE,0.0,0.0,0.0,191.2,161.2,0,0.0,0,0,2021-11-12,2068.05,76.0,49.9267578125,0.5521241577660633,-1.226007361468097,0.0008395124477437851,3.732529952034941,56.55,-134.64999999999998
364,113532,KOTAKBANK,OPTSTK,2021-12-30,2080.0,CE,84.6,84.6,83.7,83.95,118.7,18,155.8,8400,6400,2021-11-12,2081.5,48.0,27.64892578125,0.5228559277009632,-0.8658729551543419,0.001908392403976872,3.006402648423574,44.9,-39.050000000000004
367,113599,KOTAKBANK,OPTSTK,2021-12-30,2080.0,PE,0.0,0.0,0.0,75.85,113.55,0,0.0,2000,0,2021-11-12,2081.5,48.0,25.455474853515625,-0.4784814947969559,-0.797330275048014,0.0020732223339878612,3.006964389589377,28.6,-47.24999999999999
740,113398,KOTAKBANK,OPTSTK,2021-11-25,2080.0,CE,37.75,42.8,32.0,36.95,36.95,3606,30531.23,280000,62000,2021-11-12,2074.6,13.0,25.3143310546875,0.4878237604473694,-1.5200589973891034,0.004023292860468324,1.5612316140899332,44.9,7.949999999999996
738,113726,KOTAKBANK,OPTSTK,2022-01-27,2060.0,PE,0.0,0.0,0.0,132.95,130.05,0,0.0,0,0,2021-11-12,2068.05,76.0,36.487579345703125,-0.4575241547431537,-0.8985908187379719,0.0011520535404516395,3.7433506661015707,19.9,-113.04999999999998
741,113465,KOTAKBANK,OPTSTK,2021-11-25,2080.0,PE,52.45,56.55,38.7,42.25,42.25,599,5098.66,150800,-43200,2021-11-12,2074.6,13.0,25.2532958984375,-0.5122516464324152,-1.5163852160955598,0.004032993477897224,1.5612225737601233,28.6,-13.649999999999999
442,116136,KOTAKBANK,OPTSTK,2022-01-27,2120.0,CE,0.0,0.0,0.0,162.1,141.6,0,0.0,0,0,2021-11-15,2114.0,73.0,43.7774658203125,0.5332383602533528,-1.126981956137431,0.0009605691214201972,3.758540210423043,19.25,-142.85
742,116004,KOTAKBANK,OPTSTK,2021-12-30,2100.0,CE,80.35,89.75,79.0,82.7,82.7,151,1319.3,103200,15600,2021-11-15,2103.7,45.0,27.4658203125,0.5264993864878045,-0.8973136240428152,0.001962069374495898,2.940317283263497,25.35,-57.35
743,116071,KOTAKBANK,OPTSTK,2021-12-30,2100.0,PE,79.65,84.3,78.0,79.5,79.5,29,252.9,19200,7200,2021-11-15,2103.7,45.0,27.64892578125,-0.47342077136710214,-0.9032836530785074,0.0019490495113927116,2.940278020934755,43.95,-35.55
638,115937,KOTAKBANK,OPTSTK,2021-11-25,2100.0,PE,46.15,49.65,34.95,38.95,38.95,1103,9446.18,252000,19200,2021-11-15,2096.5,10.0,26.83258056640625,-0.506123740942379,-1.8571191926214428,0.004283985782755423,1.3842270504138627,43.95,5.0
444,116200,KOTAKBANK,OPTSTK,2022-01-27,2120.0,PE,0.0,0.0,0.0,163.3,148.05,0,0.0,0,0,2021-11-15,2114.0,73.0,42.510986328125,-0.46805912820859935,-1.0946705305618034,0.0009894502394111044,3.7595433855244647,57.4,-105.9
636,115870,KOTAKBANK,OPTSTK,2021-11-25,2100.0,CE,36.8,41.0,30.5,35.8,35.8,8398,71753.46,1194400,112400,2021-11-15,2096.5,10.0,27.099609375,0.4941120350753901,-1.8756173078491223,0.004241810830858025,1.3842393680991,25.35,-10.449999999999996
754,118606,KOTAKBANK,OPTSTK,2022-01-27,2100.0,CE,0.0,0.0,0.0,100.0,141.75,0,0.0,400,0,2021-11-16,2092.9,72.0,27.89306640625,0.5138025076725226,-0.7178804038183302,0.0015377490982978084,3.7061102083303528,14.6,-85.4
755,118670,KOTAKBANK,OPTSTK,2022-01-27,2100.0,PE,0.0,0.0,0.0,152.8,143.0,0,0.0,0,0,2021-11-16,2092.9,72.0,40.22216796875,-0.47195216751467284,-1.0332519698906837,0.0010643910043722545,3.6991612132856,65.05,-87.75000000000001
746,118474,KOTAKBANK,OPTSTK,2021-12-30,2080.0,CE,85.0,85.0,85.0,85.0,85.0,1,8.66,8800,400,2021-11-16,2089.0,44.0,27.862548828125,0.5370485405596686,-0.9121965872297295,0.0019655891134428834,2.8810465320813283,19.3,-65.7
745,118407,KOTAKBANK,OPTSTK,2021-11-25,2080.0,PE,25.65,39.85,25.65,31.15,31.15,1047,8850.2,181200,-18400,2021-11-16,2081.05,9.0,24.29962158203125,-0.48711444420163047,-1.759007907953969,0.005021420619429432,1.3029891118380428,49.4,18.25
744,118340,KOTAKBANK,OPTSTK,2021-11-25,2080.0,CE,42.65,42.65,29.45,32.8,32.8,2419,20449.93,224800,-8000,2021-11-16,2081.05,9.0,24.7802734375,0.512933734849427,-1.793794455943334,0.004924003118266079,1.3029840162343853,19.3,-13.499999999999996
748,118541,KOTAKBANK,OPTSTK,2021-12-30,2080.0,PE,0.0,0.0,0.0,71.05,104.85,0,0.0,8400,0,2021-11-16,2089.0,44.0,26.14593505859375,-0.4629712267632914,-0.8560000461269495,0.0020946497389654835,2.881059862282969,49.4,-21.65
293,121146,KOTAKBANK,OPTSTK,2022-01-27,2080.0,PE,0.0,0.0,0.0,142.7,145.25,0,0.0,0,0,2021-11-17,2070.6,71.0,37.811279296875,-0.47758268381946417,-0.9685803937422909,0.0011535153327827874,3.637497023878071,59.05,-83.64999999999999
288,121082,KOTAKBANK,OPTSTK,2022-01-27,2080.0,CE,0.0,0.0,0.0,181.1,133.95,0,0.0,0,0,2021-11-17,2070.6,71.0,50.9796142578125,0.5367607906452923,-1.3024115016653783,0.0008532682258117014,3.6277723150512413,8.75,-172.35
656,120816,KOTAKBANK,OPTSTK,2021-11-25,2060.0,CE,35.0,43.3,25.0,26.1,26.1,2570,21508.02,270400,84000,2021-11-17,2050.3,8.0,25.2685546875,0.4572105930949898,-1.9014230239169894,0.005171374403108272,1.2039773844968487,12.7,-13.400000000000002
658,120883,KOTAKBANK,OPTSTK,2021-11-25,2060.0,PE,28.95,40.0,22.0,36.5,36.5,4060,33895.92,258000,17200,2021-11-17,2050.3,8.0,25.87890625,-0.5414296697263243,-1.9480570702057518,0.005051238537584607,1.2044138505000392,37.9,1.3999999999999986
756,120950,KOTAKBANK,OPTSTK,2021-12-30,2060.0,CE,40.6,40.6,40.0,40.0,109.5,4,33.6,1600,1600,2021-11-17,2058.45,43.0,14.46533203125,0.5038554733001324,-0.4740758775235993,0.0039033119349322935,2.8184991107671395,12.7,-27.3
757,121017,KOTAKBANK,OPTSTK,2021-12-30,2060.0,PE,52.3,73.2,51.0,71.7,71.7,29,246.57,16800,5200,2021-11-17,2058.45,43.0,25.146484375,-0.4862653514506882,-0.8236819153931179,0.002244125768684056,2.816960162997264,37.9,-33.800000000000004
602,123499,KOTAKBANK,OPTSTK,2021-12-30,2040.0,PE,96.95,97.05,66.65,97.05,97.05,12,101.71,1600,800,2021-11-18,2036.65,42.0,34.5916748046875,-0.48218746126190315,-1.133871390925474,0.0016676721480915193,2.7534138597080364,81.25,-15.799999999999997
600,123432,KOTAKBANK,OPTSTK,2021-12-30,2040.0,CE,0.0,0.0,0.0,148.65,102.4,0,0.0,0,0,2021-11-18,2036.65,42.0,54.57305908203125,0.5333456356223985,-1.7843623716205037,0.001054426994580373,2.746528080656449,5.2,-143.45000000000002
526,123298,KOTAKBANK,OPTSTK,2021-11-25,2040.0,CE,34.25,40.15,15.3,20.0,20.0,4934,40680.25,149200,54000,2021-11-18,2030.3,7.0,21.8505859375,0.4433895517824445,-1.7330290309487864,0.0064280921514455825,1.110377840790248,5.2,-14.8
242,123627,KOTAKBANK,OPTSTK,2022-01-27,2040.0,PE,0.0,0.0,0.0,123.65,136.3,0,0.0,0,0,2021-11-18,2041.4,70.0,34.912109375,-0.46774798569073434,-0.8864750223288258,0.0012740338398001256,3.554826830798894,81.25,-42.400000000000006
240,123563,KOTAKBANK,OPTSTK,2022-01-27,2040.0,CE,0.0,0.0,0.0,201.65,135.85,0,0.0,0,0,2021-11-18,2041.4,70.0,56.507110595703125,0.5503329199263792,-1.4280415598368434,0.0007834319594259909,3.5380647898914286,5.2,-196.45000000000002
528,123365,KOTAKBANK,OPTSTK,2021-11-25,2040.0,PE,28.0,43.5,19.3,27.3,27.3,3437,28447.09,129600,-154000,2021-11-18,2030.3,7.0,19.6533203125,-0.5641550399720421,-1.554233312684261,0.007126015772311095,1.1071547215225623,81.25,53.95
760,125912,KOTAKBANK,OPTSTK,2021-12-30,1980.0,CE,60.0,63.7,49.55,60.85,60.85,58,472.92,14400,14400,2021-11-22,1971.2,38.0,25.62713623046875,0.4950034900669645,-0.8555365026925823,0.0024473713298499055,2.537184553899995,16.65,-44.2
759,125844,KOTAKBANK,OPTSTK,2021-11-25,1960.0,PE,4.8,30.05,3.95,21.5,21.5,4522,35747.56,101200,-16000,2021-11-22,1963.75,3.0,32.8369140625,-0.4684796866971759,-3.874923809236812,0.006802819671652357,0.7080306879985421,9.95,-11.55
761,125979,KOTAKBANK,OPTSTK,2021-12-30,1980.0,PE,62.9,75.0,52.8,73.0,106.2,60,489.76,17600,16000,2021-11-22,1971.2,38.0,26.947021484375,-0.5030944862450182,-0.899643058592362,0.0023276097907419706,2.5373072305102413,18.7,-54.3
763,126107,KOTAKBANK,OPTSTK,2022-01-27,1980.0,PE,0.0,0.0,0.0,98.0,133.9,0,0.0,0,0,2021-11-22,1978.15,66.0,28.9306640625,-0.4785023576230145,-0.7344261587850683,0.001636951272178416,3.3509169630602584,18.7,-79.3
762,126043,KOTAKBANK,OPTSTK,2022-01-27,1980.0,CE,0.0,0.0,0.0,235.5,123.4,0,0.0,0,0,2021-11-22,1978.15,66.0,70.6787109375,0.5584986564749045,-1.777488129805114,0.0006637948648123318,3.319647882963699,16.65,-218.85
758,125777,KOTAKBANK,OPTSTK,2021-11-25,1960.0,CE,49.7,50.0,16.0,22.9,22.9,1039,8238.06,54000,50400,2021-11-22,1963.75,3.0,29.541015625,0.5337745692386411,-3.4843720994116674,0.007558300368136427,0.7077018902077781,27.35,4.450000000000003
767,128482,KOTAKBANK,OPTSTK,2021-12-30,1980.0,PE,69.5,78.85,45.6,49.95,49.95,35,287.0,20000,2400,2021-11-23,1984.6,37.0,20.74432373046875,-0.47282987428584244,-0.7050116275400413,0.003036509213522084,2.514946310895437,3.4,-46.550000000000004
764,128281,KOTAKBANK,OPTSTK,2021-11-25,1980.0,CE,7.7,20.25,7.7,16.65,16.65,2846,22686.84,72800,9600,2021-11-23,1979.05,2.0,29.2816162109375,0.4954906605699154,-4.278018972130691,0.009299550236890466,0.58439656353842,31.8,15.150000000000002
768,128546,KOTAKBANK,OPTSTK,2022-01-27,1980.0,CE,0.0,0.0,0.0,235.5,136.95,0,0.0,0,0,2021-11-23,1986.4,65.0,69.82421875,0.5628820961674874,-1.7738203214962989,0.0006731113330014492,3.3025309258403808,31.8,-203.7
769,128610,KOTAKBANK,OPTSTK,2022-01-27,1980.0,PE,0.0,0.0,0.0,98.0,120.1,0,0.0,0,0,2021-11-23,1986.4,65.0,30.33447265625,-0.46445549003521086,-0.777233961319599,0.0015626737505758338,3.3308775832874047,3.4,-94.6
765,128348,KOTAKBANK,OPTSTK,2021-11-25,1980.0,PE,21.05,52.45,14.7,18.7,18.7,497,3997.32,51200,-26400,2021-11-23,1979.05,2.0,31.25,-0.5036623654093865,-4.565697433550947,0.008713977036150844,0.5844092714945213,3.4,-15.299999999999999
766,128415,KOTAKBANK,OPTSTK,2021-12-30,1980.0,CE,55.1,58.75,44.65,54.8,54.8,218,1772.12,48000,33600,2021-11-23,1984.6,37.0,20.843505859375,0.527166426572625,-0.7083828563638079,0.003022062145389446,2.5149479038980456,31.8,-22.999999999999996
770,130920,KOTAKBANK,OPTSTK,2021-12-30,2020.0,CE,40.0,59.0,32.3,48.7,48.7,980,8123.55,82400,75600,2021-11-24,2014.7,36.0,20.294189453125,0.4962685120117919,-0.7114518060601587,0.0031067345894525127,2.5240983462112903,12.15,-36.550000000000004
771,130987,KOTAKBANK,OPTSTK,2021-12-30,2020.0,PE,47.4,54.05,47.4,52.0,52.0,31,256.89,5200,3600,2021-11-24,2014.7,36.0,19.500732421875,-0.5048975939813314,-0.6836140327313505,0.003233040982850699,2.524018549244044,0.45,-51.55
517,131115,KOTAKBANK,OPTSTK,2022-01-27,2020.0,PE,0.0,0.0,0.0,114.7,126.75,0,0.0,0,0,2021-11-24,2022.65,64.0,34.393310546875,-0.467676326867313,-0.9049190168876934,0.0013650329517598326,3.367795432305341,0.45,-114.25
315,130852,KOTAKBANK,OPTSTK,2021-11-25,2000.0,PE,31.2,36.4,5.4,8.2,8.2,1293,10393.5,124000,-16800,2021-11-24,2007.55,1.0,27.587890625,-0.3942913361067961,-5.578333531042171,0.013275705362472585,0.40440449810882706,0.15,-8.049999999999999
514,131051,KOTAKBANK,OPTSTK,2022-01-27,2020.0,CE,0.0,0.0,0.0,212.55,132.1,0,0.0,0,0,2021-11-24,2022.65,64.0,62.732696533203125,0.5542213769073959,-1.6406737838205565,0.0007439019709290363,3.347636175943421,12.15,-200.4
312,130785,KOTAKBANK,OPTSTK,2021-11-25,2000.0,CE,8.5,26.95,5.65,15.55,15.55,2691,21686.06,84400,-136400,2021-11-24,2007.55,1.0,27.191162109375,0.6071331647749861,-5.49261937200735,0.01345594133491743,0.4040003402512611,33.35,17.8
775,133619,KOTAKBANK,OPTSTK,2022-01-27,2040.0,PE,0.0,0.0,0.0,123.65,125.15,0,0.0,0,0,2021-11-25,2043.05,63.0,37.029266357421875,-0.4654823252139642,-0.991420245185289,0.0012645396089077604,3.3735194666720316,100.5,-23.150000000000006
772,133424,KOTAKBANK,OPTSTK,2021-12-30,2040.0,CE,41.95,60.55,41.95,51.35,51.35,2475,20706.35,136000,84800,2021-11-25,2035.3,35.0,21.32415771484375,0.4992362436141437,-0.7659477388253484,0.002968392744999113,2.5143474567556794,34.3,-17.050000000000004
773,133491,KOTAKBANK,OPTSTK,2021-12-30,2040.0,PE,102.15,102.15,47.7,55.3,55.3,545,4570.42,62800,61200,2021-11-25,2035.3,35.0,21.026611328125,-0.501144744358067,-0.7552583707111908,0.0030103914260338487,2.5143417132111767,100.5,45.2
774,133555,KOTAKBANK,OPTSTK,2022-01-27,2040.0,CE,0.0,0.0,0.0,201.65,134.1,0,0.0,0,0,2021-11-25,2043.05,63.0,59.291839599609375,0.5514123104916253,-1.58019549572026,0.0007861145576865192,3.358044442629581,34.3,-167.35000000000002
479,133357,KOTAKBANK,OPTSTK,2021-11-25,2040.0,PE,27.15,38.35,0.05,17.8,2035.1,220,1808.33,53600,-8400,2021-11-25,2031.55,1e-07,500.0,-1.0,-0.0,0.0,0.0,100.5,82.7
476,133290,KOTAKBANK,OPTSTK,2021-11-25,2040.0,CE,2.6,13.0,0.05,0.65,2035.1,1435,11736.99,108000,-36800,2021-11-25,2031.55,1e-07,500.0,0.0,0.0,0.0,0.0,34.3,33.65
777,135731,KOTAKBANK,OPTSTK,2021-12-30,1980.0,PE,42.95,70.0,41.4,66.05,66.05,2019,16422.62,78800,36400,2021-11-26,1970.2,34.0,25.38299560546875,-0.5100970527169231,-0.8951756086107617,0.002612911628633001,2.398138593713383,46.45,-19.599999999999994
776,135664,KOTAKBANK,OPTSTK,2021-12-30,1980.0,CE,61.85,66.65,52.0,56.7,56.7,1537,12523.01,90800,32000,2021-11-26,1970.2,34.0,25.57373046875,0.49020953812511875,-0.9019194897678218,0.00259347362151958,2.3981845503203045,88.65,31.950000000000003
779,135859,KOTAKBANK,OPTSTK,2022-01-27,1980.0,PE,0.0,0.0,0.0,98.0,126.3,0,0.0,0,0,2021-11-26,1977.7,62.0,29.78515625,-0.4792998981796318,-0.7800329290019508,0.001641025026793538,3.2473921702607114,46.45,-51.55
780,135923,KOTAKBANK,OPTSTK,2022-02-24,1980.0,CE,0.0,0.0,0.0,193.5,152.15,0,0.0,0,0,2021-11-26,1982.55,90.0,49.102783203125,0.5506057049018683,-1.0627465074521327,0.0008186382451083662,3.8957948788778545,88.65,-104.85
781,135987,KOTAKBANK,OPTSTK,2022-02-24,1980.0,PE,0.0,0.0,0.0,119.0,148.65,0,0.0,0,0,2021-11-26,1982.55,90.0,30.670166015625,-0.46628995373737386,-0.6668045045452189,0.0013165605374700195,3.9134059710336238,46.45,-72.55
778,135795,KOTAKBANK,OPTSTK,2022-01-27,1980.0,CE,0.0,0.0,0.0,235.5,123.85,0,0.0,0,0,2021-11-26,1977.7,62.0,72.998046875,0.5582624753978632,-1.8938466734377146,0.0006633219484567149,3.2170311064404986,88.65,-146.85
373,138152,KOTAKBANK,OPTSTK,2021-12-30,2020.0,PE,98.7,107.7,57.05,64.9,64.9,870,7256.7,55600,26800,2021-11-29,2021.5,31.0,27.9541015625,-0.48012294531688837,-1.058357928095419,0.0024194511549628793,2.3473546948095008,91.7,26.799999999999997
370,138085,KOTAKBANK,OPTSTK,2021-12-30,2020.0,CE,44.6,82.5,38.0,67.1,67.1,4209,35078.68,176000,80800,2021-11-29,2021.5,31.0,28.25927734375,0.5200150311886792,-1.0698935224550914,0.002393281718992279,2.347314037274431,41.65,-25.449999999999996
354,138280,KOTAKBANK,OPTSTK,2022-01-27,2020.0,PE,0.0,0.0,0.0,114.7,119.1,0,0.0,0,0,2021-11-29,2027.7,59.0,36.529541015625,-0.4604346534436578,-1.0018730600790362,0.0013330293931911722,3.2363127978738877,91.7,-23.0
350,138216,KOTAKBANK,OPTSTK,2022-01-27,2020.0,CE,0.0,0.0,0.0,212.55,131.6,0,0.0,0,0,2021-11-29,2027.7,59.0,64.46456909179688,0.5573560850056255,-1.7583802435935396,0.0007512527682951405,3.218649743063909,41.65,-170.9
190,138345,KOTAKBANK,OPTSTK,2022-02-24,2040.0,CE,0.0,0.0,0.0,163.35,151.9,0,0.0,0,0,2021-11-29,2040.0,87.0,41.18156433105469,0.5400373304174041,-0.9356481544498925,0.0009677638847678964,3.9532927298614777,34.85,-128.5
196,138409,KOTAKBANK,OPTSTK,2022-02-24,2040.0,PE,0.0,0.0,0.0,148.25,153.15,0,0.0,0,0,2021-11-29,2040.0,87.0,37.36305236816406,-0.4636642754057286,-0.84965019825115,0.00106762317160576,3.9568270022196947,105.6,-42.650000000000006
782,140633,KOTAKBANK,OPTSTK,2022-01-27,1980.0,CE,0.0,0.0,0.0,235.5,118.7,0,0.0,0,0,2021-11-30,1974.55,58.0,76.0498046875,0.5566518244552211,-2.0378739448000984,0.0006597322276675285,3.108402165767382,54.3,-181.2
783,140697,KOTAKBANK,OPTSTK,2022-01-27,1980.0,PE,0.0,0.0,0.0,98.0,124.35,0,0.0,0,0,2021-11-30,1974.55,58.0,30.303955078125,-0.4850101739801795,-0.8197480220637278,0.001671353593555873,3.1378996673617037,71.7,-26.299999999999997
202,140762,KOTAKBANK,OPTSTK,2022-02-24,2000.0,CE,0.0,0.0,0.0,183.05,138.85,0,0.0,0,0,2021-11-30,2000.0,86.0,47.367095947265625,0.5457618803475366,-1.0595497546580468,0.000861848054711803,3.847450517212982,45.75,-137.3
208,140826,KOTAKBANK,OPTSTK,2022-02-24,2000.0,PE,0.0,0.0,0.0,128.35,158.35,0,0.0,0,0,2021-11-30,2000.0,86.0,33.176422119140625,-0.46791194980740636,-0.7446224015624183,0.0012346386552170403,3.8604239061343817,82.55,-45.8
318,140501,KOTAKBANK,OPTSTK,2021-12-30,1960.0,CE,102.25,109.2,62.0,66.4,66.4,292,2379.79,103600,7600,2021-11-30,1967.55,30.0,27.862548828125,0.5350895836193693,-1.0409631509795798,0.002528511749058188,2.2416394653646576,64.4,-2.0
321,140568,KOTAKBANK,OPTSTK,2021-12-30,1960.0,PE,37.1,64.2,28.75,58.25,58.25,1653,13259.47,203600,20000,2021-11-30,1967.55,30.0,27.587890625,-0.46487645271298544,-1.0306939780650735,0.002553665754754612,2.241622584506836,61.35,3.1000000000000014
786,143005,KOTAKBANK,OPTSTK,2021-12-30,1960.0,PE,54.0,69.0,46.5,61.35,61.35,1994,16117.23,192000,-11600,2021-12-01,1961.95,29.0,28.26690673828125,-0.47913733745907006,-1.0737581483014775,0.002548571898382752,2.2032114506941793,53.4,-7.950000000000003
784,142938,KOTAKBANK,OPTSTK,2021-12-30,1960.0,CE,70.0,76.0,57.85,64.4,64.4,1893,15341.11,170400,66800,2021-12-01,1961.95,29.0,28.74755859375,0.5210494054150362,-1.0919894837652473,0.002505898694820995,2.203157177742185,66.25,1.8499999999999943
792,143069,KOTAKBANK,OPTSTK,2022-01-27,1960.0,CE,0.0,0.0,0.0,247.55,122.05,0,0.0,0,0,2021-12-01,1968.4,57.0,78.89556884765625,0.5673396301101935,-2.1169750876363556,0.0006407766402957265,3.0589190687825787,66.25,-181.3
793,143133,KOTAKBANK,OPTSTK,2022-01-27,1960.0,PE,0.0,0.0,0.0,90.25,116.6,0,0.0,0,0,2021-12-01,1968.4,57.0,30.500411987304688,-0.4618610130861401,-0.8264652625757334,0.001673822264599605,3.089041550417416,53.4,-36.85
794,143198,KOTAKBANK,OPTSTK,2022-02-24,1980.0,CE,0.0,0.0,0.0,193.5,141.95,0,0.0,0,0,2021-12-01,1975.0,85.0,51.605224609375,0.5455251295610736,-1.1466869832613953,0.0008058351322057855,3.777462236236899,55.7,-137.8
796,143262,KOTAKBANK,OPTSTK,2022-02-24,1980.0,PE,0.0,0.0,0.0,119.0,150.4,0,0.0,0,0,2021-12-01,1975.0,85.0,30.6243896484375,-0.47735879974595236,-0.6838463810248007,0.0013646218769839086,3.7961208732252247,62.9,-56.1
803,145699,KOTAKBANK,OPTSTK,2022-02-24,1980.0,PE,0.0,0.0,0.0,119.0,144.25,0,0.0,0,0,2021-12-02,1987.6,84.0,32.379150390625,-0.45924766701856296,-0.7293141220146261,0.0012854305259254704,3.78406385035763,95.65,-23.349999999999994
802,145635,KOTAKBANK,OPTSTK,2022-02-24,1980.0,CE,0.0,0.0,0.0,193.5,146.5,0,0.0,0,0,2021-12-02,1987.6,84.0,50.079345703125,0.5541163451234385,-1.1234693800042281,0.000827768378747314,3.768876234118463,37.3,-156.2
23,145571,KOTAKBANK,OPTSTK,2022-01-27,1980.0,PE,98.0,98.0,98.0,98.0,120.8,1,8.31,400,400,2021-12-02,1979.65,56.0,31.646728515625,-0.47585755723885714,-0.8724903871784339,0.0016227403661584975,3.0878048995092064,95.65,-2.3499999999999943
64,145376,KOTAKBANK,OPTSTK,2021-12-30,1980.0,CE,54.3,63.35,51.1,55.7,55.7,1328,10823.63,128000,18400,2021-12-02,1972.7,28.0,27.16064453125,0.4954173714604762,-1.0571268039197035,0.0026881141829667365,2.179591171019199,37.3,-18.400000000000006
67,145443,KOTAKBANK,OPTSTK,2021-12-30,1980.0,PE,73.9,76.0,57.45,62.9,62.9,394,3221.26,138800,-5600,2021-12-02,1972.7,28.0,27.099609375,-0.5046604615251378,-1.054748853997336,0.002694162404518085,2.1795862444548915,95.65,32.75000000000001
20,145507,KOTAKBANK,OPTSTK,2022-01-27,1980.0,CE,0.0,0.0,0.0,235.5,117.05,0,0.0,0,0,2021-12-02,1979.65,56.0,76.47705078125,0.559297390349129,-2.088940671483353,0.000665288281652913,3.0592361082979447,37.3,-198.2
788,148070,KOTAKBANK,OPTSTK,2022-02-24,1940.0,CE,0.0,0.0,0.0,215.65,137.3,0,0.0,0,0,2021-12-03,1938.05,83.0,58.917999267578125,0.554444819162024,-1.2963966799138198,0.0007258298660120086,3.652565456073067,36.25,-179.4
804,147810,KOTAKBANK,OPTSTK,2021-12-30,1920.0,CE,89.5,89.5,60.0,65.45,65.45,810,6435.51,101200,94400,2021-12-03,1924.1,27.0,30.399322509765625,0.526764839268404,-1.1726393159828268,0.002502097461007431,2.083024154328788,44.45,-21.0
805,147877,KOTAKBANK,OPTSTK,2021-12-30,1920.0,PE,34.5,66.0,29.85,61.1,61.1,2084,16481.3,195600,102400,2021-12-03,1924.1,27.0,30.2734375,-0.47326059862801023,-1.167788370235872,0.002512512623456272,2.0830330877600893,69.35,8.249999999999993
806,147941,KOTAKBANK,OPTSTK,2022-01-27,1920.0,CE,0.0,0.0,0.0,272.85,117.6,0,0.0,0,0,2021-12-03,1928.05,55.0,90.6829833984375,0.5745197440742816,-2.4184118648635713,0.0005775172239461338,2.933574692466244,44.45,-228.40000000000003
807,148005,KOTAKBANK,OPTSTK,2022-01-27,1920.0,PE,0.0,0.0,0.0,75.95,111.95,0,0.0,0,0,2021-12-03,1928.05,55.0,26.83258056640625,-0.4632503705826691,-0.7252456921377226,0.001978092286353474,2.9731402813722814,69.35,-6.6000000000000085
790,148134,KOTAKBANK,OPTSTK,2022-02-24,1940.0,PE,0.0,0.0,0.0,101.55,145.65,0,0.0,0,0,2021-12-03,1938.05,83.0,27.28271484375,-0.4771449114268022,-0.6049697830887149,0.0015796156252086864,3.6809014267043265,80.75,-20.799999999999997
808,150246,KOTAKBANK,OPTSTK,2021-12-30,1900.0,CE,81.5,81.5,50.25,54.05,54.05,2424,18996.04,287200,194800,2021-12-06,1894.45,24.0,29.262542724609375,0.4994146032427125,-1.1814701613945802,0.0028064363790687497,1.9379917965654803,78.25,24.200000000000003
809,150313,KOTAKBANK,OPTSTK,2021-12-30,1900.0,PE,45.0,63.65,45.0,58.65,58.65,6726,52660.74,554400,-254000,2021-12-06,1894.45,24.0,28.774261474609375,-0.501099071918374,-1.1617527313394507,0.002854052093749694,1.9379865284639997,34.3,-24.35
562,150377,KOTAKBANK,OPTSTK,2022-01-27,1900.0,CE,87.0,87.0,87.0,87.0,108.05,1,7.94,400,400,2021-12-06,1902.05,52.0,30.059814453125,0.526404329036783,-0.8260143108974857,0.001844565078264738,2.8578183164536415,78.25,-8.75
426,150505,KOTAKBANK,OPTSTK,2022-02-24,1900.0,CE,0.0,0.0,0.0,239.5,137.1,0,0.0,0,0,2021-12-06,1903.3,80.0,67.230224609375,0.5646964789254291,-1.4740052587194694,0.0006571708230541452,3.507958552353668,78.25,-161.25
428,150569,KOTAKBANK,OPTSTK,2022-02-24,1900.0,PE,0.0,0.0,0.0,85.75,135.4,0,0.0,0,0,2021-12-06,1903.3,80.0,24.618148803710938,-0.4710290222782426,-0.5455117655309172,0.001813851388813072,3.54542834154085,34.3,-51.45
564,150441,KOTAKBANK,OPTSTK,2022-01-27,1900.0,PE,94.25,96.2,81.75,92.0,112.1,15,119.28,8000,0,2021-12-06,1902.05,52.0,32.53173828125,-0.4720263362886121,-0.8936999872774413,0.0017039475167398338,2.857049871522653,34.3,-57.7
813,153009,KOTAKBANK,OPTSTK,2022-02-24,1960.0,PE,0.0,0.0,0.0,110.05,142.7,0,0.0,0,0,2021-12-07,1954.5,79.0,29.554367065429688,-0.480734476870915,-0.6777517279628414,0.001482787165178218,3.623314712883433,67.15,-42.89999999999999
482,152817,KOTAKBANK,OPTSTK,2022-01-27,1960.0,CE,0.0,0.0,0.0,247.55,106.55,0,0.0,0,0,2021-12-07,1951.55,51.0,86.69662475585938,0.5591062715404658,-2.4464068966360073,0.0006238609571089859,2.878237810982464,39.55,-208.0
485,152881,KOTAKBANK,OPTSTK,2022-01-27,1960.0,PE,0.0,0.0,0.0,90.25,118.55,0,0.0,0,0,2021-12-07,1951.55,51.0,29.48760986328125,-0.49365126509172386,-0.8412262317596443,0.001854373266062199,2.909868790224686,67.15,-23.099999999999994
810,152685,KOTAKBANK,OPTSTK,2021-12-30,1940.0,CE,45.6,72.85,42.25,55.5,55.5,4242,33940.51,197600,41200,2021-12-07,1943.7,23.0,27.587890625,0.524774355400288,-1.1651422756491892,0.0029580557860266585,1.9427561682187404,48.6,-6.899999999999999
811,152752,KOTAKBANK,OPTSTK,2021-12-30,1940.0,PE,63.3,65.4,41.35,51.25,51.25,3661,29126.02,239200,32400,2021-12-07,1943.7,23.0,27.2979736328125,-0.47525418313303147,-1.1529031025898067,0.002989485001182386,1.9427648158976953,56.4,5.149999999999999
812,152945,KOTAKBANK,OPTSTK,2022-02-24,1960.0,CE,0.0,0.0,0.0,204.4,136.65,0,0.0,0,0,2021-12-07,1954.5,79.0,57.18994140625,0.5487368334239429,-1.3032220429277033,0.0007614311232654738,3.600442275677421,39.55,-164.85000000000002
815,155445,KOTAKBANK,OPTSTK,2022-02-24,1940.0,PE,0.0,0.0,0.0,101.55,138.8,0,0.0,0,0,2021-12-08,1945.25,78.0,29.094696044921875,-0.4651997005046201,-0.6665289806873694,0.0015190196802173108,3.573796434466543,56.5,-45.05
752,155189,KOTAKBANK,OPTSTK,2021-12-30,1940.0,PE,41.15,59.5,40.75,56.4,56.4,3665,29189.95,329200,90000,2021-12-08,1931.0,22.0,27.34375,-0.5142398648826776,-1.174588835994551,0.0030755871086384336,1.8900812355203747,56.5,0.10000000000000142
814,155381,KOTAKBANK,OPTSTK,2022-02-24,1940.0,CE,0.0,0.0,0.0,215.65,135.6,0,0.0,0,0,2021-12-08,1945.25,78.0,59.6466064453125,0.558697262552265,-1.3567895146364157,0.0007357207606688107,3.5485533360115356,43.7,-171.95
750,155122,KOTAKBANK,OPTSTK,2021-12-30,1940.0,CE,65.0,65.6,46.5,48.6,48.6,2924,23323.5,341200,143600,2021-12-08,1931.0,22.0,27.9541015625,0.4866618486635626,-1.2009012265500663,0.003008669777737522,1.8902290188101236,43.7,-4.899999999999999
542,155253,KOTAKBANK,OPTSTK,2022-01-27,1940.0,CE,0.0,0.0,0.0,260.0,105.6,0,0.0,0,0,2021-12-08,1938.4,50.0,91.522216796875,0.5662888969615454,-2.5832554536908354,0.0005991704011472689,2.8225446717753018,43.7,-216.3
544,155317,KOTAKBANK,OPTSTK,2022-01-27,1940.0,PE,0.0,0.0,0.0,82.95,114.65,0,0.0,0,0,2021-12-08,1938.4,50.0,28.7017822265625,-0.48191492802734004,-0.8206431514665856,0.0019354086491079553,2.8592062506387106,56.5,-26.450000000000003
380,157558,KOTAKBANK,OPTSTK,2021-12-30,1920.0,CE,60.05,63.0,40.2,53.25,53.25,3028,23843.78,305200,151600,2021-12-09,1927.05,21.0,26.9775390625,0.5354570391305379,-1.1797757784974268,0.0031866305051272614,1.8367347215065097,53.25,0.0
816,157690,KOTAKBANK,OPTSTK,2022-01-27,1940.0,CE,0.0,0.0,0.0,260.0,101.9,0,0.0,0,0,2021-12-09,1933.95,49.0,93.353271484375,0.5643037599162931,-2.6577816962842173,0.0005952406726828684,2.790074756827865,43.7,-216.3
798,157818,KOTAKBANK,OPTSTK,2022-02-24,1940.0,CE,0.0,0.0,0.0,215.65,132.0,0,0.0,0,0,2021-12-09,1935.0,77.0,61.649322509765625,0.5526916057029703,-1.4069779658490096,0.0007217579910731526,3.5146307845706644,43.7,-171.95
382,157625,KOTAKBANK,OPTSTK,2021-12-30,1920.0,PE,46.5,63.45,39.9,46.25,46.25,1925,15189.22,157600,-12400,2021-12-09,1927.05,21.0,27.004241943359375,-0.4645524909508614,-1.1809460632267297,0.0031834862305196686,1.8367386412681637,46.25,0.0
800,157882,KOTAKBANK,OPTSTK,2022-02-24,1940.0,PE,0.0,0.0,0.0,101.55,139.75,0,0.0,0,0,2021-12-09,1935.0,77.0,27.912139892578125,-0.4824637861462205,-0.6420110986891114,0.0016066348797887325,3.5421758983234652,,
817,157754,KOTAKBANK,OPTSTK,2022-01-27,1940.0,PE,0.0,0.0,0.0,82.95,115.55,0,0.0,0,0,2021-12-09,1933.95,49.0,28.228759765625,-0.49141705025190563,-0.814089423216473,0.0019939804386336045,2.8262227649252143,,
