,Realised_PNL
1970-01-01 00:00:00.000000021,0.0
1970-01-01 00:00:00.000000022,0.0
1970-01-01 00:00:00.000000023,0.0
1970-01-01 00:00:00.000000024,0.0
1970-01-01 00:00:00.000000025,0.0
1970-01-01 00:00:00.000000026,0.0
1970-01-01 00:00:00.000000027,0.0
1970-01-01 00:00:00.000000028,0.0
1970-01-01 00:00:00.000000029,0.0
1970-01-01 00:00:00.000000030,0.0
1970-01-01 00:00:00.000000031,0.0
1970-01-01 00:00:00.000000032,0.0
1970-01-01 00:00:00.000000033,0.0
1970-01-01 00:00:00.000000034,0.0
1970-01-01 00:00:00.000000035,0.0
1970-01-01 00:00:00.000000036,0.0
1970-01-01 00:00:00.000000037,0.0
1970-01-01 00:00:00.000000038,11400.0
1970-01-01 00:00:00.000000039,11400.0
1970-01-01 00:00:00.000000040,11400.0
1970-01-01 00:00:00.000000041,10575.0
1970-01-01 00:00:00.000000042,10575.0
1970-01-01 00:00:00.000000043,10575.0
1970-01-01 00:00:00.000000044,10575.0
1970-01-01 00:00:00.000000045,10575.0
1970-01-01 00:00:00.000000046,10575.0
1970-01-01 00:00:00.000000047,10575.0
1970-01-01 00:00:00.000000048,10575.0
1970-01-01 00:00:00.000000049,10575.0
1970-01-01 00:00:00.000000050,10575.0
1970-01-01 00:00:00.000000051,10575.0
1970-01-01 00:00:00.000000052,10575.0
1970-01-01 00:00:00.000000053,10575.0
1970-01-01 00:00:00.000000054,10575.0
1970-01-01 00:00:00.000000055,10575.0
1970-01-01 00:00:00.000000056,10575.0
1970-01-01 00:00:00.000000057,10575.0
1970-01-01 00:00:00.000000058,10575.0
1970-01-01 00:00:00.000000059,10575.0
1970-01-01 00:00:00.000000060,10575.0
1970-01-01 00:00:00.000000061,10575.0
1970-01-01 00:00:00.000000062,10575.0
1970-01-01 00:00:00.000000063,10575.0
1970-01-01 00:00:00.000000064,11654.999999999973
1970-01-01 00:00:00.000000065,11654.999999999973
1970-01-01 00:00:00.000000066,10934.999999999945
1970-01-01 00:00:00.000000067,10934.999999999945
1970-01-01 00:00:00.000000068,10994.99999999996
1970-01-01 00:00:00.000000069,10994.99999999996
1970-01-01 00:00:00.000000070,10860.000000000015
1970-01-01 00:00:00.000000071,10860.000000000015
1970-01-01 00:00:00.000000072,10260.000000000015
1970-01-01 00:00:00.000000073,10260.000000000015
1970-01-01 00:00:00.000000074,8670.00000000003
1970-01-01 00:00:00.000000075,8670.00000000003
1970-01-01 00:00:00.000000076,8670.00000000003
1970-01-01 00:00:00.000000077,-1049.9999999999982
1970-01-01 00:00:00.000000078,-1049.9999999999982
1970-01-01 00:00:00.000000079,-1049.9999999999982
1970-01-01 00:00:00.000000080,4035.0000000000155
1970-01-01 00:00:00.000000081,4035.0000000000155
1970-01-01 00:00:00.000000082,4035.0000000000155
1970-01-01 00:00:00.000000083,4035.0000000000155
1970-01-01 00:00:00.000000084,4035.0000000000155
1970-01-01 00:00:00.000000085,4035.0000000000155
1970-01-01 00:00:00.000000086,4035.0000000000155
1970-01-01 00:00:00.000000087,3375.000000000002
1970-01-01 00:00:00.000000088,3375.000000000002
1970-01-01 00:00:00.000000089,3375.000000000002
1970-01-01 00:00:00.000000090,3375.000000000002
1970-01-01 00:00:00.000000091,3375.000000000002
1970-01-01 00:00:00.000000092,3375.000000000002
1970-01-01 00:00:00.000000093,3375.000000000002
1970-01-01 00:00:00.000000094,2579.9999999999745
1970-01-01 00:00:00.000000095,2579.9999999999745
1970-01-01 00:00:00.000000096,2579.9999999999745
1970-01-01 00:00:00.000000097,2579.9999999999745
1970-01-01 00:00:00.000000098,2579.9999999999745
1970-01-01 00:00:00.000000099,4394.999999999961
1970-01-01 00:00:00.000000100,4394.999999999961
1970-01-01 00:00:00.000000101,4394.999999999961
1970-01-01 00:00:00.000000102,4394.999999999961
1970-01-01 00:00:00.000000103,4394.999999999961
1970-01-01 00:00:00.000000104,3359.9999999999472
1970-01-01 00:00:00.000000105,3359.9999999999472
1970-01-01 00:00:00.000000106,3359.9999999999472
1970-01-01 00:00:00.000000107,3359.9999999999472
1970-01-01 00:00:00.000000108,3359.9999999999472
1970-01-01 00:00:00.000000109,3359.9999999999472
1970-01-01 00:00:00.000000110,3359.9999999999472
1970-01-01 00:00:00.000000111,1814.99999999992
1970-01-01 00:00:00.000000112,1814.99999999992
1970-01-01 00:00:00.000000113,764.99999999992
1970-01-01 00:00:00.000000114,764.99999999992
1970-01-01 00:00:00.000000115,-1665.0000000000528
1970-01-01 00:00:00.000000116,-1665.0000000000528
1970-01-01 00:00:00.000000117,4050.000000000002
1970-01-01 00:00:00.000000118,4050.000000000002
1970-01-01 00:00:00.000000119,1905.0000000000427
1970-01-01 00:00:00.000000120,1905.0000000000427
1970-01-01 00:00:00.000000121,1905.0000000000427
1970-01-01 00:00:00.000000122,1905.0000000000427
1970-01-01 00:00:00.000000123,1335.0000000000155
1970-01-01 00:00:00.000000124,1335.0000000000155
1970-01-01 00:00:00.000000125,1335.0000000000155
1970-01-01 00:00:00.000000126,1335.0000000000155
1970-01-01 00:00:00.000000127,1335.0000000000155
1970-01-01 00:00:00.000000128,1335.0000000000155
1970-01-01 00:00:00.000000129,1335.0000000000155
1970-01-01 00:00:00.000000130,1335.0000000000155
1970-01-01 00:00:00.000000131,1335.0000000000155
1970-01-01 00:00:00.000000132,1335.0000000000155
1970-01-01 00:00:00.000000133,1335.0000000000155
1970-01-01 00:00:00.000000134,1335.0000000000155
1970-01-01 00:00:00.000000135,7785.0000000000155
1970-01-01 00:00:00.000000136,7785.0000000000155
1970-01-01 00:00:00.000000137,7785.0000000000155
1970-01-01 00:00:00.000000138,7785.0000000000155
1970-01-01 00:00:00.000000139,6764.999999999988
1970-01-01 00:00:00.000000140,6764.999999999988
1970-01-01 00:00:00.000000141,6764.999999999988
1970-01-01 00:00:00.000000142,6059.999999999947
1970-01-01 00:00:00.000000143,6059.999999999947
1970-01-01 00:00:00.000000144,6059.999999999947
1970-01-01 00:00:00.000000145,6059.999999999947
1970-01-01 00:00:00.000000146,6059.999999999947
1970-01-01 00:00:00.000000147,6059.999999999947
1970-01-01 00:00:00.000000148,6149.999999999934
1970-01-01 00:00:00.000000149,4979.999999999906
1970-01-01 00:00:00.000000150,4979.999999999906
1970-01-01 00:00:00.000000151,5084.999999999879
1970-01-01 00:00:00.000000152,5084.999999999879
1970-01-01 00:00:00.000000153,4574.999999999865
1970-01-01 00:00:00.000000154,4574.999999999865
1970-01-01 00:00:00.000000155,10064.99999999985
1970-01-01 00:00:00.000000156,10064.99999999985
1970-01-01 00:00:00.000000157,10064.99999999985
1970-01-01 00:00:00.000000158,10064.99999999985
1970-01-01 00:00:00.000000159,10064.99999999985
1970-01-01 00:00:00.000000160,10064.99999999985
1970-01-01 00:00:00.000000161,10064.99999999985
1970-01-01 00:00:00.000000162,10064.99999999985
1970-01-01 00:00:00.000000163,10064.99999999985
1970-01-01 00:00:00.000000164,10064.99999999985
1970-01-01 00:00:00.000000165,10064.99999999985
1970-01-01 00:00:00.000000166,10064.99999999985
1970-01-01 00:00:00.000000167,10064.99999999985
1970-01-01 00:00:00.000000168,10064.99999999985
1970-01-01 00:00:00.000000169,10064.99999999985
1970-01-01 00:00:00.000000170,10064.99999999985
1970-01-01 00:00:00.000000171,10064.99999999985
1970-01-01 00:00:00.000000172,10064.99999999985
1970-01-01 00:00:00.000000173,10064.99999999985
1970-01-01 00:00:00.000000174,15884.999999999878
1970-01-01 00:00:00.000000175,15884.999999999878
1970-01-01 00:00:00.000000176,15884.999999999878
1970-01-01 00:00:00.000000177,14639.99999999985
1970-01-01 00:00:00.000000178,14639.99999999985
1970-01-01 00:00:00.000000179,13124.999999999865
1970-01-01 00:00:00.000000180,13124.999999999865
1970-01-01 00:00:00.000000181,13124.999999999865
1970-01-01 00:00:00.000000182,13124.999999999865
1970-01-01 00:00:00.000000183,10559.99999999988
1970-01-01 00:00:00.000000184,10559.99999999988
1970-01-01 00:00:00.000000185,8999.999999999865
1970-01-01 00:00:00.000000186,8999.999999999865
1970-01-01 00:00:00.000000187,7724.999999999865
1970-01-01 00:00:00.000000188,7724.999999999865
1970-01-01 00:00:00.000000189,7724.999999999865
1970-01-01 00:00:00.000000190,7724.999999999865
1970-01-01 00:00:00.000000191,7724.999999999865
1970-01-01 00:00:00.000000192,7724.999999999865
1970-01-01 00:00:00.000000193,7724.999999999865
1970-01-01 00:00:00.000000194,7724.999999999865
1970-01-01 00:00:00.000000195,7724.999999999865
1970-01-01 00:00:00.000000196,7724.999999999865
1970-01-01 00:00:00.000000197,7724.999999999865
1970-01-01 00:00:00.000000198,7724.999999999865
1970-01-01 00:00:00.000000199,7724.999999999865
1970-01-01 00:00:00.000000200,7724.999999999865
1970-01-01 00:00:00.000000201,7724.999999999865
1970-01-01 00:00:00.000000202,7724.999999999865
1970-01-01 00:00:00.000000203,7724.999999999865
1970-01-01 00:00:00.000000204,7739.999999999852
1970-01-01 00:00:00.000000205,7739.999999999852
1970-01-01 00:00:00.000000206,7739.999999999852
1970-01-01 00:00:00.000000207,7739.999999999852
1970-01-01 00:00:00.000000208,7739.999999999852
1970-01-01 00:00:00.000000209,7739.999999999852
1970-01-01 00:00:00.000000210,7739.999999999852
1970-01-01 00:00:00.000000211,7739.999999999852
1970-01-01 00:00:00.000000212,7739.999999999852
1970-01-01 00:00:00.000000213,7739.999999999852
1970-01-01 00:00:00.000000214,7739.999999999852
1970-01-01 00:00:00.000000215,7739.999999999852
1970-01-01 00:00:00.000000216,7739.999999999852
1970-01-01 00:00:00.000000217,7739.999999999852
1970-01-01 00:00:00.000000218,7739.999999999852
1970-01-01 00:00:00.000000219,7739.999999999852
1970-01-01 00:00:00.000000220,7739.999999999852
1970-01-01 00:00:00.000000221,7739.999999999852
1970-01-01 00:00:00.000000222,7004.999999999838
1970-01-01 00:00:00.000000223,7004.999999999838
1970-01-01 00:00:00.000000224,7004.999999999838
1970-01-01 00:00:00.000000225,6524.999999999797
1970-01-01 00:00:00.000000226,5864.9999999997835
1970-01-01 00:00:00.000000227,5864.9999999997835
1970-01-01 00:00:00.000000228,4964.9999999997835
1970-01-01 00:00:00.000000229,4964.9999999997835
1970-01-01 00:00:00.000000230,4964.9999999997835
1970-01-01 00:00:00.000000231,4964.9999999997835
1970-01-01 00:00:00.000000232,4184.999999999743
1970-01-01 00:00:00.000000233,4184.999999999743
1970-01-01 00:00:00.000000234,4184.999999999743
1970-01-01 00:00:00.000000235,11039.999999999716
1970-01-01 00:00:00.000000236,11039.999999999716
1970-01-01 00:00:00.000000237,9314.999999999716
1970-01-01 00:00:00.000000238,9314.999999999716
1970-01-01 00:00:00.000000239,9314.999999999716
1970-01-01 00:00:00.000000240,9314.999999999716
1970-01-01 00:00:00.000000241,8699.99999999973
1970-01-01 00:00:00.000000242,8699.99999999973
1970-01-01 00:00:00.000000243,8699.99999999973
1970-01-01 00:00:00.000000244,6989.999999999785
1970-01-01 00:00:00.000000245,6989.999999999785
1970-01-01 00:00:00.000000246,6989.999999999785
1970-01-01 00:00:00.000000247,6989.999999999785
1970-01-01 00:00:00.000000248,6989.999999999785
1970-01-01 00:00:00.000000249,6989.999999999785
1970-01-01 00:00:00.000000250,6989.999999999785
1970-01-01 00:00:00.000000251,6989.999999999785
1970-01-01 00:00:00.000000252,9389.999999999785
1970-01-01 00:00:00.000000253,9389.999999999785
1970-01-01 00:00:00.000000254,9389.999999999785
1970-01-01 00:00:00.000000255,9389.999999999785
1970-01-01 00:00:00.000000256,8054.999999999772
1970-01-01 00:00:00.000000257,7319.999999999758
1970-01-01 00:00:00.000000258,7319.999999999758
1970-01-01 00:00:00.000000259,7319.999999999758
1970-01-01 00:00:00.000000260,7319.999999999758
1970-01-01 00:00:00.000000261,6644.999999999758
1970-01-01 00:00:00.000000262,6644.999999999758
1970-01-01 00:00:00.000000263,6644.999999999758
1970-01-01 00:00:00.000000264,6644.999999999758
1970-01-01 00:00:00.000000265,6644.999999999758
1970-01-01 00:00:00.000000266,6644.999999999758
1970-01-01 00:00:00.000000267,10964.999999999785
1970-01-01 00:00:00.000000268,11519.999999999825
1970-01-01 00:00:00.000000269,11519.999999999825
1970-01-01 00:00:00.000000270,11519.999999999825
1970-01-01 00:00:00.000000271,11519.999999999825
1970-01-01 00:00:00.000000272,11519.999999999825
1970-01-01 00:00:00.000000273,11519.999999999825
1970-01-01 00:00:00.000000274,11519.999999999825
1970-01-01 00:00:00.000000275,11519.999999999825
1970-01-01 00:00:00.000000276,11519.999999999825
1970-01-01 00:00:00.000000277,11519.999999999825
1970-01-01 00:00:00.000000278,11519.999999999825
1970-01-01 00:00:00.000000279,11519.999999999825
1970-01-01 00:00:00.000000280,11519.999999999825
1970-01-01 00:00:00.000000281,11519.999999999825
1970-01-01 00:00:00.000000282,11519.999999999825
1970-01-01 00:00:00.000000283,11519.999999999825
1970-01-01 00:00:00.000000284,11519.999999999825
1970-01-01 00:00:00.000000285,11519.999999999825
1970-01-01 00:00:00.000000286,11519.999999999825
1970-01-01 00:00:00.000000287,13889.999999999853
1970-01-01 00:00:00.000000288,13889.999999999853
1970-01-01 00:00:00.000000289,13889.999999999853
1970-01-01 00:00:00.000000290,13889.999999999853
1970-01-01 00:00:00.000000291,13889.999999999853
1970-01-01 00:00:00.000000292,13889.999999999853
1970-01-01 00:00:00.000000293,13889.999999999853
1970-01-01 00:00:00.000000294,13889.999999999853
1970-01-01 00:00:00.000000295,13889.999999999853
1970-01-01 00:00:00.000000296,13889.999999999853
1970-01-01 00:00:00.000000297,13889.999999999853
1970-01-01 00:00:00.000000298,13889.999999999853
1970-01-01 00:00:00.000000299,13889.999999999853
1970-01-01 00:00:00.000000300,13889.999999999853
1970-01-01 00:00:00.000000301,13889.999999999853
1970-01-01 00:00:00.000000302,13889.999999999853
1970-01-01 00:00:00.000000303,13409.99999999988
1970-01-01 00:00:00.000000304,12329.999999999907
1970-01-01 00:00:00.000000305,12329.999999999907
1970-01-01 00:00:00.000000306,12329.999999999907
1970-01-01 00:00:00.000000307,12329.999999999907
1970-01-01 00:00:00.000000308,12329.999999999907
1970-01-01 00:00:00.000000309,9449.999999999865
1970-01-01 00:00:00.000000310,9449.999999999865
1970-01-01 00:00:00.000000311,8414.99999999985
1970-01-01 00:00:00.000000312,8414.99999999985
1970-01-01 00:00:00.000000313,8414.99999999985
1970-01-01 00:00:00.000000314,7514.999999999851
1970-01-01 00:00:00.000000315,7514.999999999851
1970-01-01 00:00:00.000000316,5099.9999999998645
1970-01-01 00:00:00.000000317,5099.9999999998645
1970-01-01 00:00:00.000000318,5099.9999999998645
1970-01-01 00:00:00.000000319,5099.9999999998645
1970-01-01 00:00:00.000000320,5099.9999999998645
1970-01-01 00:00:00.000000321,6659.999999999878
1970-01-01 00:00:00.000000322,6659.999999999878
1970-01-01 00:00:00.000000323,6659.999999999878
1970-01-01 00:00:00.000000324,6659.999999999878
1970-01-01 00:00:00.000000325,6659.999999999878
1970-01-01 00:00:00.000000326,6659.999999999878
1970-01-01 00:00:00.000000327,6659.999999999878
1970-01-01 00:00:00.000000328,6659.999999999878
1970-01-01 00:00:00.000000329,6659.999999999878
1970-01-01 00:00:00.000000330,6659.999999999878
1970-01-01 00:00:00.000000331,6659.999999999878
1970-01-01 00:00:00.000000332,6659.999999999878
1970-01-01 00:00:00.000000333,6659.999999999878
1970-01-01 00:00:00.000000334,6659.999999999878
1970-01-01 00:00:00.000000335,6659.999999999878
1970-01-01 00:00:00.000000336,6659.999999999878
1970-01-01 00:00:00.000000337,6659.999999999878
1970-01-01 00:00:00.000000338,6659.999999999878
1970-01-01 00:00:00.000000339,6659.999999999878
1970-01-01 00:00:00.000000340,6659.999999999878
1970-01-01 00:00:00.000000341,6659.999999999878
1970-01-01 00:00:00.000000342,6659.999999999878
1970-01-01 00:00:00.000000343,6659.999999999878
1970-01-01 00:00:00.000000344,7124.9999999998645
1970-01-01 00:00:00.000000345,7124.9999999998645
1970-01-01 00:00:00.000000346,7124.9999999998645
1970-01-01 00:00:00.000000347,2489.999999999851
1970-01-01 00:00:00.000000348,2489.999999999851
1970-01-01 00:00:00.000000349,3179.999999999837
1970-01-01 00:00:00.000000350,2024.9999999997963
1970-01-01 00:00:00.000000351,2024.9999999997963
1970-01-01 00:00:00.000000352,2024.9999999997963
1970-01-01 00:00:00.000000353,2024.9999999997963
1970-01-01 00:00:00.000000354,2024.9999999997963
1970-01-01 00:00:00.000000355,2024.9999999997963
1970-01-01 00:00:00.000000356,2024.9999999997963
1970-01-01 00:00:00.000000357,2024.9999999997963
1970-01-01 00:00:00.000000358,2024.9999999997963
1970-01-01 00:00:00.000000359,2024.9999999997963
1970-01-01 00:00:00.000000360,2024.9999999997963
1970-01-01 00:00:00.000000361,2024.9999999997963
1970-01-01 00:00:00.000000362,2024.9999999997963
1970-01-01 00:00:00.000000363,2024.9999999997963
1970-01-01 00:00:00.000000364,2024.9999999997963
1970-01-01 00:00:00.000000365,2024.9999999997963
1970-01-01 00:00:00.000000366,2024.9999999997963
1970-01-01 00:00:00.000000367,2024.9999999997963
1970-01-01 00:00:00.000000368,2024.9999999997963
1970-01-01 00:00:00.000000369,2024.9999999997963
1970-01-01 00:00:00.000000370,2024.9999999997963
1970-01-01 00:00:00.000000371,2024.9999999997963
1970-01-01 00:00:00.000000372,2024.9999999997963
1970-01-01 00:00:00.000000373,2024.9999999997963
1970-01-01 00:00:00.000000374,3779.999999999837
1970-01-01 00:00:00.000000375,3104.999999999837
1970-01-01 00:00:00.000000376,3104.999999999837
1970-01-01 00:00:00.000000377,3104.999999999837
1970-01-01 00:00:00.000000378,3104.999999999837
1970-01-01 00:00:00.000000379,3104.999999999837
1970-01-01 00:00:00.000000380,3104.999999999837
1970-01-01 00:00:00.000000381,3104.999999999837
1970-01-01 00:00:00.000000382,2429.999999999837
1970-01-01 00:00:00.000000383,2429.999999999837
1970-01-01 00:00:00.000000384,2429.999999999837
1970-01-01 00:00:00.000000385,2429.999999999837
1970-01-01 00:00:00.000000386,2429.999999999837
1970-01-01 00:00:00.000000387,2429.999999999837
1970-01-01 00:00:00.000000388,1769.9999999998918
1970-01-01 00:00:00.000000389,1769.9999999998918
1970-01-01 00:00:00.000000390,1769.9999999998918
1970-01-01 00:00:00.000000391,1769.9999999998918
1970-01-01 00:00:00.000000392,1769.9999999998918
1970-01-01 00:00:00.000000393,1769.9999999998918
1970-01-01 00:00:00.000000394,1814.999999999919
1970-01-01 00:00:00.000000395,1814.999999999919
1970-01-01 00:00:00.000000396,1814.999999999919
1970-01-01 00:00:00.000000397,1814.999999999919
1970-01-01 00:00:00.000000398,1124.9999999999327
1970-01-01 00:00:00.000000399,1124.9999999999327
1970-01-01 00:00:00.000000400,1124.9999999999327
1970-01-01 00:00:00.000000401,1124.9999999999327
1970-01-01 00:00:00.000000402,1124.9999999999327
1970-01-01 00:00:00.000000403,959.9999999999463
1970-01-01 00:00:00.000000404,959.9999999999463
1970-01-01 00:00:00.000000405,959.9999999999463
1970-01-01 00:00:00.000000406,-390.00000000005366
1970-01-01 00:00:00.000000407,-390.00000000005366
1970-01-01 00:00:00.000000408,-390.00000000005366
1970-01-01 00:00:00.000000409,-390.00000000005366
1970-01-01 00:00:00.000000410,-390.00000000005366
1970-01-01 00:00:00.000000411,-390.00000000005366
1970-01-01 00:00:00.000000412,-390.00000000005366
1970-01-01 00:00:00.000000413,59.99999999994634
1970-01-01 00:00:00.000000414,-585.000000000081
1970-01-01 00:00:00.000000415,-585.000000000081
1970-01-01 00:00:00.000000416,-585.000000000081
1970-01-01 00:00:00.000000417,-585.000000000081
1970-01-01 00:00:00.000000418,-585.000000000081
1970-01-01 00:00:00.000000419,-585.000000000081
1970-01-01 00:00:00.000000420,-585.000000000081
1970-01-01 00:00:00.000000421,-585.000000000081
1970-01-01 00:00:00.000000422,-1530.00000000004
1970-01-01 00:00:00.000000423,-1530.00000000004
1970-01-01 00:00:00.000000424,-2880.00000000004
1970-01-01 00:00:00.000000425,-2880.00000000004
1970-01-01 00:00:00.000000426,-4320.000000000095
1970-01-01 00:00:00.000000427,-4320.000000000095
1970-01-01 00:00:00.000000428,-4320.000000000095
1970-01-01 00:00:00.000000429,-6675.000000000067
1970-01-01 00:00:00.000000430,-6675.000000000067
1970-01-01 00:00:00.000000431,-7485.000000000013
1970-01-01 00:00:00.000000432,-7485.000000000013
1970-01-01 00:00:00.000000433,-7485.000000000013
1970-01-01 00:00:00.000000434,-7485.000000000013
1970-01-01 00:00:00.000000435,-7485.000000000013
1970-01-01 00:00:00.000000436,-7485.000000000013
1970-01-01 00:00:00.000000437,-8850.0
1970-01-01 00:00:00.000000438,-8850.0
1970-01-01 00:00:00.000000439,-8850.0
1970-01-01 00:00:00.000000440,-8850.0
1970-01-01 00:00:00.000000441,-8850.0
1970-01-01 00:00:00.000000442,-8850.0
1970-01-01 00:00:00.000000443,-8850.0
1970-01-01 00:00:00.000000444,-8850.0
1970-01-01 00:00:00.000000445,-8850.0
1970-01-01 00:00:00.000000446,-8850.0
1970-01-01 00:00:00.000000447,-8850.0
1970-01-01 00:00:00.000000448,-8850.0
1970-01-01 00:00:00.000000449,-8850.0
1970-01-01 00:00:00.000000450,-8850.0
1970-01-01 00:00:00.000000451,-8850.0
1970-01-01 00:00:00.000000452,-8850.0
1970-01-01 00:00:00.000000453,-8700.0
1970-01-01 00:00:00.000000454,-8700.0
1970-01-01 00:00:00.000000455,-8700.0
1970-01-01 00:00:00.000000456,-8700.0
1970-01-01 00:00:00.000000457,-8700.0
1970-01-01 00:00:00.000000458,-8700.0
1970-01-01 00:00:00.000000459,-8700.0
1970-01-01 00:00:00.000000460,-8700.0
1970-01-01 00:00:00.000000461,-9285.000000000015
1970-01-01 00:00:00.000000462,-9285.000000000015
1970-01-01 00:00:00.000000463,-9285.000000000015
1970-01-01 00:00:00.000000464,-9285.000000000015
1970-01-01 00:00:00.000000465,-9285.000000000015
1970-01-01 00:00:00.000000466,-9285.000000000015
1970-01-01 00:00:00.000000467,-9285.000000000015
1970-01-01 00:00:00.000000468,-9285.000000000015
1970-01-01 00:00:00.000000469,-9285.000000000015
1970-01-01 00:00:00.000000470,-9285.000000000015
1970-01-01 00:00:00.000000471,-9285.000000000015
1970-01-01 00:00:00.000000472,-3720.000000000028
1970-01-01 00:00:00.000000473,-3720.000000000028
1970-01-01 00:00:00.000000474,-3720.000000000028
1970-01-01 00:00:00.000000475,-3720.000000000028
1970-01-01 00:00:00.000000476,-4814.999999999987
1970-01-01 00:00:00.000000477,-4814.999999999987
1970-01-01 00:00:00.000000478,-4814.999999999987
1970-01-01 00:00:00.000000479,-4814.999999999987
1970-01-01 00:00:00.000000480,-4814.999999999987
1970-01-01 00:00:00.000000481,-4814.999999999987
1970-01-01 00:00:00.000000482,-5535.000000000015
1970-01-01 00:00:00.000000483,-5535.000000000015
1970-01-01 00:00:00.000000484,-6329.999999999974
1970-01-01 00:00:00.000000485,-6329.999999999974
1970-01-01 00:00:00.000000486,-6329.999999999974
1970-01-01 00:00:00.000000487,-6329.999999999974
1970-01-01 00:00:00.000000488,-6329.999999999974
1970-01-01 00:00:00.000000489,-6329.999999999974
1970-01-01 00:00:00.000000490,-6329.999999999974
1970-01-01 00:00:00.000000491,-6329.999999999974
1970-01-01 00:00:00.000000492,-6329.999999999974
1970-01-01 00:00:00.000000493,-6329.999999999974
1970-01-01 00:00:00.000000494,-6329.999999999974
1970-01-01 00:00:00.000000495,-6329.999999999974
1970-01-01 00:00:00.000000496,-6329.999999999974
1970-01-01 00:00:00.000000497,-7274.999999999933
1970-01-01 00:00:00.000000498,-7274.999999999933
1970-01-01 00:00:00.000000499,-7274.999999999933
1970-01-01 00:00:00.000000500,-7274.999999999933
1970-01-01 00:00:00.000000501,-7274.999999999933
1970-01-01 00:00:00.000000502,-7274.999999999933
1970-01-01 00:00:00.000000503,-1409.9999999999463
1970-01-01 00:00:00.000000504,-1409.9999999999463
1970-01-01 00:00:00.000000505,-2339.999999999919
1970-01-01 00:00:00.000000506,-2339.999999999919
1970-01-01 00:00:00.000000507,-2339.999999999919
1970-01-01 00:00:00.000000508,-2339.999999999919
1970-01-01 00:00:00.000000509,-2339.999999999919
1970-01-01 00:00:00.000000510,-2339.999999999919
1970-01-01 00:00:00.000000511,-2339.999999999919
1970-01-01 00:00:00.000000512,-2339.999999999919
1970-01-01 00:00:00.000000513,-2339.999999999919
1970-01-01 00:00:00.000000514,-2339.999999999919
1970-01-01 00:00:00.000000515,-2339.999999999919
1970-01-01 00:00:00.000000516,-2339.999999999919
1970-01-01 00:00:00.000000517,-2339.999999999919
1970-01-01 00:00:00.000000518,-3419.9999999998918
1970-01-01 00:00:00.000000519,-3419.9999999998918
1970-01-01 00:00:00.000000520,-3779.9999999999054
1970-01-01 00:00:00.000000521,-4919.99999999996
1970-01-01 00:00:00.000000522,-4919.99999999996
1970-01-01 00:00:00.000000523,-4919.99999999996
1970-01-01 00:00:00.000000524,-4919.99999999996
1970-01-01 00:00:00.000000525,-4919.99999999996
1970-01-01 00:00:00.000000526,-4919.99999999996
1970-01-01 00:00:00.000000527,-4919.99999999996
1970-01-01 00:00:00.000000528,-4919.99999999996
1970-01-01 00:00:00.000000529,-4919.99999999996
1970-01-01 00:00:00.000000530,-4919.99999999996
1970-01-01 00:00:00.000000531,-4919.99999999996
1970-01-01 00:00:00.000000532,-4919.99999999996
1970-01-01 00:00:00.000000533,-4919.99999999996
1970-01-01 00:00:00.000000534,-4919.99999999996
1970-01-01 00:00:00.000000535,-4919.99999999996
1970-01-01 00:00:00.000000536,-4919.99999999996
1970-01-01 00:00:00.000000537,-4919.99999999996
1970-01-01 00:00:00.000000538,-4919.99999999996
1970-01-01 00:00:00.000000539,-4919.99999999996
1970-01-01 00:00:00.000000540,-4919.99999999996
1970-01-01 00:00:00.000000541,-4919.99999999996
1970-01-01 00:00:00.000000542,2460.0000000000127
1970-01-01 00:00:00.000000543,2460.0000000000127
1970-01-01 00:00:00.000000544,2460.0000000000127
1970-01-01 00:00:00.000000545,2460.0000000000127
1970-01-01 00:00:00.000000546,1095.0000000000264
1970-01-01 00:00:00.000000547,1095.0000000000264
1970-01-01 00:00:00.000000548,1095.0000000000264
1970-01-01 00:00:00.000000549,1095.0000000000264
1970-01-01 00:00:00.000000550,345.0000000000264
1970-01-01 00:00:00.000000551,345.0000000000264
1970-01-01 00:00:00.000000552,345.0000000000264
1970-01-01 00:00:00.000000553,345.0000000000264
1970-01-01 00:00:00.000000554,345.0000000000264
1970-01-01 00:00:00.000000555,345.0000000000264
1970-01-01 00:00:00.000000556,345.0000000000264
1970-01-01 00:00:00.000000557,345.0000000000264
1970-01-01 00:00:00.000000558,345.0000000000264
1970-01-01 00:00:00.000000559,345.0000000000264
1970-01-01 00:00:00.000000560,-929.9999999999736
1970-01-01 00:00:00.000000561,-929.9999999999736
1970-01-01 00:00:00.000000562,-929.9999999999736
1970-01-01 00:00:00.000000563,-825.0000000000009
1970-01-01 00:00:00.000000564,-825.0000000000009
1970-01-01 00:00:00.000000565,-825.0000000000009
1970-01-01 00:00:00.000000566,-1679.9999999999736
1970-01-01 00:00:00.000000567,-1679.9999999999736
1970-01-01 00:00:00.000000568,-1679.9999999999736
1970-01-01 00:00:00.000000569,-1679.9999999999736
1970-01-01 00:00:00.000000570,-1679.9999999999736
1970-01-01 00:00:00.000000571,-1679.9999999999736
1970-01-01 00:00:00.000000572,-1679.9999999999736
1970-01-01 00:00:00.000000573,-1679.9999999999736
1970-01-01 00:00:00.000000574,-1679.9999999999736
1970-01-01 00:00:00.000000575,-1679.9999999999736
1970-01-01 00:00:00.000000576,3450.0000000000673
1970-01-01 00:00:00.000000577,3450.0000000000673
1970-01-01 00:00:00.000000578,-1859.9999999999463
1970-01-01 00:00:00.000000579,-1859.9999999999463
1970-01-01 00:00:00.000000580,-4484.999999999946
1970-01-01 00:00:00.000000581,-4484.999999999946
1970-01-01 00:00:00.000000582,-4679.999999999905
1970-01-01 00:00:00.000000583,-4679.999999999905
1970-01-01 00:00:00.000000584,-4679.999999999905
1970-01-01 00:00:00.000000585,-4679.999999999905
1970-01-01 00:00:00.000000586,-4679.999999999905
1970-01-01 00:00:00.000000587,-4679.999999999905
1970-01-01 00:00:00.000000588,-4679.999999999905
1970-01-01 00:00:00.000000589,2790.000000000122
1970-01-01 00:00:00.000000590,2790.000000000122
1970-01-01 00:00:00.000000591,-89.99999999985084
1970-01-01 00:00:00.000000592,-89.99999999985084
1970-01-01 00:00:00.000000593,-89.99999999985084
1970-01-01 00:00:00.000000594,-884.9999999998099
1970-01-01 00:00:00.000000595,-884.9999999998099
1970-01-01 00:00:00.000000596,-884.9999999998099
1970-01-01 00:00:00.000000597,-884.9999999998099
1970-01-01 00:00:00.000000598,-884.9999999998099
1970-01-01 00:00:00.000000599,-884.9999999998099
1970-01-01 00:00:00.000000600,-884.9999999998099
1970-01-01 00:00:00.000000601,-884.9999999998099
1970-01-01 00:00:00.000000602,-884.9999999998099
1970-01-01 00:00:00.000000603,-1574.9999999997963
1970-01-01 00:00:00.000000604,-1574.9999999997963
1970-01-01 00:00:00.000000605,-1574.9999999997963
1970-01-01 00:00:00.000000606,-1574.9999999997963
1970-01-01 00:00:00.000000607,-1574.9999999997963
1970-01-01 00:00:00.000000608,750.0000000002037
1970-01-01 00:00:00.000000609,-1199.9999999997963
1970-01-01 00:00:00.000000610,-1199.9999999997963
1970-01-01 00:00:00.000000611,-1184.9999999997417
1970-01-01 00:00:00.000000612,-2264.9999999997144
1970-01-01 00:00:00.000000613,-2264.9999999997144
1970-01-01 00:00:00.000000614,-2264.9999999997144
1970-01-01 00:00:00.000000615,-2939.9999999997144
1970-01-01 00:00:00.000000616,-2939.9999999997144
